slug,title,letter,url,alt_titles
a-comparison-of-polarised-and-nonpolarised-dermoscopy,A comparison of polarised and nonpolarised dermoscopy,A,https://dermnetnz.org/topics/a-comparison-of-polarised-and-nonpolarised-dermoscopy,
alpha-1-antitrypsin-deficiency-panniculitis,A1AT deficiency panniculitis,A,https://dermnetnz.org/topics/alpha-1-antitrypsin-deficiency-panniculitis,Alpha-1-antitrypsin deficiency panniculitis | Panniculitis of alpha-1 proteinase inhibitor deficiency
alpha-1-antitrypsin-panniculitis-pathology,A1AT deficiency panniculitis pathology,A,https://dermnetnz.org/topics/alpha-1-antitrypsin-panniculitis-pathology,Alpha-1 antitrypsin deficiency panniculitis pathology | Alpha-1-antitrypsin deficiency panniculitis pathology | MIM 613490 pathology
abcdes-of-melanoma,ABCDEFG of melanoma,A,https://dermnetnz.org/topics/abcdes-of-melanoma,Acronyms for aiding diagnosis of melanoma | Acronyms for screening for melanoma
laser-resurfacing,Ablative laser resurfacing,A,https://dermnetnz.org/topics/laser-resurfacing,Facial resurfacing | Laser resurfacing | Non-ablative laser resurfacing
botulinum-toxin,AbobotulinumtoxinA,A,https://dermnetnz.org/topics/botulinum-toxin,Botulinum toxin A | Jeuveau | Nuceiva | OnabotulinumtoxinA
about-melanoma-for-patients,About melanoma: for patients,A,https://dermnetnz.org/topics/about-melanoma-for-patients,
dermabrasion,Abrasion of skin,A,https://dermnetnz.org/topics/dermabrasion,Dermabrasion | Microdermabrasion | Planing of skin | Sandpapering of skin
granular-cell-tumour,Abrikossoff tumour,A,https://dermnetnz.org/topics/granular-cell-tumour,Granular cell myoblastoma | Granular cell tumour
granular-cell-tumour-pathology,Abrikossoff tumour pathology,A,https://dermnetnz.org/topics/granular-cell-tumour-pathology,Granular cell myoblastoma pathology | Granular cell tumour pathology
abrocitinib,Abrocitinib,A,https://dermnetnz.org/topics/abrocitinib,
isotretinoin,Abscoria,A,https://dermnetnz.org/topics/isotretinoin,Accutane | Claravis | Oratane | Roaccutane
adams-oliver-syndrome,Absence defect of limbs scalp and skull,A,https://dermnetnz.org/topics/adams-oliver-syndrome,Adams Oliver syndrome | Adams-Oliver syndrome | Adams–Oliver syndrome | Aplasia cutis congenita with terminal transverse limb defects | Congenital scalp defects with distal limb reduction | Syndromic aplasia cutis congenita | Type 2 aplasia cutis
blackwood,Acacia melanoxylon,A,https://dermnetnz.org/topics/blackwood,Blackwood
epidermolysis-bullosa,Acantholysis bullosa,A,https://dermnetnz.org/topics/epidermolysis-bullosa,Dermatitis bullosa hereditaria | Epidermolysis bullosa | Fox disease | Inherited epidermolysis bullosa | Keratolysis bullosa hereditaria
acanthoma-fissuratum,Acanthoma fissuratum,A,https://dermnetnz.org/topics/acanthoma-fissuratum,Acanthoma fissuratum cutis | Eyeglass frame acanthoma | Granuloma fissuratum | Granuloma fissuratum cutis | Spectacle frame acanthoma | Spectacle frame granuloma
clear-cell-acanthoma,Acanthome à cellules claires,A,https://dermnetnz.org/topics/clear-cell-acanthoma,Clear cell acanthoma | Clear cell acanthoma of Degos | Degos acanthoma
acanthosis-nigricans,Acanthosis nigricans,A,https://dermnetnz.org/topics/acanthosis-nigricans,An | Pseudoacanthosis nigricans
tripe-palms,Acanthosis palmaris,A,https://dermnetnz.org/topics/tripe-palms,Acquired pachydermatoglyphia | Pachydermatoglyphy | Tripe palms
allergy-to-diethylthiourea,Accel EUR allergy,A,https://dermnetnz.org/topics/allergy-to-diethylthiourea,"Allergy to diethylthiourea | Diethylthiourea allergy | N,N′-diethylthiocarbamide allergy | N,N′-diethylthiourea allergy | Nocceler EUR allergy | Pennzone E allergy | Thiate H allergy | U 15030 allergy"
supernumerary-nipple,Accessory nipple,A,https://dermnetnz.org/topics/supernumerary-nipple,Polythelia | Supernumerary nipple
supernumerary-nipple-dermoscopy,Accessory nipple dermoscopy,A,https://dermnetnz.org/topics/supernumerary-nipple-dermoscopy,Congenital accessory nipple dermoscopy | Dermatoscopic features of supernumerary nipple | Extra nipple dermoscopy | Supernumerary nipple dermoscopy
allergic-contact-dermatitis,ACD,A,https://dermnetnz.org/topics/allergic-contact-dermatitis,Allergic contact dermatitis | Contact allergy
allergic-contact-dermatitis-to-glucose-monitoring-devices,ACD to blood sugar monitors,A,https://dermnetnz.org/topics/allergic-contact-dermatitis-to-glucose-monitoring-devices,ACD to glucose monitoring devices | Allergic contact dermatitis to continious blood gluocse monitors | Allergic contact dermatitis to glucose monitoring devices | Dermatitis to blood sugar monitors | Dermatitis to glucose monitoring devices
ace-inhibitor-induced-angioedema,ACE inhibitor-induced angioedema,A,https://dermnetnz.org/topics/ace-inhibitor-induced-angioedema,ACEi-induced angioneurotic oedema | Angioedema caused by angiotensin converting enzyme inhibitor | Angiotensin converting enzyme inhibitor-induced angioedema
anticholinergic-medications,Acetylcholine receptor antagonist,A,https://dermnetnz.org/topics/anticholinergic-medications,Anticholinergic agent | Anticholinergic medication | Anticholinergics | Muscarinic receptor blocker | Parasympatholytic drug
achenbach-syndrome,Achenbach syndrome,A,https://dermnetnz.org/topics/achenbach-syndrome,Acute idiopathic blue finger | Finger apoplexia | Painful blue finger | Paroxysmal finger haematoma | Paroxysmal haematoma of the finger | Paroxysmal hand haematoma
achromic-naevus,Achromic naevus,A,https://dermnetnz.org/topics/achromic-naevus,Naevus depigmentosus | Nonpigmented naevus
leukoderma,Achromoderma,A,https://dermnetnz.org/topics/leukoderma,Leucoderma | Leukoderma
aciclovir,Aciclovir,A,https://dermnetnz.org/topics/aciclovir,Acycloguanosine | Acyclovir | Zovirax
allergy-to-glyceryl-monothioglycolate,Acid permanent wave allergy,A,https://dermnetnz.org/topics/allergy-to-glyceryl-monothioglycolate,Allergy to glyceryl monothioglycolate | C5-H10-O4-S allergy | Glycerol monomercaptoacetate allergy | Glycerol monothioglycolate allergy | Glyceryl thioglycolate allergy | GMGT allergy | Hot permanent wave allergy | Perming solution allergy | Thioglycolate allergy
acitretin,Acitretin,A,https://dermnetnz.org/topics/acitretin,Neotigason | Novatretin | Soriatane
carcinoma-cuniculatum,Ackerman tumour,A,https://dermnetnz.org/topics/carcinoma-cuniculatum,Buschke Lowenstein carcinoma | Carcinoma cuniculatum | Cutis papillomatosis carcinoides of Gottron | Epithelioma cuniculatum | Plantar verrucous carcinoma | Verrucous carcinoma
acne,Acne,A,https://dermnetnz.org/topics/acne,
acne-face-images,Acne affecting the face images,A,https://dermnetnz.org/topics/acne-face-images,Facial acne images
acne-agminata,Acne agminata,A,https://dermnetnz.org/topics/acne-agminata,Acne telangiectoides of Kaposi | Acnitis of Barthelemy | Dsseminated folliculitis | Facial idiopathic granulomas with regressive evolution | Lupus miliaris disseminatus faciei | Tuberculodermas of the face
acne-and-other-follicular-disorders,Acne and other follicular disorders,A,https://dermnetnz.org/topics/acne-and-other-follicular-disorders,
folliculitis-keloidalis,Acne cheloidalis nuchae,A,https://dermnetnz.org/topics/folliculitis-keloidalis,Acne keloidalis | Dermatitis papillaris capilliti | Folliculitis cheloidalis | Folliculitis keloidalis | Folliculitis keloidalis nuchae | Sycosis nuchae
acne-due-to-medicine,Acne due to a medicine,A,https://dermnetnz.org/topics/acne-due-to-medicine,Acneiform drug eruption | Drug-induced acne
rosacea,Acne erythematosa,A,https://dermnetnz.org/topics/rosacea,Acne rosacea | Rosacea
acne-excorie,Acne excorie,A,https://dermnetnz.org/topics/acne-excorie,Acne excoriee | Excoriated acne
acne-fulminans,Acne fulminans,A,https://dermnetnz.org/topics/acne-fulminans,
acne-in-children,Acne in children,A,https://dermnetnz.org/topics/acne-in-children,Juvenile acne
acne-in-pregnancy,Acne in pregnancy,A,https://dermnetnz.org/topics/acne-in-pregnancy,
hidradenitis-suppurativa,Acne inversa,A,https://dermnetnz.org/topics/hidradenitis-suppurativa,Apocrine acne | Apocrinitis | Hidradenitis axillaris | Hidradenitis suppurativa | Suppurative hidradenitis | Verneuil disease
acne-mimics-what-else-could-it-be,Acne mimics: what else could it be?,A,https://dermnetnz.org/topics/acne/acne-mimics-what-else-could-it-be,
comedo-naevus,Acne naevus,A,https://dermnetnz.org/topics/comedo-naevus,Acneiform naevus | Comedo naevus | Comedone naevus | Follicular keratotic naevus | Follicular naevus | Hair follicle naevus | Pilosebaceous naevoid disorder
infantile-acne,Acne neonatorum,A,https://dermnetnz.org/topics/infantile-acne,Childhood acne | Infantile acne | Neonatal acne | Prepubertal acne
acne-scarring,Acne scarring,A,https://dermnetnz.org/topics/acne-scarring,
acne-scars-how-to-get-rid-of-them,Acne scars and how to get rid of them,A,https://dermnetnz.org/topics/acne/acne-scars-how-to-get-rid-of-them,
acne-treatment,Acne treatment,A,https://dermnetnz.org/topics/acne-treatment,Treatment options for acne
acne-urticata,Acne urticata,A,https://dermnetnz.org/topics/acne-urticata,
acne-vulgaris,Acne vulgaris,A,https://dermnetnz.org/topics/acne-vulgaris,
follicular-eruptions-due-to-drugs,Acneiform drug eruptions,A,https://dermnetnz.org/topics/follicular-eruptions-due-to-drugs,Follicular drug eruptions | Follicular eruptions due to drugs | Papulopustular drug eruptions
addison-disease,Acquired adrenocortical insufficiency,A,https://dermnetnz.org/topics/addison-disease,Acquired hypocortisolism | Addison disease | Addison syndrome | Autoimmune adrenalitis | Primary adrenal insufficiency
acquired-blaschkoid-dermatitis,Acquired blaschkoid dermatitis,A,https://dermnetnz.org/topics/acquired-blaschkoid-dermatitis,Blaschkitis | Idiopathic dermatitis along the lines of Blaschko
chronic-mucocutaneous-candidiasis,Acquired chronic mucocutaneous candidiasis,A,https://dermnetnz.org/topics/chronic-mucocutaneous-candidiasis,Chronic mucocutaneous candidiasis | Chronic mucocutaneous candidosis | Familial chronic mucocutaneous candidiasis
cold-urticaria,Acquired cold urticaria,A,https://dermnetnz.org/topics/cold-urticaria,Cold induced angioedema urticaria | Cold urticaria | Idiopathic cold urticaria | Urticaria due to cold
acquired-dermal-macular-hyperpigmentation,Acquired dermal macular hyperpigmentation,A,https://dermnetnz.org/topics/acquired-dermal-macular-hyperpigmentation,Acquired macular hyperpigmentation disorders | Acquired macular pigmentation of unknown aetiology
acquired-elastotic-haemangioma-pathology,Acquired elastotic haemangioma pathology,A,https://dermnetnz.org/topics/acquired-elastotic-haemangioma-pathology,
epidermolysis-bullosa-acquisita,Acquired epidermolysis bullosa,A,https://dermnetnz.org/topics/epidermolysis-bullosa-acquisita,EBA | Epidermolysis bullosa acquisita
hypertrichosis,Acquired hypertrichosis,A,https://dermnetnz.org/topics/hypertrichosis,Congenital hypertrichosis | Excessive hair | Excessive hairiness | Generalised hypertrichosis | Hypertrichiasis | Localised hypertrichosis | Polytrichia
acquired-hypertrichosis-lanuginosa,Acquired hypertrichosis lanuginosa,A,https://dermnetnz.org/topics/acquired-hypertrichosis-lanuginosa,Hypertrichosis lanuginosa acquisita | Malignant down | Paraneoplastic hypertrichosis lanuginosa
common-variable-immunodeficiency,Acquired hypogammaglobulinemia,A,https://dermnetnz.org/topics/common-variable-immunodeficiency,Common variable agammaglobulinaemia | Common variable hypogammaglobulinaemia | Common variable immunodeficiency | CVAG
acquired-keratoderma,Acquired keratoderma,A,https://dermnetnz.org/topics/acquired-keratoderma,Acquired palmoplantar keratoderma | Keratoderma of palms and soles
acquired-lymphangiectasia,Acquired lymphangiectases,A,https://dermnetnz.org/topics/acquired-lymphangiectasia,Acquired lymphangiectasia
postinflammatory-hyperpigmentation,Acquired melanosis,A,https://dermnetnz.org/topics/postinflammatory-hyperpigmentation,Postinflammatory hyperpigmentation | Postinflammatory melanosis
mid-dermal-elastolysis,Acquired mid-dermal elastolysis,A,https://dermnetnz.org/topics/mid-dermal-elastolysis,Idiopathic mid-dermal elastolysis | Mid-dermal elastolysis
venous-lake,Acquired venous haemangioma,A,https://dermnetnz.org/topics/venous-lake,Senile haemangioma of lip | Venous lake
hand-foot-syndrome,Acral erythema due to cytotoxic therapy,A,https://dermnetnz.org/topics/hand-foot-syndrome,Chemotherapy-induced acral erythema | Erythrodysaesthesia syndrome | Hand foot syndrome | Hand-foot syndrome | Palmar-plantar dysaesthesia | Palmoplantar acral dysaestheia due to cytotoxic therapy | Palmoplantar erythema | Toxic erythema of palms and soles
acral-lentiginous-melanoma,Acral lentiginous melanoma,A,https://dermnetnz.org/topics/acral-lentiginous-melanoma,Acral melanoma | ALM
acral-lentiginous-melanoma-dermoscopy,Acral lentiginous melanoma dermoscopy,A,https://dermnetnz.org/topics/acral-lentiginous-melanoma-dermoscopy,Acrolentiginous melanoma dermoscopy
acral-persistent-papular-mucinosis,Acral persistent papular mucinosis,A,https://dermnetnz.org/topics/acral-persistent-papular-mucinosis,
plack-syndrome,Acral punctate keratosis,A,https://dermnetnz.org/topics/plack-syndrome,Knuckle pads | Leukonychia | PLACK syndrome
crouzon-syndrome,Acrocephalosyndactyly type II,A,https://dermnetnz.org/topics/crouzon-syndrome,Apert Crouzon syndrome | Craniofacial dysostosis | Craniostenosis | Crouzon dermoskeletal syndrome | Crouzon disease | Trigorhinophalangeal dysplasia | Vogt cephalosyndactyly
skin-tag,Acrochordon,A,https://dermnetnz.org/topics/skin-tag,Cutaneous tag | Fibroepithelial papilloma | Fibroepithelial polyp | Skin tag | Soft fibroma | Soft papilloma
acrocyanosis,Acrocyanosis,A,https://dermnetnz.org/topics/acrocyanosis,
acrodermatitis-chronica-atrophicans,Acrodermatitis chronica atrophicans,A,https://dermnetnz.org/topics/acrodermatitis-chronica-atrophicans,Dermatitis atrophicans | Dermatitis atrophicans chronica | Dermatitis chronica atrophicans | Late cutaneous Lyme borreliosis
acrodermatitis-continua-of-hallopeau,Acrodermatitis continua of Hallopeau,A,https://dermnetnz.org/topics/acrodermatitis-continua-of-hallopeau,Acrodermatitis perstans | Acropustulosis | Acropustulosis of Hallopeau | Dermatitis repens
acrodermatitis-enteropathica,Acrodermatitis enteropathica,A,https://dermnetnz.org/topics/acrodermatitis-enteropathica,Brandt syndrome | Danbolt Closs syndrome | Primary zinc deficiency | Primary zinc malabsorption syndrome
acrodermatitis-enteropathica-like-conditions,Acrodermatitis enteropathica-like conditions,A,https://dermnetnz.org/topics/acrodermatitis-enteropathica-like-conditions,Acrodermatitis enteropathica-like eruptions
papular-acrodermatitis-of-childhood,Acrodermatitis of childhood,A,https://dermnetnz.org/topics/papular-acrodermatitis-of-childhood,Acrodermatitis papulosa of childhood | Acrovesicular dermatitis | Gianotti-Crosti syndrome | Infantile papular acrodermatitis | Papular acrodermatitis of childhood
acrodynia,Acrodynia,A,https://dermnetnz.org/topics/acrodynia,Erythredema polyneuropathy | Pink disease
acrokeratoelastoidosis,Acrokeratoelastoidosis,A,https://dermnetnz.org/topics/acrokeratoelastoidosis,Costa acrokeratoelastoidosis | Marginal keratoderma of palms
acrokeratosis-verruciformis-of-hopf,Acrokeratosis Hopf,A,https://dermnetnz.org/topics/acrokeratosis-verruciformis-of-hopf,Acrokeratosis of Hopf | Acrokeratosis verruciformis of Hopf
acrokeratosis-neoplastica,Acrokeratosis neoplastica,A,https://dermnetnz.org/topics/acrokeratosis-neoplastica,Acrokeratosis paraneoplastica of Bazex | Bazex syndrome | Paraneoplastic acrokeratosis
acromegaly,Acromegalia,A,https://dermnetnz.org/topics/acromegaly,Acromegaly | Anterior pituitary adenoma syndrome | Marie disease
acropustulosis-of-infancy,Acropustulosis of infancy,A,https://dermnetnz.org/topics/acropustulosis-of-infancy,Infantile acropustulosis
allergy-to-acrylate,Acrylate allergy,A,https://dermnetnz.org/topics/allergy-to-acrylate,Allergy to acrylates
actinic-cheilitis,Actinic cheilitis,A,https://dermnetnz.org/topics/actinic-cheilitis,Actinic cheilitis with histological atypia | Actinic cheilosis | Solar cheilitis
elastolytic-giant-cell-granuloma,Actinic elastosis,A,https://dermnetnz.org/topics/elastolytic-giant-cell-granuloma,Annular elastolytic giant cell granuloma | Elastolytic giant cell granuloma | Giant cell elastophagocytosis | Meischer granuloma of the face | O'Brien granuloma
solar-elastosis,Actinic elastosis,A,https://dermnetnz.org/topics/solar-elastosis,Elastosis senilis | Solar elastosis
annular-elastolytic-giant-cell-granuloma-pathology,Actinic granuolma pathology,A,https://dermnetnz.org/topics/annular-elastolytic-giant-cell-granuloma-pathology,Annular elastolytic giant cell granuloma pathology
actinic-keratosis,Actinic keratosis,A,https://dermnetnz.org/topics/actinic-keratosis,Solar keratosis
actinic-keratosis-dermoscopy,Actinic keratosis dermoscopy,A,https://dermnetnz.org/topics/actinic-keratosis-dermoscopy,Solar keratosis dermoscopy
actinic-prurigo,Actinic prurigo,A,https://dermnetnz.org/topics/actinic-prurigo,
senile-purpura,Actinic purpura,A,https://dermnetnz.org/topics/senile-purpura,Bateman purpura | Purpura senilis | Senile purpura | Solar purpura
chronic-actinic-dermatitis,Actinic reticuloid,A,https://dermnetnz.org/topics/chronic-actinic-dermatitis,CAD | Chronic actinic dermatitis | Chronic photosensitivity dermatitis
kiwifruit,Actinidia chimensis,A,https://dermnetnz.org/topics/kiwifruit,
mycetoma,Actinomycetoma,A,https://dermnetnz.org/topics/mycetoma,Eumycetoma | Madura foot | Madura mycosis | Mycetoma | Pie de Madura
actinomycosis,Actinomycosis,A,https://dermnetnz.org/topics/actinomycosis,Actinomycotic infection
botryomycosis-pyoderma-vegetans,Actinophytosis,A,https://dermnetnz.org/topics/botryomycosis-pyoderma-vegetans,Bacterial pseudomycosis | Cutaneous botryomycosis
botryomycosis-pathology,Actinophytosis pathology,A,https://dermnetnz.org/topics/botryomycosis-pathology,Bacterial pseudomycosis pathology | Botryomycosis pathology | Cutaneous botryomycosis pathology
phototherapy,Actinotherapy,A,https://dermnetnz.org/topics/phototherapy,Light therapy | Phototherapy
acupuncture-and-its-role-in-treating-skin-disease,Acupuncture and its role in treating skin disease,A,https://dermnetnz.org/topics/acupuncture-and-its-role-in-treating-skin-disease,Use of acupuncture in dermatology
necrotising-fasciitis,Acute dermal gangrene,A,https://dermnetnz.org/topics/necrotising-fasciitis,Flesh eating disease | Haemolytic streptoccal gangrene | Hospital gangrene | Necrotising fasciitis | Suppurative fasciitis
kawasaki-disease,Acute febrile mucocutaneous lymph node syndrome,A,https://dermnetnz.org/topics/kawasaki-disease,Kawasaki disease | Kawasaki mucocutaneous lymph node syndrome | Kawasaki syndrome | Mucocutaneous lymph node syndrome
acute-febrile-neutrophilic-dermatosis,Acute febrile neutrophilic dermatosis (Sweet syndrome),A,https://dermnetnz.org/topics/acute-febrile-neutrophilic-dermatosis,Sweet disease
acute-generalised-exanthematous-pustulosis,Acute generalised exanthematous pustulosis,A,https://dermnetnz.org/topics/acute-generalised-exanthematous-pustulosis,AGEP | Drug induced toxic pustuloderma | Pustular drug eruption
acute-generalised-exanthematous-pustulosis-pathology,Acute generalised exanthematous pustulosis pathology,A,https://dermnetnz.org/topics/acute-generalised-exanthematous-pustulosis-pathology,AGEP pathology
generalised-pustular-psoriasis,Acute generalised pustular psoriasis of von Zumbusch,A,https://dermnetnz.org/topics/generalised-pustular-psoriasis,Generalised pustular psoriasis
graft-versus-host-disease,Acute graft versus host disease,A,https://dermnetnz.org/topics/graft-versus-host-disease,Chronic graft versus host disease | Graft versus host disease
acute-haemorrhagic-oedema-of-infancy,Acute haemorrhagic oedema of infancy,A,https://dermnetnz.org/topics/acute-haemorrhagic-oedema-of-infancy,Acute hemorrhagic edema of infancy | Finkelstein disease | Infantile Henoch-Schönlein purpura | Infantile postinfectious iris like purpura and oedema | Purpura en cocarde avec oedema | Seidlmayer syndrome | Urticarial vasculitis of infancy
acute-hair-matting,Acute hair matting,A,https://dermnetnz.org/topics/acute-hair-matting,Birds nest hair | Felted hair | Hair matting | Matted hair | Plica neuropathica | Plica polonica
acute-hepatic-porphyrias,Acute hepatic porphyrias,A,https://dermnetnz.org/topics/acute-hepatic-porphyrias,
acute-human-immunodeficiency-virus-infection-syndrome,Acute HIV,A,https://dermnetnz.org/topics/acute-human-immunodeficiency-virus-infection-syndrome,Acute human immunodeficiency virus infection syndrome | Acute retroviral syndrome
acute-inflammatory-oedema,Acute inflammatory edema,A,https://dermnetnz.org/topics/acute-inflammatory-oedema,Acute inflammatory oedema | Erythema of oedema | Inflammatory edema | Inflammatory oedema | Inflammatory oedema of the intensive care unit (ICU)
acute-localised-exanthematous-pustulosis,Acute localised exanthematous pustulosis,A,https://dermnetnz.org/topics/acute-localised-exanthematous-pustulosis,Localised pustular drug eruption | Localised toxic pustuloderma
cutaneous-toxicity-from-fish-ingestion,Acute mercury poisoning from fish,A,https://dermnetnz.org/topics/cutaneous-toxicity-from-fish-ingestion,Acute vitamin A poisoning from fish | Cutaneous toxicity from fish ingestion
dyshidrotic-eczema,Acute palmoplantar eczeama,A,https://dermnetnz.org/topics/dyshidrotic-eczema,Dyshidrotic eczema (pompholyx) | Dyshidrotic hand eczema | Vesicular endogenous hand eczema | Vesicular hand dermatitis
pityriasis-lichenoides-et-varioliformis-acuta-pathology,Acute pityriasis lichenoides pathology,A,https://dermnetnz.org/topics/pityriasis-lichenoides-et-varioliformis-acuta-pathology,Pityriasis lichenoides et varioliformis acuta pathology | PLEVA pathology
acute-urticaria,Acute urticaria,A,https://dermnetnz.org/topics/acute-urticaria,
dapsone,Aczone,A,https://dermnetnz.org/topics/dapsone,Avlosulfon | Dapsone | Diaphenylsulfone
adalimumab-for-psoriasis,Adalimumab for psoriasis,A,https://dermnetnz.org/topics/adalimumab-for-psoriasis,HUMIRA®
behcet-disease,Adamantiades Behcet disease,A,https://dermnetnz.org/topics/behcet-disease,Behcet disease | Behçet disease | Malignant aphthosis
autonomic-denervation-dermatitis,ADD,A,https://dermnetnz.org/topics/autonomic-denervation-dermatitis,Autonomic denervation dermatitis
adenoid-cystic-carcinoma-pathology,Adenocarcinoma cylindroid,A,https://dermnetnz.org/topics/adenoid-cystic-carcinoma-pathology,Adenocystic carcinoma | Adenoid cystic carcinoma pathology
cutaneous-adenoid-cystic-carcinoma,Adenoid cystic eccrine carcinoma of skin,A,https://dermnetnz.org/topics/cutaneous-adenoid-cystic-carcinoma,Cutaneous adenoid cystic carcinoma | PCAC | Primary cutaneous adenocystic carcinoma
tuberous-sclerosis,Adenoma sebaceum syndrome,A,https://dermnetnz.org/topics/tuberous-sclerosis,Bourneville disease | Epiloia
contact-reactions-to-lanolin,Adeps lanae anhydrous allergy,A,https://dermnetnz.org/topics/contact-reactions-to-lanolin,Aloholes lanae allergy | Amerchol allergy | Anhydrous lanolin allergy | Contact reactions to lanolin | Lanolin alcohol allergy | Lanolin allergic contact dermatitis | Lanolin allergy | Wool alcohol allergy | Wool fat allergy | Wool grease allergy | Wool wax allergy
topical-skin-adhesives,Adhesives for wound closure,A,https://dermnetnz.org/topics/topical-skin-adhesives,Cyanoacrylate skin glue | Topical skin adhesives
obesity-and-the-skin,Adiposis and the skin,A,https://dermnetnz.org/topics/obesity-and-the-skin,Adiposity and the skin | Obesity and the skin | Skin changes associated with obesity
dercum-disease,Adiposis dolorosa,A,https://dermnetnz.org/topics/dercum-disease,Dercum disease | Lipomatosis dolorosa | Neurolipomatosis
adjuvant-therapies-for-melanoma,Adjuvant therapies for melanoma,A,https://dermnetnz.org/topics/adjuvant-therapies-for-melanoma,Therapies for high risk melanoma
adnexal-tumour,Adnexal tumour,A,https://dermnetnz.org/topics/adnexal-tumour,Skin appendage adenoma | Skin appendage tumour
skin-changes-at-puberty,Adolescence and the skin,A,https://dermnetnz.org/topics/skin-changes-at-puberty,Skin changes at puberty
phaeochromocytoma,Adrenal medullary paraganglioma,A,https://dermnetnz.org/topics/phaeochromocytoma,Chromaffin paraganglioma | Phaeochromocytoma
adult-acne,Adult acne,A,https://dermnetnz.org/topics/adult-acne,
adult-onset-dermatomyositis,Adult-onset dermatomyositis,A,https://dermnetnz.org/topics/adult-onset-dermatomyositis,Dermatopolymyositis in adults | Polymyositis with skin involvement in adults | Wagner-Unverricht syndrome in adults
adult-onset-still-disease,Adult-onset Still disease,A,https://dermnetnz.org/topics/adult-onset-still-disease,
new-zealand-training-programme-for-specialist-dermatologists,Advanced trainee curriculum,A,https://dermnetnz.org/topics/new-zealand-training-programme-for-specialist-dermatologists,New Zealand training programme for specialist dermatologists
drug-eruptions,Adverse cutaneous reaction to drug,A,https://dermnetnz.org/topics/drug-eruptions,Adverse cutaneous reaction to medicine | Cutaneous drug reaction | Dermatitis medicamentosa | Drug rash | Drug-induced rash
adverse-cutaneous-reactions-to-drugs,Adverse cutaneous reactions to drugs,A,https://dermnetnz.org/topics/adverse-cutaneous-reactions-to-drugs,
adverse-cutaneous-reactions-to-psychotropic-drugs,Adverse cutaneous reactions to psychotropic drugs,A,https://dermnetnz.org/topics/adverse-cutaneous-reactions-to-psychotropic-drugs,
adverse-cutaneous-reactions-to-vaccines,Adverse cutaneous reactions to vaccines,A,https://dermnetnz.org/topics/adverse-cutaneous-reactions-to-vaccines,Immunisation reactions
prophylaxis-systemic-steroid,Adverse effects from systemic steroids in dermatology patients: prevention and management,A,https://dermnetnz.org/topics/prophylaxis-systemic-steroid,Prophylactic treatment for dermatology patients on a systemic corticosteroid
skin-toxicity-of-chemotherapy-drugs,Adverse skin reactions to cytotoxic medications,A,https://dermnetnz.org/topics/skin-toxicity-of-chemotherapy-drugs,Dermatoses from chemotherapy | Skin reactions to antineoplastic medications | Skin toxicity of chemotherapy drugs
aeroallergens,Aeroallergens and the skin,A,https://dermnetnz.org/topics/aeroallergens,Airborne allergens
aerobic-vaginitis,Aerobic vaginitis,A,https://dermnetnz.org/topics/aerobic-vaginitis,
aeromonas-skin-infection,Aeromonas hydrophila,A,https://dermnetnz.org/topics/aeromonas-skin-infection,Aeromonas skin infection
horse-chestnut-extract,Aescin,A,https://dermnetnz.org/topics/horse-chestnut-extract,Horse chestnut extract
horse-chestnut,Aesculus hippocastanum,A,https://dermnetnz.org/topics/horse-chestnut,
afamelanotide,Afamelanotide,A,https://dermnetnz.org/topics/afamelanotide,Alpha melanocyte stimulating hormone analogue
kaposi-sarcoma,African Kaposi sarcoma,A,https://dermnetnz.org/topics/kaposi-sarcoma,Classic Kaposi sarcoma | Endemic Kaposi sarcoma | HIV-associated Kaposi sarcoma | Iatrogenic Kaposi sarcoma | Kaposi sarcoma
african-trypanosomiasis,African trypanosomiasis,A,https://dermnetnz.org/topics/african-trypanosomiasis,
site-and-age-specific-skin-problems,Age specific diseases of the skin,A,https://dermnetnz.org/topics/site-and-age-specific-skin-problems,Site and age specific skin problems | Site specific diseases of the skin
digeorge-syndrome,Agenesis of the parathyroid and thymus glands,A,https://dermnetnz.org/topics/digeorge-syndrome,Branchial arch syndrome | CATCH22 | Cayler cardiofacial syndrome | Conotruncal anomaly face syndrome | DiGeorge anomaly | Pharyngeal pouch syndrome | Sedlackova syndrome | Takao syndrome | Third and fourth pharyngeal arch syndrome | Third and fourth pharyngeal pouch syndrome | Thymic hypoplasia syndrome | Thymic parathyroid aplasia | Velocardiofacial syndrome
aggressive-digital-papillary-adenocarcinoma-pathology,Aggressive digital papillary adenocarcinoma pathology,A,https://dermnetnz.org/topics/aggressive-digital-papillary-adenocarcinoma-pathology,Aggressive digital papillary adenoma pathology | Papillary adenocarcinoma pathology | Papillary adenoma pathology
desmoid-tumours,Aggressive fibromatosis,A,https://dermnetnz.org/topics/desmoid-tumours,Deep fibromatosis | Desmoid fibromatosis | Desmoid type fibromatosis
microcystic-adnexal-carcinoma,Aggressive trichofolliculoma,A,https://dermnetnz.org/topics/microcystic-adnexal-carcinoma,Combined adnexal tumour of the skin | MAC | Microcystic adnexal carcinoma | Sclerosing sweat duct carcinoma | Sweat gland carcinoma with syringomatous features | Syringoid eccrine carcinoma | Syringomatous carcinoma
alpha-hydroxy-acid-facial-treatments,AHA treatment,A,https://dermnetnz.org/topics/alpha-hydroxy-acid-facial-treatments,Alpha hydroxy acid facial treatments | Fruit acid facial treatments | Glycolic acid peel | Lactic acid treatment
artificial-intelligence,AI use in dermatology,A,https://dermnetnz.org/topics/artificial-intelligence,Artificial intelligence in dermatology | Computer assisted device | Machine learning
ainhum,Ainhum,A,https://dermnetnz.org/topics/ainhum,Dactylolysis spontanea
airborne-contact-dermatitis,Airborne contact dermatitis,A,https://dermnetnz.org/topics/airborne-contact-dermatitis,Contact dermatitis to airborne particles
systemic-amyloidosis,AL amyloidosis,A,https://dermnetnz.org/topics/systemic-amyloidosis,Cutaneous features of systemic amyloidosis | Systemic amyloidosis | Systemic amyloidosis affecting skin
albinism,Albinism,A,https://dermnetnz.org/topics/albinism,Albinismus
hermansky-pudlak-syndrome,Albinism with haemorrhagic diathesis,A,https://dermnetnz.org/topics/hermansky-pudlak-syndrome,Alpha storage pool disease | Delta storage pool disease | Hermansky-Pudlak syndrome
mccune-albright-syndrome,Albright syndrome,A,https://dermnetnz.org/topics/mccune-albright-syndrome,McCune Albright syndrome | McCune-Albright syndrome | McCune–Albright syndrome
allergy-to-topical-corticosteroid,Alclomethasone-17,A,https://dermnetnz.org/topics/allergy-to-topical-corticosteroid,Allergy to topical corticosteroid | Betamethasone-12-valerate allergy | Budesonide allergy | Clobetasol-17-propionate allergy | Dexamethasone-21-phosphate disodium salt allergy | Hydrocortisone-17-butyrate allergy | Tiamcinolone acetonide allergy | Tixocortol-21-pivalate allergy | Topical corticosteroid allergy
pudendal-nerve-entrapment-syndrome,Alcock syndrome,A,https://dermnetnz.org/topics/pudendal-nerve-entrapment-syndrome,Pudendal nerve entrapment syndrome | S2 nerve entrapment
alcohol-infographic,Alcohol infographic,A,https://dermnetnz.org/topics/alcohol-infographic,Ethanol
cutaneous-adverse-effects-of-alcohol,Alcohol use and skin diseases,A,https://dermnetnz.org/topics/cutaneous-adverse-effects-of-alcohol,Cutaneous adverse effects of alcohol
imiquimod,Aldara,A,https://dermnetnz.org/topics/imiquimod,Zyclara
wiskott-aldrich-syndrome,Aldrich syndrome,A,https://dermnetnz.org/topics/wiskott-aldrich-syndrome,"Eczema-thrombocytopenia-immunodeficiency syndrome | Eczema, thrombocytopenia, immunodeficiency syndrome | Immunodeficiency with thrombocytopenia and eczema | WAS1 | Wiskott-Aldrich syndrome"
alefacept,Alefacept,A,https://dermnetnz.org/topics/alefacept,
alexandrite-laser-treatment,Alexandrite laser treatment,A,https://dermnetnz.org/topics/alexandrite-laser-treatment,
alezzandrini-syndrome,Alezzandrini syndrome,A,https://dermnetnz.org/topics/alezzandrini-syndrome,
alitretinoin,Alitretinoin,A,https://dermnetnz.org/topics/alitretinoin,
garlic,Alium sativum,A,https://dermnetnz.org/topics/garlic,Garlic
alkaptonuria-and-ochronosis,Alkaptonuria and ochronosis,A,https://dermnetnz.org/topics/alkaptonuria-and-ochronosis,Homogentisic acid oxidase deficiency
allergic-conjunctivitis,Allergic conjunctivitis,A,https://dermnetnz.org/topics/allergic-conjunctivitis,
eyelid-contact-dermatitis,Allergic contact blepharitis,A,https://dermnetnz.org/topics/eyelid-contact-dermatitis,Allergic dermatitis of eyelid | Contact dermatitis of eyelid | Eyelid contact dermatitis | Irritant contact dermatitis of the eyelid
allergic-contact-cheilitis,Allergic contact cheilitis,A,https://dermnetnz.org/topics/allergic-contact-cheilitis,
contact-cheilitis-and-other-reactions-involving-the-lips-of-musicians,Allergic contact cheilitis to musical instrument,A,https://dermnetnz.org/topics/contact-cheilitis-and-other-reactions-involving-the-lips-of-musicians,Cane reed allergy | Clarinetist cheilitis | Contact cheilitis and other reactions involving the lips of musicians | Flautist chin
contact-allergy-to-octyl-glucoside,Allergic contact dermatitis,A,https://dermnetnz.org/topics/contact-allergy-to-octyl-glucoside,Contact allergy to octyl glucoside | Surfactant allergy
contact-allergic-dermatitis-of-the-face-images,Allergic contact dermatitis affecting the face images,A,https://dermnetnz.org/topics/contact-allergic-dermatitis-of-the-face-images,Contact allergic dermatitis of the face images
contact-allergy-to-cocamidopropyl-betaine,Allergic contact dermatitis by hairdressing product,A,https://dermnetnz.org/topics/contact-allergy-to-cocamidopropyl-betaine,Allergic contact dermatitis caused by cosmetic | Contact allergic dermatitis to Cocoyl amide propylbetaine | Contact allergy to cocamidopropyl betaine
contact-allergy-to-bufexamac,Allergic contact dermatitis due to topical bufexamac,A,https://dermnetnz.org/topics/contact-allergy-to-bufexamac,Contact allergy to bufexamac
allergic-contact-dermatitis-in-children,Allergic contact dermatitis in children,A,https://dermnetnz.org/topics/allergic-contact-dermatitis-in-children,Childhood ACD
contact-allergic-dermatitis-of-the-hand-images,Allergic contact dermatitis of the hands images,A,https://dermnetnz.org/topics/contact-allergic-dermatitis-of-the-hand-images,Contact allergic dermatitis of the hand images
contact-allergic-dermatitis-of-the-arm-and-leg-images,Allergic contact dermatitis of the limbs images,A,https://dermnetnz.org/topics/contact-allergic-dermatitis-of-the-arm-and-leg-images,Contact allergic dermatitis of the arm and leg images
contact-allergic-dermatitis-of-the-torso-images,Allergic contact dermatitis of the trunk images,A,https://dermnetnz.org/topics/contact-allergic-dermatitis-of-the-torso-images,Contact allergic dermatitis of the torso images
shoe-contact-dermatitis,Allergic contact dermatitis on feet,A,https://dermnetnz.org/topics/shoe-contact-dermatitis,Footwear contact dermatitis | Shoe contact dermatitis
contact-allergy-to-benzisothiazolinone,Allergic contact dermatitis to benzisothiazolinone,A,https://dermnetnz.org/topics/contact-allergy-to-benzisothiazolinone,"Benzisothiazolinone allergy | Contact allergy to 1,2-Benzisothiazolin-3-one | Contact allergy to benzisothiazolinone | Isothiazolinone allergy"
allergic-contact-dermatitis-to-essential-oils,Allergic contact dermatitis to essential oils,A,https://dermnetnz.org/topics/allergic-contact-dermatitis-to-essential-oils,Contact dermatitis to volatile oils
fragrance-allergy,Allergic contact dermatitis to fragrance,A,https://dermnetnz.org/topics/fragrance-allergy,Fragrance allergy
contact-allergy-to-gold,Allergic contact dermatitis to gold,A,https://dermnetnz.org/topics/contact-allergy-to-gold,Contact allergy to gold
allergic-contact-dermatitis-to-isocyanate,Allergic contact dermatitis to isocyanate,A,https://dermnetnz.org/topics/allergic-contact-dermatitis-to-isocyanate,
methylisothiazolinone-allergy,Allergic contact dermatitis to methylisothiazolinone,A,https://dermnetnz.org/topics/methylisothiazolinone-allergy,Kathon | Methylisothiazolinone allergy
nickel-allergy,Allergic contact dermatitis to nickel,A,https://dermnetnz.org/topics/nickel-allergy,Nickel allergy
contact-allergy-to-propylene-glycol,Allergic contact dermatitis to propylene glycol,A,https://dermnetnz.org/topics/contact-allergy-to-propylene-glycol,"Allergy to propylene glycol | Contact allergy to 1,2-dihydroxypropane | Contact allergy to 1,2-propanediol | Contact allergy to 1,2-propylene glycol | Contact allergy to propane-1,2-diol | Contact allergy to propylene glycol | Dermatitis to propylene glycol"
semen-contact-allergy,Allergic contact dermatitis to seminal fluid,A,https://dermnetnz.org/topics/semen-contact-allergy,Human seminal plasma allergy | Semen contact allergy | Seminal fluid hypersensitivity | Seminal plasma hypersensitivity
contact-allergy-to-shellac,Allergic contact dermatitis to shellac,A,https://dermnetnz.org/topics/contact-allergy-to-shellac,Candy glaze | Contact allergy to lac resin | Contact allergy to Schellack | Contact allergy to shellac | Contact dermatitis to shellac | Shellac allergy
contact-allergy-to-sulphites,Allergic contact dermatitis to sodium metabisulfite,A,https://dermnetnz.org/topics/contact-allergy-to-sulphites,Allergic contact dermatitis to sodium metabisulphite | Allergic contact dermatitis to sulfites | Allergic contact dermatitis to sulphites | Allergy to sulfites | Allergy to sulphites | Contact allergy to sodium metabisulfite | Contact allergy to sulfites | Contact allergy to sulphites | Sulfite allergy | Sulphite allergy
textile-dye-allergy,Allergic contact dermatitis to textile dyes,A,https://dermnetnz.org/topics/textile-dye-allergy,Textile dye allergy
contact-allergy-to-preservatives,Allergic contact dermatitis to topical biocides,A,https://dermnetnz.org/topics/contact-allergy-to-preservatives,Allergic contact dermatitis to topical disinfectants | Contact allergy to preservatives
contact-stomatitis,Allergic contact stomatitis,A,https://dermnetnz.org/topics/contact-stomatitis,Contact stomatitis | Stomatitis venenata
contact-urticaria,Allergic contact urticaria,A,https://dermnetnz.org/topics/contact-urticaria,Contact urticaria | Non-immunological contact urticaria | Occupational contact urticaria
eosinophilic-granulomatosis-with-polyangiitis,Allergic granulomatosis,A,https://dermnetnz.org/topics/eosinophilic-granulomatosis-with-polyangiitis,Allergic granulomatosis angiitis | Churg Strauss syndrome | Eosinophilic granulomatosis with polyangiitis
eosinophilic-granulomatosis-with-polyangiitis-pathology,Allergic granulomatosis pathology,A,https://dermnetnz.org/topics/eosinophilic-granulomatosis-with-polyangiitis-pathology,Churg-Strauss syndrome pathology | Granulomatosis with polyangiitis pathology
cronkhite-canada-syndrome,Allergic granulomatous angiitis of Cronkhite Canada,A,https://dermnetnz.org/topics/cronkhite-canada-syndrome,Canada Cronkhite syndrome | Cronkhite Canada polyposis | Cronkhite–Canada syndrome | Gastrointestinal multiple polyposis syndrome | Gastrointestinal polyposis and ectodermal changes
allergies-explained,Allergic or hypersensitivity conditions,A,https://dermnetnz.org/topics/allergies-explained,Allergies explained | Allergy - general information | Hypersensitivity reaction
henoch-schoenlein-purpura,Allergic purpura,A,https://dermnetnz.org/topics/henoch-schoenlein-purpura,Anaphylactoid purpura | Henoch Schönlein purpura | Henoch-Schönlein purpura | Henoch–Schönlein purpura | Immunoglobulin-A vasculitis
dermatophytide-reactions,Allergy sensitivity to fungi syndrome,A,https://dermnetnz.org/topics/dermatophytide-reactions,Dermatophytid | Dermatophytide reactions | Eruption due to tinea
allergy-to-ammonium-persulfate,Allergy to ammonium persulfate,A,https://dermnetnz.org/topics/allergy-to-ammonium-persulfate,Ammonium persulfate allergy
allergy-to-avobenzone,Allergy to avobenzone,A,https://dermnetnz.org/topics/allergy-to-avobenzone,Avobenzone allergy | Butyl methoxydibenzoylmethane allergy | Parsol 1789 allergy
allergy-to-bacitracin,Allergy to bacitracin,A,https://dermnetnz.org/topics/allergy-to-bacitracin,Bacitracin allergy
allergy-to-bemotrizinol,Allergy to bemotrizinol,A,https://dermnetnz.org/topics/allergy-to-bemotrizinol,Bemotrizinol allergy | Bis-ethylhexyloxyphenol methoxyphenyl triazine allergy | Escalol S allergy | Tinosorb S allergy
allergy-to-benzocaine,Allergy to benzocaine,A,https://dermnetnz.org/topics/allergy-to-benzocaine,Benzocaine allergy | C9H11NO2 allergy | Ethyl 4-aminobenzoate allergy | Ethyl aminobenzoate allergy | P-aminobenzoic acid ethyl ester allergy
allergy-to-benzophenone,Allergy to benzophenone,A,https://dermnetnz.org/topics/allergy-to-benzophenone,Benzophenone allergy | Benzoylbenzene allergy | C13H10O allergy | Diphenyl ketone allergy | Diphenyl methanone allergy | Phenyl ketone allergy
allergy-to-bisoctrizole,Allergy to bisoctrizole,A,https://dermnetnz.org/topics/allergy-to-bisoctrizole,Bisoctrizole allergy | Methylene bis-benzotriazolyl tetramethylbutylphenol allergy | Tinosorb M allergy
allergy-to-cinnamate,Allergy to cinnamate,A,https://dermnetnz.org/topics/allergy-to-cinnamate,Cinnamate allergy | Cinoxate allergy | Isobutyl salicyl cinnamate allergy | Octinoxate allergy | Octocrylen eallergy | Octocrylene allergy | Octyl methoxycinnamate allergy
allergy-to-clioquinol,Allergy to clioquinol,A,https://dermnetnz.org/topics/allergy-to-clioquinol,Chloroiodoquine allergy | Clioquinol allergy | Iodochlorhydroxyquin allergy | Iodochlorohydroxyquinoline allergy | Iodochloroxyquinoline allergy | Vioform allergy
allergy-to-cobalt,Allergy to cobalt,A,https://dermnetnz.org/topics/allergy-to-cobalt,Co allergy | Cobalt (II) chloride-hexahydrate allergy | Cobalt allergy | Cobalt blue allergy | Cobalt dichloride allergy | Cobaltous chloride hexahydrate allergy | Contact allergy to cobalt
allergy-to-dimethyl-fumarate,Allergy to dimethyl fumarate,A,https://dermnetnz.org/topics/allergy-to-dimethyl-fumarate,Allomaleic acid dimethyl ester allergy | C6H8O4 allergy | Dimethyl (E)-butenedioate allergy | Dimethyl ester allergy | DMF allergy | Fumaric acid allergy | Methyl fumarate allergy | Sofa dermatitis
allergy-to-ecamsule,Allergy to ecamsule,A,https://dermnetnz.org/topics/allergy-to-ecamsule,C28H34O8 S2 allergy | Mexoryl SX allergy | Terephthalylidene dicamphor sulfonic acid allergy
allergy-to-ensulizole,Allergy to ensulizole,A,https://dermnetnz.org/topics/allergy-to-ensulizole,C13H10N2O3S allergy | Phenylbenzimidazole sulfonic acid allergy
allergy-to-epoxy-resin,Allergy to epoxy resin,A,https://dermnetnz.org/topics/allergy-to-epoxy-resin,
allergy-to-ethylenediamine,Allergy to ethylenediamine,A,https://dermnetnz.org/topics/allergy-to-ethylenediamine,C2H10Cl2N2 allergy | Chlorethamine allergy | Ethylenediamine allergy | Ethylenediamine dihydrochloride allergy
black-henna-tattoo-reaction,Allergy to fake tattoo,A,https://dermnetnz.org/topics/black-henna-tattoo-reaction,Black henna tattoo reaction | Pseudotattooing | Temporary tattoo reaction
tick-bite-induced-red-meat-allergy,"Allergy to galactose-alpha-1,3-galactose",A,https://dermnetnz.org/topics/tick-bite-induced-red-meat-allergy,Alpha-gal allergy | Delayed allergy to red meat | Mammalian meat allergy | Meat allergy | MMA | Tick bite-induced red meat allergy
allergy-to-imidazolidinyl-urea,Allergy to imidazolidinyl urea and diazolidinyl urea,A,https://dermnetnz.org/topics/allergy-to-imidazolidinyl-urea,Biopure 100 allergy | C11H16N8O8 allergy | Germall 115 allergy | Imidurea allergy | Imidurea NF allergy | Sept 115 allergy | Tristat 1U allergy | Unicide U-13 allergy | Urea allergy
allergy-to-iodopropynyl-butylcarbamate,Allergy to iodopropynyl butylcarbamate,A,https://dermnetnz.org/topics/allergy-to-iodopropynyl-butylcarbamate,Butyl-3-iodo-2-propynylcarbamate allergy | C8H12INO2 allergy | GermallPlus allergy | Glycacil allergy | IBP allergy | IODOCARB allergy | IPBC allergy | Varbamic acid allergy
allergy-to-methyldibromoglutaronitrile,Allergy to methyldibromo glutaronitrile,A,https://dermnetnz.org/topics/allergy-to-methyldibromoglutaronitrile,Dibromodicyanobutane | Methyldibromo glutaronitrile
balsam-of-peru-allergy,Allergy to Myroxylon pereirae,A,https://dermnetnz.org/topics/balsam-of-peru-allergy,Balsam of Peru allergy | Balsam Peru allergy | Balsam Peru oil allergy | Honduras balsam allergy | Peruvian bark allergy | Surinam balsam allergy
allergy-to-neomycin,Allergy to neomycin,A,https://dermnetnz.org/topics/allergy-to-neomycin,Neomycin allergy | Neomycin sulphate allergy
allergy-to-paba,Allergy to PABA,A,https://dermnetnz.org/topics/allergy-to-paba,Para-aminobenzoic acid allergy
allergy-to-para-tertiary-butylphenol-formaldehyde-resin,Allergy to para-tertiary butylphenol formaldehyde resin,A,https://dermnetnz.org/topics/allergy-to-para-tertiary-butylphenol-formaldehyde-resin,PTBPFR allergy
allergy-to-paraphenylenediamine,Allergy to paraphenylenediamine,A,https://dermnetnz.org/topics/allergy-to-paraphenylenediamine,Allergy to PPD | Hair dye allergy | PPD allergy
allergy-to-quaternium-15,Allergy to quaternium-15,A,https://dermnetnz.org/topics/allergy-to-quaternium-15,Dowicil 200 allergy | Ethylhexyl p-methoxycinnamate allergy | N-(3-chloroallyl)hexaminium chloride allergy
allergy-to-rubber-accelerators,Allergy to rubber accelerators,A,https://dermnetnz.org/topics/allergy-to-rubber-accelerators,Benzothiazole allergy | Carba chemical allergy | Contact dermatitis to rubber accelerators | Hexamethylenetetramine allergy | Methenamine allergy | Thiuram allergy
allergy-to-topical-medications,Allergy to topical medication,A,https://dermnetnz.org/topics/allergy-to-topical-medications,
allergy-to-topical-salicylate,Allergy to topical salicylate,A,https://dermnetnz.org/topics/allergy-to-topical-salicylate,Amyl salicylate allergy | Benzyl salicylate allergy | Ethylhexyl salicylate allergy | Homomenthyl salicylate allergy | Homosalate allergy | Octyl salicylate allergy | Phenyl salicylate allergy | Trolamine salicylate allergy
onion,Allium cepa,A,https://dermnetnz.org/topics/onion,
leek,Allium porrum,A,https://dermnetnz.org/topics/leek,
chives,Allium schoenoprasum,A,https://dermnetnz.org/topics/chives,
aloe-vera-and-the-skin,Aloe barbadensis and the skin,A,https://dermnetnz.org/topics/aloe-vera-and-the-skin,Aloe vera and the skin
hair-loss,Alopecia,A,https://dermnetnz.org/topics/hair-loss,Hair loss
alopecia-areata,Alopecia areata,A,https://dermnetnz.org/topics/alopecia-areata,
alopecia-areata-in-children,Alopecia areata in children,A,https://dermnetnz.org/topics/alopecia-areata-in-children,Alopecia circumscripta in children | Circumscribed alopecia in children | Paediatric alopecia areata
alopecia-from-drugs,Alopecia from drugs,A,https://dermnetnz.org/topics/alopecia-from-drugs,Drug-induced alopecia | Hair loss due to drugs
alopecia-mucinosa,Alopecia mucinosa,A,https://dermnetnz.org/topics/alopecia-mucinosa,Follicular mucinosis
melanotan-ii,Alpha melanocyte stimulating hormone: melanotan II,A,https://dermnetnz.org/topics/melanotan-ii,Melanotan II
fabry-disease,Alpha-galactosidase A deficiency,A,https://dermnetnz.org/topics/fabry-disease,Anderson-Fabry disease | Angiokeratom corporis diffusum universale | Angiokeratoma corporis diffusum | Cardiovasorenal syndrome | Ceramide lactoside lipidosis | Ceramide trihexosidase deficiency | Fabry disease | GLA deficiency | Hereditary dystopic lipidosis | Lactosyl ceramidosis | Sweeley-Kilonsky disease | Thesaurismosis hereditaria | Thesaurismosis lipoidica
herpes-viruses,Alphaherpesvirinae,A,https://dermnetnz.org/topics/herpes-viruses,Betaherpesvirinae | Family Herpesviridae | Gammaherpesvirinae | Herpetoviridae
peruvian-lily,Alstromeria,A,https://dermnetnz.org/topics/peruvian-lily,Lily of the Incas | Peruvian lily | St Martin's flower
lichenoid-amalgam-reaction,Amalgam associated oral lichenoid reaction,A,https://dermnetnz.org/topics/lichenoid-amalgam-reaction,Lichenoid amalgam reaction
amalgam-tattoo,Amalgam tattoo,A,https://dermnetnz.org/topics/amalgam-tattoo,
lobomycosis,Amazonic pseudolepromatous blastomycosis,A,https://dermnetnz.org/topics/lobomycosis,"Caiabi leprosy | Jorge Lobo blastomycosis | Jorge Lobo disease, | Lacaziosis | Miraip | Piraip"
ragweed,Ambrosia artemisiifolia,A,https://dermnetnz.org/topics/ragweed,Ragweed | Roman wormwood | Wild tansy
amoebiasis,Amebiasis,A,https://dermnetnz.org/topics/amoebiasis,Amebic infection | Amoebiasis | Amoebic infection
amelanotic-melanoma,Amelanotic melanoma,A,https://dermnetnz.org/topics/amelanotic-melanoma,Hypomelanotic malignant melanoma
amelanotic-melanoma-dermoscopy,Amelanotic melanoma dermoscopy,A,https://dermnetnz.org/topics/amelanotic-melanoma-dermoscopy,
fogo-selvagem,Amendola syndrome,A,https://dermnetnz.org/topics/fogo-selvagem,Brazilian pemphigus foliaceus | Endemic pemphigus foliaceus | Fogo selvagem
rocky-mountain-spotted-fever,American tick typhus,A,https://dermnetnz.org/topics/rocky-mountain-spotted-fever,Brazilian spotted fever | Rocky Mountain spotted fever | Rocky Mountain tick fever | Sao Paulo fever
american-trypanosomiasis,American trypanosomiasis,A,https://dermnetnz.org/topics/american-trypanosomiasis,Chagas disease
amputation-stump-dermatoses,Amputation stump dermatoses,A,https://dermnetnz.org/topics/amputation-stump-dermatoses,Amputation-related dermatoses
cornelia-de-lange-syndrome,Amsterdam dwarf,A,https://dermnetnz.org/topics/cornelia-de-lange-syndrome,Brauchman–de Lange syndrome | Bruck–de Lange syndrome | Cornelia de Lange syndrome | De Lange syndrome | Degenerative amstelodamensis typus | Degenerative amsterodamensis typus | Typus degenerativus amstelodamensis
muckle-wells-syndrome,Amyloid nephropathy with deafness and urticaria,A,https://dermnetnz.org/topics/muckle-wells-syndrome,Familial amyloid nephropathy with urticaria and deafness | Muckle Wells type amyloidosis
amyloidosis-cutis-dyschromica,Amyloidosis cutis dyschromica,A,https://dermnetnz.org/topics/amyloidosis-cutis-dyschromica,
cashew-nut,Anacardium occidentale,A,https://dermnetnz.org/topics/cashew-nut,Cashew nut
anagen-effluvium,Anagen effluvium,A,https://dermnetnz.org/topics/anagen-effluvium,
anakinra,Anakinra,A,https://dermnetnz.org/topics/anakinra,
anal-cancer-and-anal-canal-cancer,Anal cancer and anal canal cancer,A,https://dermnetnz.org/topics/anal-cancer-and-anal-canal-cancer,Anal squamous cell carcinoma | Cloacogenic SCC | SCC of the anus
itchy-anus,Anal itch,A,https://dermnetnz.org/topics/itchy-anus,Itchy anus | Perianal itch | Pruritus ani
anaphylaxis,Anaphylactic reaction,A,https://dermnetnz.org/topics/anaphylaxis,Anaphylactoid shock | Anaphylaxis
phace-syndrome,And eye/endocrine abnormality syndrome,A,https://dermnetnz.org/topics/phace-syndrome,Arterial anomaly | Cardiac defect/coarctation of aorta | Haemangioma | PHACE syndrome | Posterior fossa brain malformation
hirsutism,Androgen-dependent hirsutism,A,https://dermnetnz.org/topics/hirsutism,Ferriman-Gallwey visual score
female-pattern-hair-loss,Androgenetic alopecia in females,A,https://dermnetnz.org/topics/female-pattern-hair-loss,Female pattern alopecia | Female pattern hair loss
male-pattern-hair-loss,Androgenetic alopecia in males,A,https://dermnetnz.org/topics/male-pattern-hair-loss,Androgenic alopecia in males | Balding in men | Male pattern balding | Male pattern hair loss
androgenic-alopecia-in-transgender-men,Androgenic alopecia in transgender men,A,https://dermnetnz.org/topics/androgenic-alopecia-in-transgender-men,
anetoderma,Anetoderma,A,https://dermnetnz.org/topics/anetoderma,Atrophoderma maculatum | Macular atrophy
naevus-simplex,Angel kiss,A,https://dermnetnz.org/topics/naevus-simplex,Erythema nuchae | Naevus flammeus simplex | Naevus simplex | Salmon patch naevus | Unna naevus
angelman-syndrome,Angelman syndrome,A,https://dermnetnz.org/topics/angelman-syndrome,Happy puppet syndrome
angina-bullosa-haemorrhagica,Angina bullosa haemorrhagica,A,https://dermnetnz.org/topics/angina-bullosa-haemorrhagica,Traumatic oral haemorrhagic bulla
angioedema,Angio oedema,A,https://dermnetnz.org/topics/angioedema,Angioedema | Angioneurotic oedema
klippel-trenaunay-syndrome,Angio-osteohypertrophy syndrome,A,https://dermnetnz.org/topics/klippel-trenaunay-syndrome,Haemangiectactic hypertrophy | Klippel Trenaunay syndrome | Klippel-Trenaunay syndrome | Klippel-Trenaunay-Weber syndrome | Klippel–Trénaunay syndrome
extranodal-nkt-cell-lymphoma-nasal-type-pathology,Angiocentric T cell lymphoma pathology,A,https://dermnetnz.org/topics/extranodal-nkt-cell-lymphoma-nasal-type-pathology,"Extranodal NK/T cell lymphoma, nasal type, pathology | T/NK cell lymphoma pathology"
angiofibroma,Angiofibroma,A,https://dermnetnz.org/topics/angiofibroma,
angiofibroma-pathology,Angiofibroma pathology,A,https://dermnetnz.org/topics/angiofibroma-pathology,
angioimmunoblastic-t-cell-lymphoma,Angioimmunoblastic lymphadenopathy,A,https://dermnetnz.org/topics/angioimmunoblastic-t-cell-lymphoma,Angioimmunoblastic lymphadenopathy with dysproteinaemia | Angioimmunoblastic T-cell lymphoma | Immunoblastic lymphadenopathy | Lymphogranulomatosis X
angiokeratoma,Angiokeratoma,A,https://dermnetnz.org/topics/angiokeratoma,
angiokeratoma-pathology,Angiokeratoma pathology,A,https://dermnetnz.org/topics/angiokeratoma-pathology,Angiomyoma | Vascular leiomyoma
angioleiomyoma-pathology,Angioleiomyoma pathology,A,https://dermnetnz.org/topics/angioleiomyoma-pathology,Angiomyoma pathology | Vascular leiomyoma pathology
angiolipoma,Angiolipoma,A,https://dermnetnz.org/topics/angiolipoma,
angiolipoma-pathology,Angiolipoma pathology,A,https://dermnetnz.org/topics/angiolipoma-pathology,
angiolymphoid-hyperplasia-with-eosinophilia,Angiolymphoid hyperplasia with eosinophilia,A,https://dermnetnz.org/topics/angiolymphoid-hyperplasia-with-eosinophilia,Epithelioid haemangioma | Histiocytoid haemangioma
angiolymphoid-hyperplasia-with-eosinophilia-pathology,Angiolymphoid hyperplasia with eosinophilia pathology,A,https://dermnetnz.org/topics/angiolymphoid-hyperplasia-with-eosinophilia-pathology,Histiocytoid haemangioma pathology
xeroderma-pigmentosum,Angioma pigmentosum atrophicum,A,https://dermnetnz.org/topics/xeroderma-pigmentosum,Atrophoderma pigmentosum | DeSanctis-Cacchione syndrome | Kaposi dermatosis | Melanosis lenticularis progressiva | Pigmented epitheliomatosis | Xeroderma of Kaposi | Xeroderma pigmentosum
angioma-serpiginosum,Angioma serpiginosum,A,https://dermnetnz.org/topics/angioma-serpiginosum,
angiomatoid-fibrous-histiocytoma-pathology,Angiomatoid fibrous histiocytoma pathology,A,https://dermnetnz.org/topics/angiomatoid-fibrous-histiocytoma-pathology,
sturgeweber-syndrome,Angiomatosis oculo-orbital-thalamo-encephalic syndrome,A,https://dermnetnz.org/topics/sturgeweber-syndrome,Encephalocutaneous angiomatosis | Encephalofacial haemangiomatosis | Encephalotrigeminal angiomatosis | Neuroretinoangiomatosis | Sturge-Kalischer-Weber syndrome | Sturge-Weber angiomatosis | Sturge-Weber disease
infantile-haemangioma-definition-and-pathogenesis,Angiomatous naevus of the skin: What is it?,A,https://dermnetnz.org/topics/infantile-haemangioma-definition-and-pathogenesis,Definition and pathogenesis of infantile proliferative haemangioma | Haemangioma of infancy: What is it? | Infantile haemangioma: Definition and pathogenesis | Strawberry naevus: Definition and pathogenesis
angiomyofibroblastoma-pathology,Angiomyofibroblastoma pathology,A,https://dermnetnz.org/topics/angiomyofibroblastoma-pathology,
angiosarcoma,Angiosarcoma,A,https://dermnetnz.org/topics/angiosarcoma,Cutaneous sarcoma | Malignant haemangioendothelioma
intravascular-lymphoma,Angiotropic large cell lymphoma,A,https://dermnetnz.org/topics/intravascular-lymphoma,Intravascular large B-cell lymphoma | Intravascular lymphoma | Intravascular lymphomatosis | Malignant angioendotheliomatosis
angular-cheilitis,Angular cheilitis,A,https://dermnetnz.org/topics/angular-cheilitis,Angular cheilosis | Angular stomatitis
angulated-lines-dermoscopy,Angulated lines dermoscopy,A,https://dermnetnz.org/topics/angulated-lines-dermoscopy,Angulated superficial brown lines dermoscopy | Zigzag pattern dermoscopy
animal-bite,Animal bite,A,https://dermnetnz.org/topics/animal-bite,
animal-type-melanoma,Animal-type melanoma,A,https://dermnetnz.org/topics/animal-type-melanoma,Malignant melanoma animal type
annular-erythema,Annular erythema,A,https://dermnetnz.org/topics/annular-erythema,Erythema figuratum perstans | Erythema gyratum perstans | Erythema perstans | Figurate erythema
erythema-annulare-centrifugum-pathology,Annular erythema pathology,A,https://dermnetnz.org/topics/erythema-annulare-centrifugum-pathology,EAC pathology | Erythema annulare centrifugum pathology
annular-granular-pattern,Annular granular pattern dermatoscopy,A,https://dermnetnz.org/topics/annular-granular-pattern,Annular granular pattern dermoscopy
annular-lichenoid-dermatitis-of-youth,Annular lichenoid dermatitis of youth,A,https://dermnetnz.org/topics/annular-lichenoid-dermatitis-of-youth,
perianal-streptococcal-dermatitis,Anogenital cellulitis of infancy/childhood,A,https://dermnetnz.org/topics/perianal-streptococcal-dermatitis,Anogenital cellulitis of infancy/chlidhood due to Group A beta-haemolytic streptococci | Perianal streptococcal cellulitis | Perianal streptococcal dermatitis | Perianal streptococcal infection
anogenital-granulomatosis,Anogenital granulomatosis,A,https://dermnetnz.org/topics/anogenital-granulomatosis,Granulomatosis
flexural-psoriasis,Anogenital psoriasis,A,https://dermnetnz.org/topics/flexural-psoriasis,Flexural psoriasis | Intertriginous psoriasis | Inverse psoriasis
genital-psoriasis,Anogenital psoriasis,A,https://dermnetnz.org/topics/genital-psoriasis,Genital psoriasis | Napkin psoriasis | Perianal psoriasis | Psoriasis of the penis | Psoriasis of the vulva
flexural-psoriasis-images,Anogenital psoriasis images,A,https://dermnetnz.org/topics/flexural-psoriasis-images,Flexural psoriasis images | Inverse psoriasis images
genital-psoriasis-images,Anogenital psoriasis images,A,https://dermnetnz.org/topics/genital-psoriasis-images,Genital psoriasis images
anogenital-squamous-cell-carcinoma,Anogenital squamous cell carcinoma,A,https://dermnetnz.org/topics/anogenital-squamous-cell-carcinoma,
anogenital-warts,Anogenital wart,A,https://dermnetnz.org/topics/anogenital-warts,Condyloma acuminata | Condyloma acuminatum | Genital HPV | Genital human papillomavirus infection | Genital warts | Venereal warts | Verruca acuminata
condyloma-acuminatum-pathology,Anogenital wart pathology,A,https://dermnetnz.org/topics/condyloma-acuminatum-pathology,Condyloma acuminatum pathology
ant-bites-and-stings,Ant bites and stings,A,https://dermnetnz.org/topics/ant-bites-and-stings,
chamomile,Anthemis nobilis,A,https://dermnetnz.org/topics/chamomile,Chamaemelium nobile | Chamomile | Matricamia chamomilla
dithranol,Anthralin,A,https://dermnetnz.org/topics/dithranol,Dithranol
anthrax,Anthrax,A,https://dermnetnz.org/topics/anthrax,Charbon | Infection due to Bacillus anthracis | Milzbrand
efalizumab,Anti - CD 11a,A,https://dermnetnz.org/topics/efalizumab,Efalizumab | Raptiva
anti-androgen-therapy,Anti-androgen therapy,A,https://dermnetnz.org/topics/anti-androgen-therapy,
tumour-necrosis-factor-inhibitors,Anti-TNF-alpha drugs,A,https://dermnetnz.org/topics/tumour-necrosis-factor-inhibitors,TNF-alpha inhibitors | Tumour necrosis factor inhibitors
antibacterial-soap,Antibacterial soap,A,https://dermnetnz.org/topics/antibacterial-soap,Antimicrobial soap | Antiseptic soap | Disinfectant soap | Germicidal soap
antibiotics,Antibacterials,A,https://dermnetnz.org/topics/antibiotics,Antibiotics
cutaneous-adverse-reactions-to-antibiotics,Antibiotic-induced rashes,A,https://dermnetnz.org/topics/cutaneous-adverse-reactions-to-antibiotics,Cutaneous adverse reactions to antibiotics
antibiotics-for-acne,Antibiotics for acne,A,https://dermnetnz.org/topics/antibiotics-for-acne,
antiphospholipid-syndrome,Anticardiolipin syndrome,A,https://dermnetnz.org/topics/antiphospholipid-syndrome,Antiphospholipid syndrome | Lupus anticoagulant
anticoagulants-and-antiplatelet-agents,Anticoagulants and antiplatelet agents,A,https://dermnetnz.org/topics/anticoagulants-and-antiplatelet-agents,Blood thinning medications
cutaneous-adverse-effects-of-anticonvulsant-drugs,Antiepileptic medicines,A,https://dermnetnz.org/topics/cutaneous-adverse-effects-of-anticonvulsant-drugs,Cutaneous adverse effects of anticonvulsant drugs
antifungal-drug-resistance,Antifungal drug resistance,A,https://dermnetnz.org/topics/antifungal-drug-resistance,
antihistamines,Antihistamines,A,https://dermnetnz.org/topics/antihistamines,
leukotriene-antagonists,Antileukotriene,A,https://dermnetnz.org/topics/leukotriene-antagonists,Leukotriene antagonists | Leukotriene receptor antagonist
antimalarial,Antimalarial medications in dermatology,A,https://dermnetnz.org/topics/antimalarial,
antimicrobial-peptides,Antimicrobial peptides,A,https://dermnetnz.org/topics/antimicrobial-peptides,Cathelicidins | Cationic antimicrobial peptides | Microbicidal cationic proteins
sodium-stibogluconate,Antimony D-gluconic acid,A,https://dermnetnz.org/topics/sodium-stibogluconate,Sodium stibogluconate
antioxidant-photoprotective-agents,Antioxidant photoprotective agents,A,https://dermnetnz.org/topics/antioxidant-photoprotective-agents,
antiperspirant,Antiperspirant,A,https://dermnetnz.org/topics/antiperspirant,
hand-rub,Antiseptic hand preparation,A,https://dermnetnz.org/topics/hand-rub,Hand disinfectant gel | Hand rub | Hand sanitiser
antiseptic,Antiseptics,A,https://dermnetnz.org/topics/antiseptic,
antisynthetase-syndrome,Antisynthetase syndrome,A,https://dermnetnz.org/topics/antisynthetase-syndrome,
aphthous-ulcer,Aphthae,A,https://dermnetnz.org/topics/aphthous-ulcer,Aphthosis | Aphthous stomatitis | Aphthous ulcer | Canker sore
parsley,Apium petroselinum,A,https://dermnetnz.org/topics/parsley,Parsley
aplasia-cutis,Aplasia cutis congenita,A,https://dermnetnz.org/topics/aplasia-cutis,Congenital absence of skin | Cutis aplasia | Epitheliogenesis imperfecta
apocrine-mixed-tumour-pathology,Apocrine chondroid syringoma pathology,A,https://dermnetnz.org/topics/apocrine-mixed-tumour-pathology,Apocrine mixed tumour pathology
apocrine-chromhidrosis,Apocrine chromhidrosis,A,https://dermnetnz.org/topics/apocrine-chromhidrosis,
apocrine-hidrocystoma-pathology,Apocrine cystadenoma pathology,A,https://dermnetnz.org/topics/apocrine-hidrocystoma-pathology,Apocrine hidrocystoma pathology | Apocrine hydrocystoma pathology
fox-fordyce-disease,Apocrine duct occlusion,A,https://dermnetnz.org/topics/fox-fordyce-disease,Apocrine miliaria | Fox-Fordyce disease | Sweat retention disease
hidrocystoma-images,Apocrine/eccrine hidrocystoma images,A,https://dermnetnz.org/topics/hidrocystoma-images,Apocrine/eccrine hydrocystoma images | Cyst of Moll images | Eccrine/apocrine cystadenoma images | Eccrine/apocrine syringocystoma images | Hidrocystoma images | Suderiferous cyst images
appendageal-tumours,Appendageal tumours,A,https://dermnetnz.org/topics/appendageal-tumours,
apremilast,Apremilast,A,https://dermnetnz.org/topics/apremilast,Phosphodiesterase-4 inhibitor
autoimmune-polyglandular-syndrome-type-2,APS type 2,A,https://dermnetnz.org/topics/autoimmune-polyglandular-syndrome-type-2,APS2 | Autoimmune polyglandular syndrome type 2 | Diabetes mellitus Addison disease and myxoedema | Type 2 polyendocrine autoimmunity syndrome
autoimmune-polyglandular-syndrome-type-1,APS1,A,https://dermnetnz.org/topics/autoimmune-polyglandular-syndrome-type-1,Autoimmune polyendocrine syndrome type 1 | Autoimmune polyglandular syndrome type 1 | Blizzard syndrome | Candidiasis hypoparathyroidism Addison disease syndrome | HAM syndrome | Juvenile familial endocrinopathy | Polyendocrinopathy candidiasis ectodermal dystrophy | Whitaker syndrome
aquagenic-wrinkling-of-the-palms,Aquagenic acrokeratoderma,A,https://dermnetnz.org/topics/aquagenic-wrinkling-of-the-palms,Aquagenic keratoderma | Aquagenic palmoplantar keratoderma | Aquagenic syringeal acrokeratoderma | Aquagenic wrinkling of the palms | Hand in the bucket sign | Reactive papulotransient acrokeratoderma | Transient reactive papulotranslucent acrokeratoderma
aquagenic-pruritus,Aquagenic pruritus,A,https://dermnetnz.org/topics/aquagenic-pruritus,Water-induced itching
aquagenic-urticaria,Aquagenic urticaria,A,https://dermnetnz.org/topics/aquagenic-urticaria,Urticaria induced by water
leflunomide,Arabloc,A,https://dermnetnz.org/topics/leflunomide,Arava
spider-bite,Arachnid envenomation,A,https://dermnetnz.org/topics/spider-bite,
argon-laser-treatment,Argon ion laser,A,https://dermnetnz.org/topics/argon-laser-treatment,Argon laser treatment
argyria,Argyria,A,https://dermnetnz.org/topics/argyria,
shrimp-nail,Armadillo nail,A,https://dermnetnz.org/topics/shrimp-nail,Shrimp nail
arnica,Arnica,A,https://dermnetnz.org/topics/arnica,Arnica montana
chronic-arsenic-poisoning,Arsenicism,A,https://dermnetnz.org/topics/chronic-arsenic-poisoning,Arsenicosis | Chronic arsenic poisoning | Toxic effects of arsenic and its compounds
arterial-ulcer,Arterial ischaemic ulcer,A,https://dermnetnz.org/topics/arterial-ulcer,Arterial ulcer
martorell-ulcer,Arteriosclerotic ulcer of Martorell,A,https://dermnetnz.org/topics/martorell-ulcer,Martorell hypertensive ichaemic leg ulcer | Martorell hypertensive leg ulcer | Martorell HYTILU | Martorell ulcer
juvenile-systemic-granulomatosis,Arthrocutaneouveal granulomatosis,A,https://dermnetnz.org/topics/juvenile-systemic-granulomatosis,Blau syndrome | Early onset sarcoidosis | Familial granulomatosis Blau type | Familial granulomatous inflammatory arthritis dermatitis and uveitis | Familial juvenile systemic granulomatosis | Jabs syndrome | Juvenile systemic granulomatosis | Paediatric granulomatous arthritis
arthropod-bites-and-stings,Arthropod bites and stings,A,https://dermnetnz.org/topics/arthropod-bites-and-stings,
insect-bite-images,Arthropod bites and stings images,A,https://dermnetnz.org/topics/insect-bite-images,Insect bite images
bugs,"Arthropods, helminths and other bugs",A,https://dermnetnz.org/topics/bugs,Diseases spread via insects | Protozoa
artichoke,Artichoke,A,https://dermnetnz.org/topics/artichoke,Cynara scolymus | Globe artichoke
hair-pieces-and-wigs,Artificial hair wig,A,https://dermnetnz.org/topics/hair-pieces-and-wigs,Hair extensions | Hair pieces and wigs | Hair weaving | Natural hair wig
sunbeds-and-solaria,Artificial tanning device,A,https://dermnetnz.org/topics/sunbeds-and-solaria,Indoor tanning | Solarium | Sunbeds and solaria | Tanning bed | Tanning booth | UV tanning device
ascher-syndrome,Ascher syndrome,A,https://dermnetnz.org/topics/ascher-syndrome,Blepharochalasis | Blepharochalasis and double lip
scurvy,Ascorbic acid deficiency,A,https://dermnetnz.org/topics/scurvy,Deficiency of ascorbic acid | Vitamin C deficiency
erythema-dyschromicum-perstans,Ashy dermatosis,A,https://dermnetnz.org/topics/erythema-dyschromicum-perstans,Ashy dermatosis of Ramirez | Erythema dyschromicum perstans
asparagus,Asparagus,A,https://dermnetnz.org/topics/asparagus,Asparagus officinale
aspergillosis,Aspergillosis,A,https://dermnetnz.org/topics/aspergillosis,Infection due to aspergillus
aspergillosis-pathology,Aspergillosis pathology,A,https://dermnetnz.org/topics/aspergillosis-pathology,
guidelines-for-the-diagnosis-and-assessment-of-eczema,Assessment of atopic dermatitis,A,https://dermnetnz.org/topics/guidelines-for-the-diagnosis-and-assessment-of-eczema,Diagnosis of atopic dermatitis | Guidelines for the diagnosis and assessment of eczema
dry-skin,Asteatosis,A,https://dermnetnz.org/topics/dry-skin,Xeroderma
asteatotic-eczema,Asteatosis cutis,A,https://dermnetnz.org/topics/asteatotic-eczema,Asteatotic eczema | Eczema craquele | Xerotic eczema
compositae-allergy,Asteraceae allergies,A,https://dermnetnz.org/topics/compositae-allergy,Compositae allergy | Parthenum dermatitis | Ragweed dermatitis
laterothoracic-exanthem,Asymmetric periflexural exanthem of childhood,A,https://dermnetnz.org/topics/laterothoracic-exanthem,Laterothoracic exanthem | Superimposed lateralised exanthem of childhood | Unilateral laterothoracic exanthem
asymmetrical-pigmented-follicular-openings-dermoscopy,Asymmetrical pigmented follicular openings dermatoscopy,A,https://dermnetnz.org/topics/asymmetrical-pigmented-follicular-openings-dermoscopy,Asymmetrical pigmented follicular openings dermoscopy
quinacrine,Atabrine,A,https://dermnetnz.org/topics/quinacrine,Mepacrine | Quinacrine
ataxia-telangiectasia,Ataxia telangiectasia syndrome,A,https://dermnetnz.org/topics/ataxia-telangiectasia,Ataxia-telangiectasia | Louis Bar syndrome
cholesterol-emboli,Atheroembolism,A,https://dermnetnz.org/topics/cholesterol-emboli,Cholesterol crystal embolism
cholesterol-emboli-pathology,Atheroembolism pathology,A,https://dermnetnz.org/topics/cholesterol-emboli-pathology,Cholesterol emboli pathology
athletes-foot,Athlete's foot,A,https://dermnetnz.org/topics/athletes-foot,Interdigital intertrigo
tinea-pedis,Athletes foot,A,https://dermnetnz.org/topics/tinea-pedis,Dermatophytosis of foot | Tinea pedis
atopy,Atopic allergy,A,https://dermnetnz.org/topics/atopy,Atopic reaction | Atopic state | Atopy
atopic-dermatitis,Atopic dermatitis,A,https://dermnetnz.org/topics/atopic-dermatitis,Atopic eczema
atopic-hand-dermatitis,Atopic dermatitis of the hands,A,https://dermnetnz.org/topics/atopic-hand-dermatitis,Atopic hand dermatitis | Atopic hand eczema
prurigo-of-pregnancy,Atopic eruption of pregnancy,A,https://dermnetnz.org/topics/prurigo-of-pregnancy,Papular dermatiits of pregnancy | Prurigo gestationis of BesnierEarly onset pregnancy prurigo | Prurigo of pregnancy
juvenile-plantar-dermatosis,Atopic winter feet,A,https://dermnetnz.org/topics/juvenile-plantar-dermatosis,Dermatitis plantaris sicca | Forefoot dermatitis | Forefoot eczema | Juvenile plantar dermatosis | Peridigital dermatosis | Sweaty sock dermatitis
atopy-patch-test,Atopy patch test,A,https://dermnetnz.org/topics/atopy-patch-test,
rheumatoid-arthritis-and-the-skin,Atrophic arthritis,A,https://dermnetnz.org/topics/rheumatoid-arthritis-and-the-skin,Proliferative arthritis | RA | RhA | Rheumatic gout | Rheumatoid arthritis and the skin | Rheumatoid disease
relapsing-polychondritis,Atrophic polychondritis,A,https://dermnetnz.org/topics/relapsing-polychondritis,Meyenburg Altherr Uehlinger syndrome | Meyenburg disease | Polychondropathia | Relapsing polychondritis | Systemic chondromalacia
atrophic-vulvovaginitis,Atrophic vaginitis,A,https://dermnetnz.org/topics/atrophic-vulvovaginitis,Atrophic vulvovaginitis | Senile vulvovaginitis
atrophie-blanche,Atrophie blanche,A,https://dermnetnz.org/topics/atrophie-blanche,White atrophy
atrophoderma-of-pasini-and-pierini,Atrophoderma of Pasini and Pierini,A,https://dermnetnz.org/topics/atrophoderma-of-pasini-and-pierini,Idiopathic atrophoderma of Pasini and Pierini | Progressive idiopathic atrophoderma
keratosis-pilaris,Atrophoderma vermiculatum,A,https://dermnetnz.org/topics/keratosis-pilaris,Keratosis follicularis spinulosa decalvans | Keratosis pilaris | Keratosis pilaris atrophicans | Keratosis pilaris faciei | Keratosis pilaris faciei et colli | Keratosis pilaris rubra | Ulerythema ophyrogenes
atypical-fibroxanthoma,Atypical fibroxanthoma,A,https://dermnetnz.org/topics/atypical-fibroxanthoma,
eczema-coxsackium,Atypical hand foot and mouth disease,A,https://dermnetnz.org/topics/eczema-coxsackium,Eczema coxsackium
atypical-melanocytic-naevus,Atypical melanocytic naevus,A,https://dermnetnz.org/topics/atypical-melanocytic-naevus,Atypical mole | Atypical naevus | Atypical nevus | Clark naevus | Clark nevus | Dysplastic naevus | Dysplastic nevus | Familial Atypical Multiple Mole and Melanoma syndrome | FAMMM syndrome
atypical-mycobacterial-infection,Atypical mycobacterial infection,A,https://dermnetnz.org/topics/atypical-mycobacterial-infection,
atypical-solar-lentigo,Atypical solar lentigo,A,https://dermnetnz.org/topics/atypical-solar-lentigo,Unstable solar lentigo
gold,Auranofin,A,https://dermnetnz.org/topics/gold,Gold for therapeutic purposes | Sodium aurothiomalate
carotenoderma,Aurantiasis,A,https://dermnetnz.org/topics/carotenoderma,Betacarotenaemia | Carotenaemia | Carotenoderma | Carotenosis | Hypercarotenaemia | Hypercarotinaemia | Xanthoderma
chrysiasis,Auriasis,A,https://dermnetnz.org/topics/chrysiasis,Chrysiasis | Chrysoderma
auricle-pseudocyst-pathology,Auricle pseudocyst pathology,A,https://dermnetnz.org/topics/auricle-pseudocyst-pathology,
auriculotemporal-syndrome,Auriculotemporal syndrome,A,https://dermnetnz.org/topics/auriculotemporal-syndrome,Baillarger syndrome | Frey-Baillarger syndrome | Gustatory hyperhidrosis
australian-box-jellyfish-stings,Australian box jellyfish stings,A,https://dermnetnz.org/topics/australian-box-jellyfish-stings,C fleckeri envenomation | Sea wasp sting
gardner-diamond-syndrome,Auto-erythrocyte sensitization syndrome,A,https://dermnetnz.org/topics/gardner-diamond-syndrome,Autoerythrocyte sensitisation syndrome | Gardner-Diamond syndrome | Painful bruising syndrome | Pyschogenic purpura
disseminated-secondary-eczema,Autoeczematisation,A,https://dermnetnz.org/topics/disseminated-secondary-eczema,Autosensitisation | Autosensitisation dermatitis | Disseminated secondary eczema | Id reaction
autologous-stem-cell-transplantation,Autogenous haematopoietic stem cell transplantation,A,https://dermnetnz.org/topics/autologous-stem-cell-transplantation,Autologous bone marrow transplant | Autologous stem cell transplantation | Haematopoietic stem cell transplantation | Transplant of autologous haemopoietic stem cells
dermographism,Autographism,A,https://dermnetnz.org/topics/dermographism,Dermatographia | Dermatographic urticaria | Dermatographism | Dermographism | Dermography | Ebbecke reaction
autoimmune-diseases-in-dermatology,Autoimmune diseases affecting the skin,A,https://dermnetnz.org/topics/autoimmune-diseases-in-dermatology,Autoimmune diseases in dermatology | Autoimmune skin disease
autoimmune-progesterone-dermatitis,Autoimmune progesterone dermatitis,A,https://dermnetnz.org/topics/autoimmune-progesterone-dermatitis,Autoimmune progesterone dermatitis or urticaria | Autoimmune progesterone urticaria | Progesterone dermatitis
autoinflammatory-syndromes,Autoinflammatory syndromes,A,https://dermnetnz.org/topics/autoinflammatory-syndromes,
fat-grafting,Autologous fat transfer,A,https://dermnetnz.org/topics/fat-grafting,Autologous fat transplantation | Fat grafting | Fat implants | Fat injections | Fat transfer | Free fat transfer
platelet-rich-plasma-dermatological-applications,Autologous platelet gel,A,https://dermnetnz.org/topics/platelet-rich-plasma-dermatological-applications,Platelet concentrate | Platelet-rich plasma
autologous-serum-skin-testing,Autologous serum skin testing,A,https://dermnetnz.org/topics/autologous-serum-skin-testing,
oatmeal,Avena sativa,A,https://dermnetnz.org/topics/oatmeal,Oatmeal
netherton-syndrome,Axial osteosclerosis with bamboo hair,A,https://dermnetnz.org/topics/netherton-syndrome,Ichthyosis linearis circumflexa | Netherton disease
granular-parakeratosis,Axillary granular parakeratosis,A,https://dermnetnz.org/topics/granular-parakeratosis,Granular parakeratosis | Hyperkeratotic flexural erythema | Recurrent flexural pellagroid dermatitis
granular-parakeratosis-images,Axillary granular parakeratosis images,A,https://dermnetnz.org/topics/granular-parakeratosis-images,Granular parakeratosis images | Recurrent flexural pellagroid dermatitis images
azathioprine-and-mercaptopurine,Azathioprine and mercaptopurine,A,https://dermnetnz.org/topics/azathioprine-and-mercaptopurine,
azelaic-acid,Azclear,A,https://dermnetnz.org/topics/azelaic-acid,Azelaic acid | Azelex | Finacea
sulfasalazine,Azulfidine,A,https://dermnetnz.org/topics/sulfasalazine,Sulfasalazine | Sulfazine
babesiosis,Babesiasis,B,https://dermnetnz.org/topics/babesiosis,Babesiosis | Infection by Babesia | Piroplasmosis | Red water fever
bacillary-angiomatosis,Bacillary angiomatosis,B,https://dermnetnz.org/topics/bacillary-angiomatosis,
bacillary-angiomatosis-pathology,Bacillary angiomatosis pathology,B,https://dermnetnz.org/topics/bacillary-angiomatosis-pathology,
bacteria-in-acne,Bacteria in acne,B,https://dermnetnz.org/topics/bacteria-in-acne,
bacterial-biofilm,Bacterial biofilm,B,https://dermnetnz.org/topics/bacterial-biofilm,
cellulitis,Bacterial cellulitis,B,https://dermnetnz.org/topics/cellulitis,Cutaneous cellulitis | Staphylococcal cellulitis | Streptococcal cellulitis
bacterial-conjunctivitis,Bacterial conjunctivitis,B,https://dermnetnz.org/topics/bacterial-conjunctivitis,
bacterial-skin-infections,Bacterial dermatologic disorders,B,https://dermnetnz.org/topics/bacterial-skin-infections,Bacterial infections of skin | Bacterial skin infections | Systemic bacterial infections with skin manifestations
septic-emboli,Bacterial embolus,B,https://dermnetnz.org/topics/septic-emboli,Septic arterial embolism
bacterial-folliculitis,Bacterial folliculitis,B,https://dermnetnz.org/topics/bacterial-folliculitis,
bacterial-vaginosis,Bacterial vaginitis,B,https://dermnetnz.org/topics/bacterial-vaginosis,Bacterial vaginosis | Nonspecific vaginitis
mupirocin,Bactroban,B,https://dermnetnz.org/topics/mupirocin,Centany | Mupirocin calcium | Pseudomonic acid | Topical mupirocin
buruli-ulcer,Bairnsdale ulcer,B,https://dermnetnz.org/topics/buruli-ulcer,Cutaneous mycobacterium ulcerans infection | Daintree ulcer | Infection due to Mycobacterium ulcerans | Searles ulcer | Sik-belonga-sepik
balamuthia-mandrillaris-infection,Balamuthia mandrillaris infection,B,https://dermnetnz.org/topics/balamuthia-mandrillaris-infection,
balamuthia-mandrillaris-pathology,Balamuthia mandrillaris pathology,B,https://dermnetnz.org/topics/balamuthia-mandrillaris-pathology,
balanitis,Balanitis,B,https://dermnetnz.org/topics/balanitis,Inflammation of the penis
plasma-cell-balanitisvulvitis,Balanitis circumscripta plasmacellularis,B,https://dermnetnz.org/topics/plasma-cell-balanitisvulvitis,Plasma cell balanitis/vulvitis | Vulvitis circumscripta plasmacellularis | Zoon balanitis
lichen-sclerosus-in-men,Balanitis xerotica obliterans,B,https://dermnetnz.org/topics/lichen-sclerosus-in-men,Lichen sclerosus et atrophicans of male genitalia | Male genital lichen sclerosus
penile-lichen-sclerosus-images,Balanitis xerotica obliterans images,B,https://dermnetnz.org/topics/penile-lichen-sclerosus-images,Images of penile lichen sclerosus
bathwater-puva,Balneophotochemotherapy,B,https://dermnetnz.org/topics/bathwater-puva,Bath PUVA | Bathwater PUVA
balneotherapy,Balneotherapy,B,https://dermnetnz.org/topics/balneotherapy,Spa therapy | Thalassotherapy | Thermomineral bath therapy
germline-bap1-mutation,BAP-oma,B,https://dermnetnz.org/topics/germline-bap1-mutation,BAP1 melanocytoma | BAP1 tumour predisposition syndrome | BAP1-associated protein 1 tumour predisposing syndrome | BAP1-related tumour predisposing syndrome | Germline BAP1 mutation and BAP1 inactivated melanocytic tumours | MBAIT | Melanocytic BAP1-mutant atypical intradermal tumour | Naevoid melanoma-like melanocytic proliferation | Tumour susceptibility assocociated with germline BAP1 mutation | Wiesner naevus
tinea-barbae,Barbers itch,B,https://dermnetnz.org/topics/tinea-barbae,Dermatophytosis of beard | Sycosis vulgaris | Tinea barbae | Tinea sycosis
pseudofolliculitis-barbae,Barber’s itch,B,https://dermnetnz.org/topics/pseudofolliculitis-barbae,Folliculitis barbae traumatica | Ingrown hairs | Pseudofolliculitis barbae | Razor bumps | Scarring pseudofolliculitis of the beard | Shave bumps | Shaving rash
baricitinib,Baricitinib,B,https://dermnetnz.org/topics/baricitinib,
barrier-cream,Barrier cream,B,https://dermnetnz.org/topics/barrier-cream,Barrier preparation
barrier-function-in-atopic-dermatitis,Barrier function in atopic dermatitis,B,https://dermnetnz.org/topics/barrier-function-in-atopic-dermatitis,
dystrophic-epidermolysis-bullosa,Bart syndrome,B,https://dermnetnz.org/topics/dystrophic-epidermolysis-bullosa,Dominant dystrophic epidermolysis bullosa | Dystrophic epidermolysis bullosa | Epidermolysis bullosa dystrophica | Generalised intermediate RDEB | Generalised severe RDEB | Hallopeau-Siemens RDEB | Non-Hallopeau-Siemens RDEB | Recessive dystrophic epidermolysis bullosa
epidermolysis-bullosa-with-congenital-absence-of-skin,Bart syndrome,B,https://dermnetnz.org/topics/epidermolysis-bullosa-with-congenital-absence-of-skin,"EB with congenital localised absence of skin and deformity of nails | Epidermolysis bullosa dystrophica, Bart type | Epidermolysis bullosa with congenital absence of skin | Type VI aplasia cutis congenita"
basal-cell-carcinoma,Basal cell carcinoma,B,https://dermnetnz.org/topics/basal-cell-carcinoma,Basal cell carcinoma of skin | Basalioma
basal-cell-carcinoma-dermoscopy,Basal cell carcinoma dermatoscopy,B,https://dermnetnz.org/topics/basal-cell-carcinoma-dermoscopy,Basal cell carcinoma dermoscopy | Basalioma dermoscopy | Dermatoscopy of basal cell carcinoma | Dermatoscopy of basalioma | Dermatoscopy of BCC | Dermoscopy of basal cell carcinoma
basal-cell-carcinoma-in-skin-of-colour,Basal cell carcinoma in coloured skin,B,https://dermnetnz.org/topics/basal-cell-carcinoma-in-skin-of-colour,Basal cell carcinoma in dark skin | Basal cell carcinoma in skin of colour
basal-cell-naevus-syndrome,Basal cell carcinoma naevus syndrome,B,https://dermnetnz.org/topics/basal-cell-naevus-syndrome,Basal cell carcinoma syndrome | Basal cell naevus syndrome | Naevoid basal cell carcinoma syndrome
basal-cell-carcinoma-pathology,Basal cell carcinoma pathology,B,https://dermnetnz.org/topics/basal-cell-carcinoma-pathology,BCC pathology
basaloid-follicular-hamartoma,Basal cell naevus with comedones,B,https://dermnetnz.org/topics/basaloid-follicular-hamartoma,Basaloid follicular hamartoma
seborrhoeic-keratosis,Basal cell papilloma,B,https://dermnetnz.org/topics/seborrhoeic-keratosis,Keratosis senilis | Seborrhoeic keratosis | Senile hyperkeratosis | Senile wart
seborrhoeic-keratosis-pathology,Basal cell papilloma pathology,B,https://dermnetnz.org/topics/seborrhoeic-keratosis-pathology,Melanoacanthoma pathology | Seborrhoeic keratosis pathology | Seborrhoeic wart pathology
bascule-syndrome,BASCULE,B,https://dermnetnz.org/topics/bascule-syndrome,"BASCULE (bier anaemic spots, cyanosis, urticaria-like eruption) syndrome | BASCULE (bier anemic spots, cyanosis, urticaria-like eruption) syndrome | BASCULE syndrome | Bier anemic spots, cyanosis, and urticaria-like eruption syndrome"
baseline-series-of-patch-test-allergens,Baseline series of patch test allergens,B,https://dermnetnz.org/topics/baseline-series-of-patch-test-allergens,
gentian-violet,Basic violet,B,https://dermnetnz.org/topics/gentian-violet,Crystal violet | Gentian violet | Methyl violet 10B stain | Methylrosaniline chloride | Methylrosanilinium chloride
calcaneal-petechiae,Basketball heel,B,https://dermnetnz.org/topics/calcaneal-petechiae,Black heel | Calcaneal petechiae | Haemorrhagic hyperkeratosis | Subcorneal haematoma | Talon noir
basosquamous-carcinoma,Basosquamous carcinoma,B,https://dermnetnz.org/topics/basosquamous-carcinoma,
bazex-dupre-christol-syndrome,Bazex Dupre Christol syndrome,B,https://dermnetnz.org/topics/bazex-dupre-christol-syndrome,Bazex-Dupre-Christol syndrome | Bazex-Dupré-Christol syndrome | Follicular atrophoderma basal cell carcinoma
hydroa-vacciniforme,Bazin's hydroa vacciniforme,B,https://dermnetnz.org/topics/hydroa-vacciniforme,Hydroa vacciniforme
nodular-bcc-images,BCC - nodular images,B,https://dermnetnz.org/topics/nodular-bcc-images,Nodular basal cell carcinoma images | Nodular bcc images
bjornstad-syndrome,BCS1L-related mitochondrial disease,B,https://dermnetnz.org/topics/bjornstad-syndrome,Bjornstad syndrome | Björnstad syndrome | Deafness-pili torti-hypogonadism syndrome | Pili torti with sensorineural hearing loss
becker-naevus,Becker melanosis,B,https://dermnetnz.org/topics/becker-naevus,Becker naevus | Becker pigmented hairy naevus | Linear papular ectodermal-mesodermal hamartoma | Pigmented hairy epidermal naevus | Pigmented hairy naevus of Becker | Progressive cribriform zosteriform hyperpigmentation
bee-and-wasp-stings,Bee and wasp stings,B,https://dermnetnz.org/topics/bee-and-wasp-stings,Hymenoptera stings: Vespidae and Apidae
chediak-higashi-syndrome,Begnez-Cesar syndrome,B,https://dermnetnz.org/topics/chediak-higashi-syndrome,Chediak anomaly | Chediak Steinbrinck anomaly | Chediak Steinbrinck Higashi syndrome | Chediak-Higashi syndrome | Congenital gigantism of peroxidase granules | Defect in natural killer lymphocytes | Granulation anomaly of leukocytes | Hereditary gigantism of cytoplasmic organelles | Hereditary leukomelanopathy | Leukocyte anomaly albinism | Steinbrinck anomaly
pilomatricoma,Benign calcifying epithelioma of Malherbe,B,https://dermnetnz.org/topics/pilomatricoma,Calcifying epithelioma of Malherbe | Pilomatricoma | Pilomatrixoma | Trichomatricoma
jessner-lymphocytic-infiltrate,Benign chronic T cell infiltrative disorder,B,https://dermnetnz.org/topics/jessner-lymphocytic-infiltrate,Benign lymphocytic infiltrate of Jessner | Benign lymphocytic infiltration | Jessner disease | Jessner Kanof syndrome | Jessner lymphocytic infiltrate
cutaneous-pseudolymphoma,Benign cutaneous lymphoid hyperplasia,B,https://dermnetnz.org/topics/cutaneous-pseudolymphoma,Benign lymphocytoma cutis | Cutaneous lymphoid hyperplasia | Cutaneous pseudolymphoma | Lymphocytoma cutis | Pseudolymphoma of Spiegler Fendt
benign-familial-pemphigus,Benign familial chronic pemphigus,B,https://dermnetnz.org/topics/benign-familial-pemphigus,Benign familial pemphigus | Familial benign chronic pemphigus | Familial benign pemphigus | Hailey–Hailey disease
hereditary-benign-telangiectasia,Benign hereditary telangiectasia,B,https://dermnetnz.org/topics/hereditary-benign-telangiectasia,Hereditary benign telangiectasia
hypergranulotic-dyscornification,Benign hypergranulotic keratosis with cornification,B,https://dermnetnz.org/topics/hypergranulotic-dyscornification,Hypergranulotic dyscornification
hypergranulotic-dyscornification-pathology,Benign hypergranulotic keratosis with dyscornification pathology,B,https://dermnetnz.org/topics/hypergranulotic-dyscornification-pathology,Hypergranulotic dyscornification pathology
catscratch-disease,Benign inoculation lymphoreticulosis,B,https://dermnetnz.org/topics/catscratch-disease,Cat scratch disease | Catscratch fever | Subacute regional lymphadenitis
lichenoid-keratosis,Benign lichenoid keratosis,B,https://dermnetnz.org/topics/lichenoid-keratosis,Involuting lichenoid plaque | Lichen planus-like keratosis | Lichenoid keratosis | Solitary lichen planus
darier-roussy-subcutaneous-sarcoidosis,Benign lymphogranulomatosis of Schaumann,B,https://dermnetnz.org/topics/darier-roussy-subcutaneous-sarcoidosis,Besnier-Boeck-Schaumann syndrome | Boeck sarcoid | Darier-Roussy subcutaneous sarcoidosis | Miliary lupoid of Boeck | Subcutaneous nodular sarcoidosis
benign-lymphoplasmacytic-plaque,Benign lymphoplasmacytic plaque,B,https://dermnetnz.org/topics/benign-lymphoplasmacytic-plaque,Cutaneous lymphoplasmacytic lymphoma | Lymphoplasmacytic plaque in children | Pretibial lymphoplasmacytic plaque | Primary cutaneous immunocytoma
geographic-tongue,Benign migratory glossitis,B,https://dermnetnz.org/topics/geographic-tongue,Geographic tongue | Geographical tongue | Glossitis areata exfoliativa | Glossitis areata migrans | Lingual erythema migrans | Lingual geographica | Oral erythema migrans | Psoriasiform mucositis
mucous-membrane-pemphigoid,Benign mucosal pemphigoid,B,https://dermnetnz.org/topics/mucous-membrane-pemphigoid,Benign mucous membrane pemphigoid | Cicatricial pemphigoid | Mucosynechia atrophic bullous dermatitis | Mucous membrane pemphigoid | Scarring pemphigoid
familial-mediterranean-fever,Benign paroxysmal peritonitis,B,https://dermnetnz.org/topics/familial-mediterranean-fever,Familial Mediterranean fever | Familial paroxysmal polyserositis | Familial recurrent polyserositis | Paroxysmal polyserositis | Periodic disease | Periodic familial peritonitis
poikiloderma-of-civatte,Benign poikiloderma,B,https://dermnetnz.org/topics/poikiloderma-of-civatte,Phototoxic reaction to fragrance or cosmetics | Poikiloderma of Civatte
sebaceous-hyperplasia,Benign seborrheic hyperplasia,B,https://dermnetnz.org/topics/sebaceous-hyperplasia,Benign seborrhoeic hyperplasia | Sebaceous gland hyperplasia | Sebaceous hyperplasia
madelung-disease,Benign symmetrical lipomatosis,B,https://dermnetnz.org/topics/madelung-disease,Cephalothoracic lipodystrophy | Launois-Bensaude syndrome | Madelung disease | Madelung neck | Madelung's deformity | Madelung's disease | Multiple symmetrical lipomatosis
benzalkonium-chloride-contact-dermatitis,Benzalkonium chloride contact dermatitis,B,https://dermnetnz.org/topics/benzalkonium-chloride-contact-dermatitis,Reactions to benzalkonium chloride
berdazimer,Berdazimer,B,https://dermnetnz.org/topics/berdazimer,Berdazimer 10.3% | Berdazimer 10.3% gel | Berdazimer gel
meralgia-paraesthetica,Bernhardt Rot syndrome,B,https://dermnetnz.org/topics/meralgia-paraesthetica,Bernhardts paraesthesia | Lateral femoral cutaneous nerve entrapment syndrome | Meralgia paraesthetica
beta-blockers,Beta-adrenoceptor blocking drugs,B,https://dermnetnz.org/topics/beta-blockers,Beta-adrenoreceptor antagonists | Beta-blockers
bexarotene,Bexarotene,B,https://dermnetnz.org/topics/bexarotene,Targretin
loefgren-syndrome,Bilateral hilar lymph node sarcoidosis with erythema nodosum,B,https://dermnetnz.org/topics/loefgren-syndrome,Erythema nodosum with bilateral hilar lymph node sarcoidosis
schistosomiasis,Bilharzia,B,https://dermnetnz.org/topics/schistosomiasis,Hemic distomiasis | Schistosomiasis
bimatoprost,Bimatoprost,B,https://dermnetnz.org/topics/bimatoprost,
bimekizumab,Bimekizumab,B,https://dermnetnz.org/topics/bimekizumab,
bindii-dermatitis,Bindi dermatitis,B,https://dermnetnz.org/topics/bindii-dermatitis,Bindi-eye dermatitis | Bindii dermatitis | Bindyi dermatitis | Burrweed dermatitis | Jo-Jo dermatitis | Onehunga weed rash | Prickle weed dermatitis
biologics,Bioengineered monoclonal antibodies,B,https://dermnetnz.org/topics/biologics,Biologic agents | Biological treatments
biological-agents-for-psoriasis,Biologic agents,B,https://dermnetnz.org/topics/biological-agents-for-psoriasis,Biological agents for psoriasis | Biological response modifiers | Biologics for psoriasis
lebrikizumab,Biological agent,B,https://dermnetnz.org/topics/lebrikizumab,Lebrikizumab | Monoclonal antibody
biologics-and-novel-small-molecule-treatments-reproduction-and-psoriasis,"Biologics and novel small molecule treatments, reproduction and psoriasis",B,https://dermnetnz.org/topics/biologics-and-novel-small-molecule-treatments-reproduction-and-psoriasis,Pregnancy and biologic agents
biotin-responsive-dermatoses,Biotin deficiency dermatitis,B,https://dermnetnz.org/topics/biotin-responsive-dermatoses,Biotin responsive dermatoses
bird-mite-infestation,Bird mite dermatitis,B,https://dermnetnz.org/topics/bird-mite-infestation,Bird mite infestation | Dermanyssosis
congenital-naevi,Birthmarks,B,https://dermnetnz.org/topics/congenital-naevi,Congenital naevi | Hamartomas
flea-bite,Bites from human,B,https://dermnetnz.org/topics/flea-bite,Ctenocephalides canis | Ctenocephalides felis | Dog and cat fleas | Flea bite | Pulex irritans
human-polyomavirus-infection,BK polyomavirus,B,https://dermnetnz.org/topics/human-polyomavirus-infection,Human polyomavirus infection | JC polyomavirus | John Cunningham virus
plague,Black death,B,https://dermnetnz.org/topics/plague,Infection by Yersinia pestis | Pestilential fever | Plague
hairy-tongue,Black hairy tongue,B,https://dermnetnz.org/topics/hairy-tongue,Black tongue | Coated tongue | Hairy tongue | Hypertrophy of tongue papillae | Lingua villosa nigra | Melanoglossia
talon-noir-pathology,Black heel pathology,B,https://dermnetnz.org/topics/talon-noir-pathology,Calcaneal petechial pathology | Talon noir pathology
piedra,Black piedra,B,https://dermnetnz.org/topics/piedra,Piedra | Trichomycosis nodosa | Trichomycosis nodularis | White piedra
comedones,Blackheads,B,https://dermnetnz.org/topics/comedones,Whiteheads
blaschko-lines,Blaschko lines,B,https://dermnetnz.org/topics/blaschko-lines,Lines of Blaschko
blastomycosis,Blastomycosis,B,https://dermnetnz.org/topics/blastomycosis,Blastomycotic infection | Chicago disease | Gilchrist disease | Infection by blastomyces | North American blastomycosis
blastomycosis-like-pyoderma-pathology,Blastomycosis-like pyoderma pathology,B,https://dermnetnz.org/topics/blastomycosis-like-pyoderma-pathology,
bleach-baths-in-patients-with-skin-infections,Bleach baths in patients with skin infections,B,https://dermnetnz.org/topics/bleach-baths-in-patients-with-skin-infections,Sodium hypochlorite bath
bleaching-agents,Bleaching cream,B,https://dermnetnz.org/topics/bleaching-agents,
bleeding-and-bruising,Bleeding and bruising,B,https://dermnetnz.org/topics/bleeding-and-bruising,Haematoma | Haemorrhage | Petechiae
bleomycin,Bleomycin and the skin,B,https://dermnetnz.org/topics/bleomycin,Streptomyces verticillus treatment
blepharitis,Blepharitis,B,https://dermnetnz.org/topics/blepharitis,Eyelid inflammation | Inflammation of eyelid | Inflammation of eyelid margin
blister-agents-in-chemical-warfare,Blister agent toxicity,B,https://dermnetnz.org/topics/blister-agents-in-chemical-warfare,Chemical warfare agents | Nitrogen mustard | Sulphur mustard
cantharidin,Blister beetle extract,B,https://dermnetnz.org/topics/cantharidin,Cantharidin
blisters-and-pustules-in-neonates,Blisters and pustules in neonates,B,https://dermnetnz.org/topics/blisters-and-pustules-in-neonates,Neonatal blistering diseases | Neonatal pustular dermatoses
blood-based-melanoma-detection,Blood-based melanoma detection,B,https://dermnetnz.org/topics/blood-based-melanoma-detection,Liquid biopsy for melanoma
haematohidrosis,Bloody sweat,B,https://dermnetnz.org/topics/haematohidrosis,Haematidrosis | Haematofolliculohidrosis | Haematohidrosis | Hematidrosis | Hematohidrosis
blue-light-acne-treatment,Blue light acne treatment,B,https://dermnetnz.org/topics/blue-light-acne-treatment,
blue-naevus,Blue naevus,B,https://dermnetnz.org/topics/blue-naevus,Jadassohn blue naevus
blue-naevus-dermoscopy,Blue naevus dermoscopy,B,https://dermnetnz.org/topics/blue-naevus-dermoscopy,Blue neuronaevus | Dermal melanocytoma
blue-naevi-pathology,Blue naevus pathology,B,https://dermnetnz.org/topics/blue-naevi-pathology,Jadassohn blue naevus pathology
lumbosacral-dermal-melanocytosis,Blue sacral spot,B,https://dermnetnz.org/topics/lumbosacral-dermal-melanocytosis,Dermal melanosis | Lumbosacral dermal melanocytosis | Mongolian blue spot | Mongolian spot
body-lice,Body louse infestation,B,https://dermnetnz.org/topics/body-lice,Pediculus corporis infestation | Pediculus humanus infestation
tinea-corporis,Body tinea,B,https://dermnetnz.org/topics/tinea-corporis,Dermatophytosis of trunk | Tinea circinata | Tinea corporis | Tinea glabrosa
crusted-scabies,Boeck scabies,B,https://dermnetnz.org/topics/crusted-scabies,Crusted scabies | Keratotic scabies | Norwegian scabies | Scabies crustosa
books-about-the-skin,Books about the skin,B,https://dermnetnz.org/topics/books-about-the-skin,Dermatology books
grenz-ray-therapy,Border rays,B,https://dermnetnz.org/topics/grenz-ray-therapy,Bucky rays | Grenz ray therapy | Soft radiation | Superficial teletherapy Grenz type | Teletherapy Grenz type | Ultrasoft radiation
insect-repellent,Botanical insect repellents,B,https://dermnetnz.org/topics/insect-repellent,Chemical insect repellents | DEET spray
heberden-bouchard-nodes,Bouchard node,B,https://dermnetnz.org/topics/heberden-bouchard-nodes,Heberden and Bouchard nodes
collagen-replacement-therapy,Bovine collagen,B,https://dermnetnz.org/topics/collagen-replacement-therapy,Collagen injections | Collagen replacement therapy | Human collagen
farmyard-pox-pathology,Bovine papular stomatitis pathology,B,https://dermnetnz.org/topics/farmyard-pox-pathology,Farmyard pox pathology | Milker's nodule pathology | Orf pathology
orf,Bovine pustular stomatitis,B,https://dermnetnz.org/topics/orf,Contagious ecthyma of sheep | Contagious ovine ecthyma | Contagious pustular dermatitis | Contagious pustular stomatitis | Ecthyma contagiosum
bowel-bypass-syndrome,Bowel bypass syndrome,B,https://dermnetnz.org/topics/bowel-bypass-syndrome,Bowel-associated dermatitis-arthritis syndrome | Contaminated small bowel syndrome | Post-operative blind loop syndrome | Stagnant loop syndrome
intraepidermal-squamous-cell-carcinoma,Bowen disease of skin,B,https://dermnetnz.org/topics/intraepidermal-squamous-cell-carcinoma,Carcinoma in situ of the skin | Intraepidermal carcinoma of skin | Intraepidermal SCC of skin | Intraepidermal squamous cell carcinoma | Superficial SCC of skin
intraepidermal-carcinoma-images,Bowen disease of skin images,B,https://dermnetnz.org/topics/intraepidermal-carcinoma-images,IEC skin images | In situ SCC skin images | Intraepidermal carcinoma images | Squamous cell carcinoma in situ images
penile-intraepithelial-neoplasia,Bowen disease of the penis,B,https://dermnetnz.org/topics/penile-intraepithelial-neoplasia,Erythroplasia of Queyrat | In situ squamous cell carcinoma of the penis | Penile epithelial neoplasia | Penile intraepithelial neoplasia | Squamous intraepithelial lesion
vulval-intraepithelial-neoplasia,Bowen disease of vulva,B,https://dermnetnz.org/topics/vulval-intraepithelial-neoplasia,Squamous cell carcinoma-in-situ of the vulva | Vulval dysplasia | Vulval intraepithelial neoplasia | Vulvar squamous intraepithelial lesion
squamous-cell-carcinoma-in-situ-pathology,Bowen disease pathology,B,https://dermnetnz.org/topics/squamous-cell-carcinoma-in-situ-pathology,SCCIS pathology | Squamous cell carcinoma in situ pathology
bowenoid-papulosis,Bowenoid papulosis,B,https://dermnetnz.org/topics/bowenoid-papulosis,
bullous-pemphigoid-pathology,BP pathology,B,https://dermnetnz.org/topics/bullous-pemphigoid-pathology,Bullous pemphigoid pathology
brachioradial-pruritus,Brachioradial pruritus,B,https://dermnetnz.org/topics/brachioradial-pruritus,
branchial-cleft-cyst-pathology,Branchial cleft cyst pathology,B,https://dermnetnz.org/topics/branchial-cleft-cyst-pathology,Pathology of cyst of branchial cleft
dengue,Breakbone fever,B,https://dermnetnz.org/topics/dengue,Degue haemorrhagic fever | Dengue fever with warning signs
lactation-and-medications-used-in-dermatology,Breastfeeding and skin treatments,B,https://dermnetnz.org/topics/lactation-and-medications-used-in-dermatology,Lactation and medications used in dermatology | Medication safety with lactation
uvb-phototherapy,Broadband UVB phototherapy,B,https://dermnetnz.org/topics/uvb-phototherapy,Narrowband UVB phototherapy | UVB phototherapy
brodalumab,Brodalumab,B,https://dermnetnz.org/topics/brodalumab,
telangiectasia,Broken capillaries,B,https://dermnetnz.org/topics/telangiectasia,Telangiectases | Telangiectasia
halogenoderma,Bromoderma,B,https://dermnetnz.org/topics/halogenoderma,Halogen eruption | Halogen rash | Halogenoderma | Iododerma
bronchogenic-cyst-pathology,Bronchogenic cyst pathology,B,https://dermnetnz.org/topics/bronchogenic-cyst-pathology,Congenital bronchial cyst pathology
haemochromatosis,Bronze diabetes,B,https://dermnetnz.org/topics/haemochromatosis,Haemochromatosis | Iron storage disease
congenital-melanocytic-naevi,Brown birthmark,B,https://dermnetnz.org/topics/congenital-melanocytic-naevi,Congenital dermal melanocytic naevus | Congenital melanocytic naevus | Congenital pigmented melanocytic naevus | Congenital pigmented naevus
congenital-melanocytic-naevus-pathology,Brown birthmark pathology,B,https://dermnetnz.org/topics/congenital-melanocytic-naevus-pathology,Congenital melanocytic naevus pathology
brown-spots-and-freckles,Brown spots and freckles,B,https://dermnetnz.org/topics/brown-spots-and-freckles,
hereditary-focal-palmoplantar-keratoderma,Brunauer-Fohs-Siemens syndrome,B,https://dermnetnz.org/topics/hereditary-focal-palmoplantar-keratoderma,Carvajal syndrome | Dilated cardiomyopathy with woolly hair and keratoderma | Hereditary focal palmoplantar keratoderma | Hereditary painful callosities | Howel-Evans syndrome | Palmoplantar keratoderma striata | Richner Hanhart syndrome | Striate keratoderma | Tylosis with oeseophageal cancer | Tyrosinaemia type II
brunsting-perry-cicatricial-pemphigoid,Brunsting-Perry cicatricial pemphigoid,B,https://dermnetnz.org/topics/brunsting-perry-cicatricial-pemphigoid,
brunsting-perry-cicatricial-pemphigoid-pathology,Brunsting-Perry cicatricial pemphigoid pathology,B,https://dermnetnz.org/topics/brunsting-perry-cicatricial-pemphigoid-pathology,
x-linked-agammaglobulinaemia,Bruton agammaglobulinaemia,B,https://dermnetnz.org/topics/x-linked-agammaglobulinaemia,Bruton disease | Bruton hypogammaglobulinaemia | X-linked-agammaglobulinaemia
bruton-tyrosine-kinase-inhibitors,Bruton Tyrosine Kinase inhibitors,B,https://dermnetnz.org/topics/bruton-tyrosine-kinase-inhibitors,Bruton's tyrosine kinase inhibitor | Brutons tyrosine kinase inhibitor | Non-specific protein-tyrosine kinase inhibitor
yaws,Buba,B,https://dermnetnz.org/topics/yaws,Buoba | Frambesia | Infection by Treponema pertenue | Parangi | Paru | Patek | Pian | Tona | Yaws
thromboangiitis-obliterans,Buerger disease,B,https://dermnetnz.org/topics/thromboangiitis-obliterans,Thromboangiitis obliterans
kindler-syndrome,Bullous acrokeratotic poikiloderma of Kindler and Weary,B,https://dermnetnz.org/topics/kindler-syndrome,Congenital poikiloderma with bullae Weary type | Hereditary acrokeratotic poikiloderma
epidermolytic-ichthyosis,Bullous congenital ichthyosiform erythroderma,B,https://dermnetnz.org/topics/epidermolytic-ichthyosis,Bullous ichthyosiform erythroderma | Congenital bullous ichthyosiform erythroderma | Dominant ichthyosis vulgaris
bullous-systemic-lupus-erythematosus,Bullous systemic lupus erythematosus,B,https://dermnetnz.org/topics/bullous-systemic-lupus-erythematosus,
melioidosis,Burkholderia pseudomallei infection,B,https://dermnetnz.org/topics/melioidosis,Morphia injectors epticaemia | Nightcliff gardeners disease | Paddy field disease | Vietnamese time bomb | Whitmore's disease
scleroedema,Buschke scleredema,B,https://dermnetnz.org/topics/scleroedema,Scleroedema | Scleroedema adultorum of Buschke
cryptococcosis,Busse Buschke disease,B,https://dermnetnz.org/topics/cryptococcosis,Busse Buschkes disease | Cutaneous cryptococcosis | European Blastomycosis | European cryptococcosis | Infection by Cryptococcus gattii | Infection by Cryptococcus neoformans | Torula
consort-allergic-contact-dermatitis,CACD,C,https://dermnetnz.org/topics/consort-allergic-contact-dermatitis,Connubial contact dermatitis | Consort allergic contact dermatitis | Contact dermatitis by proxy
cafe-au-lait-macule,Cafe au lait,C,https://dermnetnz.org/topics/cafe-au-lait-macule,Cafe-au-lait | Café-au-lait macule | Café-au-lait spot | CALM | Circumscribed café-au-lait hypermelanosis | Circumscribed hypermelanosis | Recklinghausen spot
calciphylaxis,Calcific uraemic arteriolopathy,C,https://dermnetnz.org/topics/calciphylaxis,Calcific vasculopathy | Calciphylaxis
calciphylaxis-pathology,Calcific uraemic arteriolopathy pathology,C,https://dermnetnz.org/topics/calciphylaxis-pathology,Calciphylaxis pathology
calcifying-aponeurotic-fibroma-pathology,Calcifying aponeurotic fibroma pathology,C,https://dermnetnz.org/topics/calcifying-aponeurotic-fibroma-pathology,
calcineurin-inhibitors,Calcineurin inhibitor,C,https://dermnetnz.org/topics/calcineurin-inhibitors,
calcinosis-cutis,Calcinosis cutis,C,https://dermnetnz.org/topics/calcinosis-cutis,Cutaneous calcification
calcinosis-cutis-pathology,Calcinosis cutis pathology,C,https://dermnetnz.org/topics/calcinosis-cutis-pathology,Cutaneous calcification pathology | Skin calcinosis pathology
calcipotriol,Calcipotriene,C,https://dermnetnz.org/topics/calcipotriol,Calcipotriol | Daivonex
calcipotriolbetamethasone-dipropionate-foam,Calcipotriol/betamethasone dipropionate foam,C,https://dermnetnz.org/topics/calcipotriolbetamethasone-dipropionate-foam,Enstilar
calcipotriolbetamethasone-dipropionate-ointment-and-gel,Calcipotriol/betamethasone dipropionate ointment and gel,C,https://dermnetnz.org/topics/calcipotriolbetamethasone-dipropionate-ointment-and-gel,Daivobet
vitamin-d,Calcitriol,C,https://dermnetnz.org/topics/vitamin-d,Cholecalciferol | Colecalciferol | Ergocalciferol | Vitamin D
marigold,Calendula officinales,C,https://dermnetnz.org/topics/marigold,Marigold | Pot marigold
corn-callus,Callosity,C,https://dermnetnz.org/topics/corn-callus,Corn and callus | Hard corn | Hyperkeratotic callus of skin | Keratoma | Tyloma
corn-clavus-images,Callosity images,C,https://dermnetnz.org/topics/corn-clavus-images,Corn images
granuloma-inguinale,Calymmatobacterium granulomatis infection,C,https://dermnetnz.org/topics/granuloma-inguinale,Donovanosis | Granuloma inguinale | Klebsiella granulomatis infection
cherry-angioma,Campbell de Morgan angioma,C,https://dermnetnz.org/topics/cherry-angioma,Campbell de Morgan spot | Cherry angioma | Cherry haemangioma | De Morgan spots | Senile angioma | Senile ectasia | Senile naevus of skin
carcinoma-in-situ-of-oral-cavity,Cancer in situ of mouth,C,https://dermnetnz.org/topics/carcinoma-in-situ-of-oral-cavity,Carcinoma in situ of mouth | Carcinoma in situ of oral cavity | Oral intraepithelial carcinoma | Oral squamous cell carcinoma in situ
skin-metastasis,Cancer metastasis to skin,C,https://dermnetnz.org/topics/skin-metastasis,Cutaneous metastasis | Dermal metastasis | Malignant infiltration of skin | Metastasis to skin | Secondary cancers of skin | Skin secondaries
skin-cancer,Cancer of skin,C,https://dermnetnz.org/topics/skin-cancer,Malignant neoplasm of skin | Skin cancer
oral-cancer,Cancer of the mouth,C,https://dermnetnz.org/topics/oral-cancer,Malignant neoplasm of mouth | Mouth cancer | Oral cancer | Oral squamous cell carcinoma
vulval-cancer,Cancer of the vulva,C,https://dermnetnz.org/topics/vulval-cancer,Malignant vulval neoplasm | Vulval cancer | Vulval malignancies | Vulval neoplasms
candida,Candida,C,https://dermnetnz.org/topics/candida,Candidiasis | Candidosis | Monilia | Moniliasis
candidiasis-of-skin-folds,Candida infection of flexural skin,C,https://dermnetnz.org/topics/candidiasis-of-skin-folds,Candida intertrigo | Candida of skin folds | Candidal intertrigo | Flexural candidiasis | Flexural candidosis | Intertriginous candidiasis | Intertriginous candidosis
fungal-nail-infections,Candidal onychia,C,https://dermnetnz.org/topics/fungal-nail-infections,Dermatophytosis of nail | Fungal nail infections | Ringworm of nail | Tinea of nail | Tinea unguium
vulvovaginal-candidiasis,Candidal vulvovaginitis,C,https://dermnetnz.org/topics/vulvovaginal-candidiasis,Monilial vulvovaginitis | Vulvovaginal candidiasis | Vulvovaginal candidosis | Vulvovaginal thrush | Vulvovaginal yeast infection
candidiasis-pathology,Candidiasis pathology,C,https://dermnetnz.org/topics/candidiasis-pathology,Cutaneous candidiasis pathology
leptospirosis,Cane cutters fever,C,https://dermnetnz.org/topics/leptospirosis,Harvest fever | Infection due to Leptospira | Japanese autumnal fever | Queensland fever | Rice field workers disease | Seven day fever | Spirochaetal jaundice | Weil disease
ragwort,Cankerwort,C,https://dermnetnz.org/topics/ragwort,Cushag | Ragwort | Senecio jacobaea | St James-wort | Staggerwort | Stammerwort
cannabinoids-in-dermatology,Cannabinoids in dermatology,C,https://dermnetnz.org/topics/cannabinoids-in-dermatology,
coining,Cao gio,C,https://dermnetnz.org/topics/coining,Gua sha
capillaritis,Capillaritis,C,https://dermnetnz.org/topics/capillaritis,Pigmented purpura
lichen-aureus-pathology,Capillaritis pathology,C,https://dermnetnz.org/topics/lichen-aureus-pathology,Lichen aureus pathology | Pigmented purpuric dermatitis pathology
capillary-vascular-malformation,Capillary vascular malformation,C,https://dermnetnz.org/topics/capillary-vascular-malformation,Congenital vascular naevus | Cutaneous capillary malformation | Cutaneous capillary vascular malformation | Telangiectatic naevi
cryopyrin-associated-periodic-syndromes,CAPS,C,https://dermnetnz.org/topics/cryopyrin-associated-periodic-syndromes,Cryopyrin-associated periodic syndromes | Cryopyrinopathies
capsaicin,Capsaicin,C,https://dermnetnz.org/topics/capsaicin,Capzasin | Hot pepper extract
pinta,Carate,C,https://dermnetnz.org/topics/pinta,Infection by Treponema carateum | Mal del pinto | Pinta
urea,Carbamide,C,https://dermnetnz.org/topics/urea,Carbonyldiamide | Urea
carbon-dioxide-laser-treatment,Carbon dioxide laser treatment,C,https://dermnetnz.org/topics/carbon-dioxide-laser-treatment,CO2 laser
cryotherapy,Carbon dioxide snow therapy,C,https://dermnetnz.org/topics/cryotherapy,Cryotherapy | Dry ice therapy | Liquid nitrogen therapy
carbon-monoxide-poisoning,Carbon monoxide poisoning,C,https://dermnetnz.org/topics/carbon-monoxide-poisoning,Toxic effect of carbon monoxide
boil,Carbuncle,C,https://dermnetnz.org/topics/boil,
carcinoid-pathology,Carcinoid pathology,C,https://dermnetnz.org/topics/carcinoid-pathology,Carcinoid tumour pathology
carcinoid-syndrome,Carcinoid syndrome,C,https://dermnetnz.org/topics/carcinoid-syndrome,Hormonal tumour | Hormone secretion by carcinoid tumour | Metastatic malignant carcinoid tumour
carcinoma-erysipeloides,Carcinoma en cuirasse,C,https://dermnetnz.org/topics/carcinoma-erysipeloides,Carcinoma erysipeloides | Carcinoma telangiectoides | Sclerodermoid carcinoma
carcinoma-erysipeloides-pathology,Carcinoma en cuirasse pathology,C,https://dermnetnz.org/topics/carcinoma-erysipeloides-pathology,Carcinoma erysipeloides pathology
sebaceous-carcinoma,Carcinoma of sebaceous gland,C,https://dermnetnz.org/topics/sebaceous-carcinoma,Sebaceous carcinoma | Sebaceous gland adenocarcinoma
carrion-disease,Carrion disease,C,https://dermnetnz.org/topics/carrion-disease,
choristoma,Cartilaginous choristoma,C,https://dermnetnz.org/topics/choristoma,Choristoma | Corneal choristoma | Dermoid choristoma | Epidermal choristoma | Lipodermoid choristoma | Neural choristoma | Osseous choristoma | Phakomatous choristoma | Salivary gland choristoma
cowpox,Catpox,C,https://dermnetnz.org/topics/cowpox,
causes-of-atopic-dermatitis,Causes of allergic dermatitis,C,https://dermnetnz.org/topics/causes-of-atopic-dermatitis,Causes of allergic eczema | Causes of atopic dermatitis | Causes of atopic eczema | Causes of disseminted neurodermatitis
differential-diagnosis-of-leg-ulcer,Causes of leg ulcers,C,https://dermnetnz.org/topics/differential-diagnosis-of-leg-ulcer,Differential diagnosis of leg ulcer
differential-diagnosis-of-itchy-skin,Causes of pruritus,C,https://dermnetnz.org/topics/differential-diagnosis-of-itchy-skin,The differential diagnosis of itchy skin
diagnosis-of-scalp-rashes,Causes of scalp rashes,C,https://dermnetnz.org/topics/diagnosis-of-scalp-rashes,Diagnosis of scalp rashes
chemical-burn,Caustic burn,C,https://dermnetnz.org/topics/chemical-burn,Chemical burn
central-centrifugal-cicatricial-alopecia,CCCA,C,https://dermnetnz.org/topics/central-centrifugal-cicatricial-alopecia,Central centrifugal cicatricial alopecia
epithelioid-histiocytoma-pathology,Cellular histiocytoma of skin pathology,C,https://dermnetnz.org/topics/epithelioid-histiocytoma-pathology,Cutaneous fibrous histiocytoma pathology | Epithelioid dermatofibroma pathology | Epithelioid fibrous histiocytoma pathology | Epithelioid histiocytoma pathology
chrome-allergy,Cement dermatitis,C,https://dermnetnz.org/topics/chrome-allergy,Chromate allergy | Chrome allergy | Chromium salt allergy | Potassium dichromate allergic contact dermatitis
cemiplimab,Cemiplimab,C,https://dermnetnz.org/topics/cemiplimab,Libtayo
keratoelastoidosis-marginalis-pathology,CEMPH pathology,C,https://dermnetnz.org/topics/keratoelastoidosis-marginalis-pathology,Keratoelastoidosis marginalis pathology
contact-allergy-to-propolis,Cera alba,C,https://dermnetnz.org/topics/contact-allergy-to-propolis,Cera flava | Contact allergy to propolis
swimmers-itch,Cercarial dermatitis,C,https://dermnetnz.org/topics/swimmers-itch,
congenital-cartilaginous-rests-of-the-neck,Cervical auricle,C,https://dermnetnz.org/topics/congenital-cartilaginous-rests-of-the-neck,Cervical tab | Congenital cartilaginous rests of the neck | Wattle
cutis-laxa,Chalazodermia,C,https://dermnetnz.org/topics/cutis-laxa,Cutis laxa | Dermatolysis | Dermatomegaly | Generalised dermatochalazia | Generalised elastolysis | Generalised elastorrhexis | Lax skin | Primary elastolysis | Systematised elastorrhexis
chancroid,Chancroid,C,https://dermnetnz.org/topics/chancroid,Chancroidal bubo | Ducreyi chancre | Haemophilus ducreyi infection | Soft chancre
cheilitis,Chapped lips,C,https://dermnetnz.org/topics/cheilitis,Inflamed lips | Inflammation of the lips
check-your-skin-today,Check your skin today,C,https://dermnetnz.org/topics/check-your-skin-today,Skin self-examination
griscelli-syndrome,Chediak Higashi like syndrome,C,https://dermnetnz.org/topics/griscelli-syndrome,Elejalde syndrome | Griscelli Prunieras syndrome | Hypopigmentation-immunodeficiency disease | Partial albinism with immunodeficiency
glandular-cheilitis,Cheilitis glandularis,C,https://dermnetnz.org/topics/glandular-cheilitis,Glandular cheilitis
chemical-peels,Chemexfoliation of skin,C,https://dermnetnz.org/topics/chemical-peels,Chemical peels | Glycolic acid peel | Salicylic acid peel | Trichloracetic acid peel
contact-leukoderma,Chemical hypomelanosis,C,https://dermnetnz.org/topics/contact-leukoderma,Chemical induced vitiligo | Chemical leucoderma | Chemical leukoderma | Contact leucoderma | Contact leukoderma | Contact vitiligo | Occupational vitiligo
cherry-angioma-pathology,Cherry angioma pathology,C,https://dermnetnz.org/topics/cherry-angioma-pathology,Cherry haemangioma pathology
chickenpox-pathology,Chickenpox pathology,C,https://dermnetnz.org/topics/chickenpox-pathology,Herpes varicella zoster pathology | Varicella pathology | Zoster pathology
herpes-virus-infection-pathology,Chickenpox pathology,C,https://dermnetnz.org/topics/herpes-virus-infection-pathology,Herpes virus infection pathology | HSV infection pathology | Shingles pathology | VZV infection pathology
tungiasis,Chigoe disease,C,https://dermnetnz.org/topics/tungiasis,Chigoe infestation | Infestation by sand flea | Jigger disease | Jiggers infestation | Niguiasis | Sand flea infestation | Sarcopsyllosis | Tunga penetrans infestation | Tungiasis
chikungunya-fever,Chikungunya disease,C,https://dermnetnz.org/topics/chikungunya-fever,Chikungunya fever | Chikungunya haemorrhagic fever
chilblains,Chilblain,C,https://dermnetnz.org/topics/chilblains,Chilblains | Erythema pernio
chilblain-lupus-erythematosus,Chilblain LE,C,https://dermnetnz.org/topics/chilblain-lupus-erythematosus,Chilblain lupus erythematosus | Lupus chilblains
perniosis-pathology,Chilblains pathology,C,https://dermnetnz.org/topics/perniosis-pathology,Perniosis pathology
childhood-melanoma,Childhood melanoma,C,https://dermnetnz.org/topics/childhood-melanoma,Melanoma in childhood | Paediatric melanoma
childhood-melanoma-pathology,Childhood melanoma pathology,C,https://dermnetnz.org/topics/childhood-melanoma-pathology,
juvenile-dermatomyositis,Childhood type dermatomyositis,C,https://dermnetnz.org/topics/juvenile-dermatomyositis,Juvenile dermatomyositis | Juvenile dermatopolymyositis
childrens-dermatology-life-quality-index-cdlqi,Children’s Dermatology Life Quality Index (CDLQI),C,https://dermnetnz.org/topics/childrens-dermatology-life-quality-index-cdlqi,
genitourinary-chlamydia,Chlamydia trachomatis infection,C,https://dermnetnz.org/topics/genitourinary-chlamydia,Chlamydiasis | Genital chlamydia infection | Genitourinary chlamydia infection
melasma,Chloasma,C,https://dermnetnz.org/topics/melasma,Mask of pregnancy | Melasma
melasma-images,Chloasma images,C,https://dermnetnz.org/topics/melasma-images,Melasma images
chloracne-madish,Chloracne,C,https://dermnetnz.org/topics/chloracne-madish,Chloracne / MADISH | Chlorine acne | MADISH | Metabolising Acquired Dioxin Induced Skin Hamartomas
leukaemia-cutis,Chloroma,C,https://dermnetnz.org/topics/leukaemia-cutis,Extramedullary leukaemia | Leukaemia cutis | Leukaemic infiltration of the skin
deoxycholic-acid-in-the-treatment-of-submental-fat,Cholanoic acid,C,https://dermnetnz.org/topics/deoxycholic-acid-in-the-treatment-of-submental-fat,Deoxycholate | Deoxycholic acid in the treatment of submental fat
cholestatic-pruritus,Cholestatic pruritus,C,https://dermnetnz.org/topics/cholestatic-pruritus,Pruritus of cholestasis
cholinergic-urticaria,Cholinergic angio oedema urticaria,C,https://dermnetnz.org/topics/cholinergic-urticaria,Cholinergic angioedema urticaria | Cholinergic urticaria | Heat bumps
chondrodermatitis-nodularis,Chondrodermatitis nodularis,C,https://dermnetnz.org/topics/chondrodermatitis-nodularis,Chondrodermatitis nodularis antihelicis | Nodular chondrodermatitis | Winkler disease
chondrodermatitis-nodularis-pathology,Chondrodermatitis nodularis pathology,C,https://dermnetnz.org/topics/chondrodermatitis-nodularis-pathology,
leschnyhan-syndrome,Choreoathetosis self mutilation syndrome,C,https://dermnetnz.org/topics/leschnyhan-syndrome,Complete hypoxanthine-guanine phosphoribosyltransferase deficiency | Hypoxanthine guanine phosphoribosyltransferase deficiency | Hypoxanthine-guanine phosphoribosyltransferase deficiency | Lesch Nyhan disease | Lesch Nyhan syndrome | Lesch-Nyan syndrome | Lesch-Nyhan syndrome | Lesch–Nyhan syndrome | Total HGPRT deficiency | X linked hyperuricaemia
chromoblastomycosis,Chromoblastomycosis,C,https://dermnetnz.org/topics/chromoblastomycosis,Fonseca disease | Pedroso disease | Verrucous dermatitis
chromoblastomycosis-pathology,Chromoblastomycosis pathology,C,https://dermnetnz.org/topics/chromoblastomycosis-pathology,Chromomycosis pathology
chronic-urticaria,Chronic autoimmune urticaria,C,https://dermnetnz.org/topics/chronic-urticaria,Chronic urticaria
leprosy,Chronic bacterial infection with Mycobacterium leprae,C,https://dermnetnz.org/topics/leprosy,Hansen disease | Mycobacterium leprae infection
discoid-lupus-erythematosus,Chronic cutaneous lupus erythematosus,C,https://dermnetnz.org/topics/discoid-lupus-erythematosus,Discoid lupus erythematosus
chronic-granulomatous-disease,Chronic granulomatous disease,C,https://dermnetnz.org/topics/chronic-granulomatous-disease,Chronic septic granulomatosis | Congenital dysphagocytosis
chronic-pruritus-of-unknown-origin,Chronic idiopathic pruritus,C,https://dermnetnz.org/topics/chronic-pruritus-of-unknown-origin,Chronic itch of unknown aetiology | Generalised pruritus of unknown origin
chronic-spontaneous-urticaria,Chronic idiopathic urticaria,C,https://dermnetnz.org/topics/chronic-spontaneous-urticaria,Chronic spontaneous urticaria
chronic-inducible-urticaria,Chronic inducible urticaria,C,https://dermnetnz.org/topics/chronic-inducible-urticaria,Physical urticaria
nomidcinca-syndrome,Chronic infantile neurological,C,https://dermnetnz.org/topics/nomidcinca-syndrome,Cutaneous and articular syndrome | Neonatal-onset multisystem inflammatory disease | NOMID/CINCA syndrome
uraemic-pruritus,Chronic kidney disease associated pruritus,C,https://dermnetnz.org/topics/uraemic-pruritus,Uraemic pruritus
pityriasis-lichenoides,Chronic pityriasis lichenoides,C,https://dermnetnz.org/topics/pityriasis-lichenoides,Mucha-Habermann disease | Pityriasis lichenoides
chronic-plaque-psoriasis,Chronic plaque psoriasis,C,https://dermnetnz.org/topics/chronic-plaque-psoriasis,Plaque psoriasis | Psoriasis Vulgaris
radiation-dermatitis-pathology,Chronic radiodermatitis pathology,C,https://dermnetnz.org/topics/radiation-dermatitis-pathology,Radiation dermatitis pathology
majeed-syndrome,Chronic recurrent multifocal osteomyelitis congenital dyserythropoietic anaemia and neutrophilic dermatosis,C,https://dermnetnz.org/topics/majeed-syndrome,Majeed syndrome
chronic-superficial-scaly-dermatitis,Chronic superficial dermatitis,C,https://dermnetnz.org/topics/chronic-superficial-scaly-dermatitis,Chronic superficial scaly dermatitis | Chronic superficial scaly dermatitis of Calnan and Meara | Digitate dermatosis | Persistent superficial scaly dermatitis | Small plaque parapsoriasis
chronic-ulcerative-stomatitis,Chronic ulcerative stomatitis,C,https://dermnetnz.org/topics/chronic-ulcerative-stomatitis,
morbihan-disease,Chronic upper facial erythematous oedema,C,https://dermnetnz.org/topics/morbihan-disease,Lymphoedematous rosacea | Morbihan disease | Morbihan syndrome | Morbus Morbihan | Persistent solid facial oedema | Rosaceous lymphoedema
perpendicular-white-lines-dermoscopy,Chrysalids,C,https://dermnetnz.org/topics/perpendicular-white-lines-dermoscopy,Chrysalis structures | Cystalline structures | Perpendicular white lines dermoscopy | Polarising white lines | Shiny white streaks
chrysanthemum,Chrysanthemum,C,https://dermnetnz.org/topics/chrysanthemum,X dendranthema
feverfew,Chrysanthemum parthenium,C,https://dermnetnz.org/topics/feverfew,Tanacetum parthenium
ciclosporin,Ciclosporin A,C,https://dermnetnz.org/topics/ciclosporin,CSA | CYA | Cyclosporine A | Gengraf | Neoral | Sandimmune
bed-bugs,Cimex lectularius bites,C,https://dermnetnz.org/topics/bed-bugs,
melatonin,Circadin,C,https://dermnetnz.org/topics/melatonin,Melatonin | Natrol
listeriosis,Circling disease,C,https://dermnetnz.org/topics/listeriosis,Infection due to listeria monocytogenes | Listerial infection
circumscribed-palmar-hypokeratosis,Circumscribed palmar hypokeratosis,C,https://dermnetnz.org/topics/circumscribed-palmar-hypokeratosis,
citron,Citrus apple,C,https://dermnetnz.org/topics/citron,Citrus medica
lime,Citrus latifolia,C,https://dermnetnz.org/topics/lime,
clapo-syndrome,CLAPO syndrome,C,https://dermnetnz.org/topics/clapo-syndrome,
melanoma-in-situ,Clark level 1 melanoma,C,https://dermnetnz.org/topics/melanoma-in-situ,In-situ melanoma | Melanoma in situ | Stage 0 melanoma
clascoterone,Clascoterone,C,https://dermnetnz.org/topics/clascoterone,
langerhans-cell-histiocytosis,Class I histiocytosis,C,https://dermnetnz.org/topics/langerhans-cell-histiocytosis,Differentiated progressive histiocytosis | Langerhans cell disease | Langerhans cell histiocytosis
non-langerhans-cell-histiocytosis,Class II histiocytosis,C,https://dermnetnz.org/topics/non-langerhans-cell-histiocytosis,Non-Langerhans cell histiocytosis
malignant-histiocytoses,Class III histocytoses,C,https://dermnetnz.org/topics/malignant-histiocytoses,Malignant histiocytoses
congenital-adrenal-hyperplasia,Classic congenital adrenal hyperplasia,C,https://dermnetnz.org/topics/congenital-adrenal-hyperplasia,Congenital adrenal hyperplasia
clear-cell-fibrous-papule-pathology,Clear cell fibrous papule pathology,C,https://dermnetnz.org/topics/clear-cell-fibrous-papule-pathology,
clear-cell-mesenchymal-neoplasm-pathology,Clear cell mesenchymal neoplasm pathology,C,https://dermnetnz.org/topics/clear-cell-mesenchymal-neoplasm-pathology,DDCCMN pathology | Distinctive dermal clear cell mesenchymal neoplasm pathology
clindamycin,Clindagel,C,https://dermnetnz.org/topics/clindamycin,Clindamax | Clindamycin | Clindamycin hydrochloride | Clindamycin phosphate | Duac
clinical-images-supplied-to-dermnet,Clinical images supplied to DermNet,C,https://dermnetnz.org/topics/clinical-images-supplied-to-dermnet,
image-acquisition-in-dermatology,Clinical imaging,C,https://dermnetnz.org/topics/image-acquisition-in-dermatology,How to take clinical photographs | Image acquisition in dermatology | Photography in dermatology
clinical-study-experience-with-diclofenac-gel-for-actinic-keratoses,Clinical trials of diclofenac gel for actinic keratoses,C,https://dermnetnz.org/topics/clinical-study-experience-with-diclofenac-gel-for-actinic-keratoses,
female-genital-cosmetic-surgery,Clitoral hoodplasty,C,https://dermnetnz.org/topics/female-genital-cosmetic-surgery,Female genital cosmetic surgery | Hymenoplasty | Labiaplasty | Perineoplasty | Revirgination | Vaginoplasty | Vulvar lipoplasty | Vulvoplasty
clofazimine,Clofazimine,C,https://dermnetnz.org/topics/clofazimine,Riminophenazine dye
patch-tests,Closed patch test,C,https://dermnetnz.org/topics/patch-tests,Contact allergy testing | Patch testing | Patch tests
textile-contact-dermatitis,Clothing dermatitis,C,https://dermnetnz.org/topics/textile-contact-dermatitis,Textile contact dermatitis
cytomegalovirus-infection-pathology,CMV pathology,C,https://dermnetnz.org/topics/cytomegalovirus-infection-pathology,Cytomegalovirus infection pathology
coagulase-negative-staphylococci,Coagulase negative staphylococci,C,https://dermnetnz.org/topics/coagulase-negative-staphylococci,Non-pathogenic staphylococci | Staphylococcus coagulase negative
coal-tar,Coal tar treatment,C,https://dermnetnz.org/topics/coal-tar,Crude coal tar treatments
coccidioidomycosis-pathology,Coccidioidomycosis pathology,C,https://dermnetnz.org/topics/coccidioidomycosis-pathology,Pathology of disseminated coccidioidomycosis involving skin
cockayne-syndrome,Cockayne syndrome,C,https://dermnetnz.org/topics/cockayne-syndrome,
coconut-diethanolamide-allergy,Coconut diethanolamide allergy,C,https://dermnetnz.org/topics/coconut-diethanolamide-allergy,
gluten-enteropathy-in-patients-with-dermatitis-herpetiformis,Coeliac disease,C,https://dermnetnz.org/topics/gluten-enteropathy-in-patients-with-dermatitis-herpetiformis,Gluten enteropathy in patients with dermatitis herpetiformis | Gluten-sensitive enteropathy of coeliac disease
dyskeratosis-congenita,Cole-Engmann-Zinsser syndrome,C,https://dermnetnz.org/topics/dyskeratosis-congenita,Congenital dyskeratosis | Dyskeratosis congenita | Zinsser-Cole-Engman syndrome
collagen,Collagen,C,https://dermnetnz.org/topics/collagen,
connective-tissue-diseases,Collagen vascular diseases,C,https://dermnetnz.org/topics/connective-tissue-diseases,Connective tissue diseases
keratoelastoidosis-marginalis,Collagenous and elastotic marginal plaques of the hands,C,https://dermnetnz.org/topics/keratoelastoidosis-marginalis,Collagenous plaques of hands and feet | Digital papular calcific elastosis | Keratoelastoidosis marginalis | Marginal keratoelastoidosis of the hands
desmoplastic-fibroblastoma-pathology,Collagenous fibroma pathology,C,https://dermnetnz.org/topics/desmoplastic-fibroblastoma-pathology,Desmoplastic fibroblastoma pathology
collodion-baby,Collodion baby,C,https://dermnetnz.org/topics/collodion-baby,Collodion membrane
colloid-milium,Colloid infiltration hyaloma,C,https://dermnetnz.org/topics/colloid-milium,Elastosis colloidalis conglomerate | Miliary colloidoma
colloid-milium-pathology,Colloid milium pathology,C,https://dermnetnz.org/topics/colloid-milium-pathology,
rosin-allergy,Colophony allergy,C,https://dermnetnz.org/topics/rosin-allergy,Rosin allergy
combined-cellular-blue-naevus-and-trichoepithelioma-pathology,Combined cellular blue naevus and trichoepithelioma pathology,C,https://dermnetnz.org/topics/combined-cellular-blue-naevus-and-trichoepithelioma-pathology,
comedonal-acne,Comedonal acne,C,https://dermnetnz.org/topics/comedonal-acne,
comedonal-cyst-pathology,Comedonal cyst pathology,C,https://dermnetnz.org/topics/comedonal-cyst-pathology,Follicular retention cyst pathology
common-terminology-criteria-for-adverse-events-due-to-cancer-therapy,Common terminology criteria for adverse events due to cancer therapy,C,https://dermnetnz.org/topics/common-terminology-criteria-for-adverse-events-due-to-cancer-therapy,
verruca-vulgaris-pathology,Common warts pathology,C,https://dermnetnz.org/topics/verruca-vulgaris-pathology,Verruca vulgaris pathology
complement-deficiencies,Complement deficiency disease,C,https://dermnetnz.org/topics/complement-deficiencies,Deficiency of C1 esterase inhibitor | Hypocomplementaemia
infantile-haemangioma-complications-and-treatment,Complications and treatment of strawberry naevus,C,https://dermnetnz.org/topics/infantile-haemangioma-complications-and-treatment,Infantile haemangioma: Complications and treatment
complications-of-atopic-dermatitis,Complications of atopic dermatitis,C,https://dermnetnz.org/topics/complications-of-atopic-dermatitis,Complications of atopic eczema
compression-therapy,Compression therapy,C,https://dermnetnz.org/topics/compression-therapy,Graduated compression bandaging
compulsive-hand-washing,Compulsive hand washing,C,https://dermnetnz.org/topics/compulsive-hand-washing,Hand-washing dermatitis | Repetitive handwashing
convolutional-neural-networks-in-dermatology,Computer aided detection,C,https://dermnetnz.org/topics/convolutional-neural-networks-in-dermatology,Convolutional neural networks in dermatology | Deep artifical neural network
computer-mouse-dermatitis,Computer mouse dermatitis,C,https://dermnetnz.org/topics/computer-mouse-dermatitis,
targeted-phototherapy,Concentrated phototherapy,C,https://dermnetnz.org/topics/targeted-phototherapy,Focussed phototherapy | Microphototherapy | Targeted phototherapy
conditions-affecting-the-ear-images,Conditions affecting the ear images,C,https://dermnetnz.org/topics/conditions-affecting-the-ear-images,Ear skin problems images
conditions-affecting-the-tongue,Conditions affecting the tongue,C,https://dermnetnz.org/topics/conditions-affecting-the-tongue,Diseases of the tongue
potassium-permanganate,Condy's crystals,C,https://dermnetnz.org/topics/potassium-permanganate,Potassium permanganate
confluent-and-reticulated-papillomatosis,Confluent and reticulate papillomatosis of Gougerot and Carteaud,C,https://dermnetnz.org/topics/confluent-and-reticulated-papillomatosis,Confluent and reticulated papillomatosis | Gougerot Carteaud Syndrome | Gougerot-Carteaud disease
congenital-erythropoietic-porphyria,Congenital erythropoietic porphyria,C,https://dermnetnz.org/topics/congenital-erythropoietic-porphyria,Congenital photosensitive porphyria | Gunther disease | Haematoporphyria congenita | Porphyria erythropoietica | Uroporphyrinogen III synthase deficiency
ichthyosis-prematurity-syndrome,Congenital ichthyosis type 4,C,https://dermnetnz.org/topics/ichthyosis-prematurity-syndrome,Ichthyosis prematurity syndrome | Syndromic congenital ichthyosis
white-sponge-naevus,Congenital leukokeratosis,C,https://dermnetnz.org/topics/white-sponge-naevus,Familial white folded mucosal dysplasia | Hereditary leukokeratosis | Hereditary leukokeratosis of mucosa | Hereditary oral keratosis | Hereditary white sponge naevus | Mucosa oris | Oral epithelial naevus | Oral white sponge naevus | White folded gingivostomatitis | White sponge naevus | White sponge naevus of mucosa | White sponge nevus of mucosa
cloves-syndrome,"Congenital lipomatous overgrowth, vascular malformations, and epidermal naevi",C,https://dermnetnz.org/topics/cloves-syndrome,"Congenital lipomatous overgrowth, vascular, epidermal and skeletal anomalies syndrome"
cutis-marmorata-telangiectatica-congenita,Congenital livedo reticularis,C,https://dermnetnz.org/topics/cutis-marmorata-telangiectatica-congenita,Cutis marmorata telangiectatica congenita | Van Lohuizen syndrome
congenital-malalignment-of-the-great-toenails,Congenital malalignment of great toenail,C,https://dermnetnz.org/topics/congenital-malalignment-of-the-great-toenails,Congenital malalignment of the great toenails | Congenital malalignment syndrome
naevus-of-ota-ito-hori,Congenital oculodermal melanocytosis,C,https://dermnetnz.org/topics/naevus-of-ota-ito-hori,"Itos naevus | Naevus fuscocerulophthalmomaxillaris | Naevus fusoceruleus acromiodeltoideus | Naevus of Ota, naevus of Ito and naevus of Hori | Oculodermal melanocytosis"
pachyonychia-congenita,Congenital pachyonychia,C,https://dermnetnz.org/topics/pachyonychia-congenita,Jadassohn Lewandowsky syndrome | Pachyonychia congenita | Pachyonychia congenita syndrome
bloom-syndrome,Congenital telangiectatic erythema,C,https://dermnetnz.org/topics/bloom-syndrome,Congenital telangiectatic erythema syndrome
temporal-triangular-alopecia,Congenital temporal alopecia,C,https://dermnetnz.org/topics/temporal-triangular-alopecia,Temporal triangular alopecia | Triangular alopecia
juvenile-xanthogranuloma,Congenital xanthoma tuberosum,C,https://dermnetnz.org/topics/juvenile-xanthogranuloma,Juvenile giant cell granuloma | Juvenile xanthogranuloma | Juvenile xanthoma | Naevoxanthoendothelioma | Xanthoma multiplex | Xanthoma naeviforme
conjunctivitis-pathology,Conjunctivitis pathology,C,https://dermnetnz.org/topics/conjunctivitis-pathology,
connective-tissue-naevi,Connective tissue naevus,C,https://dermnetnz.org/topics/connective-tissue-naevi,
disseminated-intravascular-coagulation,Consumptive coagulopathy,C,https://dermnetnz.org/topics/disseminated-intravascular-coagulation,Consumptive thrombohaemorrhagic disorder | Defibrination syndrome | Disseminated intravascular coagulation | Haemorrhagic fibrinogenolysis | Purpura fulminans
contact-allergens,Contact allergens,C,https://dermnetnz.org/topics/contact-allergens,List of contact allergens in DermNetNZ
contact-allergy-to-limonene-and-linalool,Contact allergy to hydroperoxides of limonene and linalool,C,https://dermnetnz.org/topics/contact-allergy-to-limonene-and-linalool,Limonene allergy | Linalool allergy
contact-allergy-to-lauryl-glucoside,Contact allergy to lauryl glucoside,C,https://dermnetnz.org/topics/contact-allergy-to-lauryl-glucoside,Contact dermatitis to lauryl glucoside | Reaction to dodecyl glucoside | Reaction to lauryl polyglucoside
contact-allergy-to-octylisothiazolinone,Contact allergy to octylisothiazolinone,C,https://dermnetnz.org/topics/contact-allergy-to-octylisothiazolinone,OIT allergy
allergy-to-parabens,Contact allergy to parabens,C,https://dermnetnz.org/topics/allergy-to-parabens,
contact-dermatitis,Contact dermatitis,C,https://dermnetnz.org/topics/contact-dermatitis,Contact eczema
eyelid-dermatitis-images,Contact dermatitis of the eyelid images,C,https://dermnetnz.org/topics/eyelid-dermatitis-images,Eyelid dermatitis images
formaldehyde-allergy,Contact dermatitis to formaldehyde,C,https://dermnetnz.org/topics/formaldehyde-allergy,Formaldehyde allergy | Formalin allergy | Skin reactions to formaldehyde
fragrance-mix-allergy,Contact dermatitis to fragrance,C,https://dermnetnz.org/topics/fragrance-mix-allergy,Fragrance mix allergy
jewellery-allergy,Contact dermatitis to jewellery,C,https://dermnetnz.org/topics/jewellery-allergy,Jewellery allergy
contact-dermatitis-to-nitrile,Contact dermatitis to nitrile,C,https://dermnetnz.org/topics/contact-dermatitis-to-nitrile,
heat-urticaria,Contact heat urticaria,C,https://dermnetnz.org/topics/heat-urticaria,Heat urticaria | Localised heat urticaria | Thermal urticaria | Urticaria caused by heat | Urticaria due to heat
diphenylcyclopropenone,Contact immunotherapy,C,https://dermnetnz.org/topics/diphenylcyclopropenone,
irritant-contact-dermatitis,Contact irritant dermatitis,C,https://dermnetnz.org/topics/irritant-contact-dermatitis,Irritant contact dermatitis | Irritant contact eczema | Non allergic contact dermatitis
contact-irritant-dermatitis-images,Contact irritant dermatitis images,C,https://dermnetnz.org/topics/contact-irritant-dermatitis-images,Irritant contact dermatitis images
contact-reactions-to-cosmetics,Contact reactions to cosmetics,C,https://dermnetnz.org/topics/contact-reactions-to-cosmetics,
contact-reactions-to-lipsticks-and-other-lipcare-products,Contact reactions to lipsticks and other lipcare products,C,https://dermnetnz.org/topics/contact-reactions-to-lipsticks-and-other-lipcare-products,
contact-reactions-to-toothpaste-and-other-oral-hygiene-products,Contact reactions to toothpaste and other oral hygiene products,C,https://dermnetnz.org/topics/contact-reactions-to-toothpaste-and-other-oral-hygiene-products,Contact stomatitis to mouthwash | Contact stomatitis to toothpaste
naltrexone-and-naloxone,Contrave,C,https://dermnetnz.org/topics/naltrexone-and-naloxone,Low dose naltrexone | Naltrexone and naloxone | Narcan | Opioid receptor antagonists
copper-bromide-laser,Copper bromide laser,C,https://dermnetnz.org/topics/copper-bromide-laser,Use of copper bromide laser in dermatology
wilson-disease,Copper storage disease,C,https://dermnetnz.org/topics/wilson-disease,Hepatolenticular degeneration | Kinnier Wilson disease | Neurohepatic degeneration | Progressive lenticular degeneration | Wilson disease
cutaneous-horn,Cornu cutaneum,C,https://dermnetnz.org/topics/cutaneous-horn,Cutaneous horn | Keratin horn
cutaneous-horn-images,Cornu cutaneum images,C,https://dermnetnz.org/topics/cutaneous-horn-images,Cutaneous horn images | Keratin horn images
covid-19,Coronavirus disease 2019,C,https://dermnetnz.org/topics/covid-19,Disease caused by 2019 novel coronavirus | Disease caused by 2019-nCoV | Disease caused by novel coronavirus 2019 | Disease caused by SARS-CoV-2 | Disease caused by severe acute respiratory syndrome coronavirus 2
dermatology-patients-and-covid-19,Coronavirus disease 2019 and dermatology patients,C,https://dermnetnz.org/topics/dermatology-patients-and-covid-19,Dermatology patients and COVID-19 | SARS-CoV-2 infection and dermatology patients | Skin medications and COVID-19
skin-reactions-to-covid-19-vaccines,Coronavirus vaccine reactions,C,https://dermnetnz.org/topics/skin-reactions-to-covid-19-vaccines,Coronavirus vaccine skin reactions | SARS-CoV-2 vaccination | Skin reactions to COVID-19 vaccines
steroid-impregnated-tape,Corticosteroid tape,C,https://dermnetnz.org/topics/steroid-impregnated-tape,Fludroxycortide tape | Steroid impregnated tape | Steroid tape
tinea-incognito,Corticosteroid-modified dermatophytosis,C,https://dermnetnz.org/topics/tinea-incognito,Steroid-modified tinea | Tinea incognita | Tinea incognito
erythrasma,Corynebacteria minutissimum infection,C,https://dermnetnz.org/topics/erythrasma,Erythrasma
role-of-growth-factors-in-skin-creams,Cosmeceuticals,C,https://dermnetnz.org/topics/role-of-growth-factors-in-skin-creams,Role of growth factors in skin creams
cosmetic-camouflage,Cosmetic camouflage,C,https://dermnetnz.org/topics/cosmetic-camouflage,
morphoea-en-coup-de-sabre,Coup de sabre scleroderma,C,https://dermnetnz.org/topics/morphoea-en-coup-de-sabre,En coup de sabre | Frontoparietal linear scleroderma | Linear morphoea en coup de sabre | Morphoea en coup de sabre
covid-19-immunisation-and-immunomodulatorsbiologic-agents,COVID-19 immunisation and immunomodulators/ biologic agents,C,https://dermnetnz.org/topics/covid-19-immunisation-and-immunomodulatorsbiologic-agents,COVID-19 vaccine and immunocompromised patients | Immunisation against SARS-CoV-2 of immunocompromised patients
cow-parsnip-hogweed,Cow parsnip,C,https://dermnetnz.org/topics/cow-parsnip-hogweed,
cowden-disease,Cowden disease,C,https://dermnetnz.org/topics/cowden-disease,Multiple hamartoma syndrome | PTEN hamartoma tumor syndrome spectrum
pubic-lice,Crab lice,C,https://dermnetnz.org/topics/pubic-lice,
cracked-heel,Cracked heel,C,https://dermnetnz.org/topics/cracked-heel,
fissured-tongue,Cracked tongue,C,https://dermnetnz.org/topics/fissured-tongue,Lingua plicata | Plicated tongue
cradle-cap,Cradle cap,C,https://dermnetnz.org/topics/cradle-cap,Juvenile sebaceous dermatitis of scalp | Pityriasis capitis
larva-migrans-pathology,Creeping eruption pathology,C,https://dermnetnz.org/topics/larva-migrans-pathology,Cutaneous larva migrans pathology | Hookworm larvae pathology
crisaborole,Crisaborole,C,https://dermnetnz.org/topics/crisaborole,Eucrisa
genital-crohn-disease,Crohn disease of anogenital skin,C,https://dermnetnz.org/topics/genital-crohn-disease,Crohn disease of penis | Crohn disease of vulva | Cutaneous Crohn disease | Genital Crohn disease
crohn-skin-disease,Crohn disease of skin,C,https://dermnetnz.org/topics/crohn-skin-disease,Crohn skin disease | Cutaneous Crohn disease
primary-cutaneous-follicle-centre-lymphoma,Crosti lymphoma,C,https://dermnetnz.org/topics/primary-cutaneous-follicle-centre-lymphoma,Large cell lymphoma | Primary cutaneous follicle centre lymphoma | Primary cutaneous follicle centre-cell B-cell lymphoma | Primary cutaneous follicular centre B-cell lymphoma | Reticulohistiocytoma of the dorsum
crusted-scabies-pathology,Crusted scabies pathology,C,https://dermnetnz.org/topics/crusted-scabies-pathology,
cryoglobulinaemia,Cryoglobulinaemia,C,https://dermnetnz.org/topics/cryoglobulinaemia,
cryptococcosis-pathology,Cryptococcosis pathology,C,https://dermnetnz.org/topics/cryptococcosis-pathology,Torula pathology
cutaneous-t-cell-lymphoma-images,CTCL images,C,https://dermnetnz.org/topics/cutaneous-t-cell-lymphoma-images,Cutaneous T-cell lymphoma images
mycosis-fungoides-palmaris-et-plantaris,CTCL palmoplantar variant,C,https://dermnetnz.org/topics/mycosis-fungoides-palmaris-et-plantaris,Mycosis fungoides palmaris et plantaris
mycosis-fungoides-pathology,CTCL pathology,C,https://dermnetnz.org/topics/mycosis-fungoides-pathology,Cutaneous T cell lymphoma pathology | MF pathology | Mycosis fungoides pathology
cupping,Cupping therapy,C,https://dermnetnz.org/topics/cupping,
leyland-cyprus,Cupressocyparis leylandii,C,https://dermnetnz.org/topics/leyland-cyprus,Leyland cyprus
curettage-and-cautery,Curettage and cautery,C,https://dermnetnz.org/topics/curettage-and-cautery,Curettage and cautery for treatment of skin lesions | Curettage and diathermy | Curettage and electrodessication
cushing-syndrome,Cushing disease,C,https://dermnetnz.org/topics/cushing-syndrome,
cutaneous-abscess,Cutaneous abscess,C,https://dermnetnz.org/topics/cutaneous-abscess,Pyoderma
cutaneous-adverse-effects-of-antimelanoma-therapies,Cutaneous adverse effects of antimelanoma therapies,C,https://dermnetnz.org/topics/cutaneous-adverse-effects-of-antimelanoma-therapies,
cutaneous-adverse-effects-of-checkpoint-inhibitors,Cutaneous adverse effects of checkpoint inhibitors,C,https://dermnetnz.org/topics/cutaneous-adverse-effects-of-checkpoint-inhibitors,
cutaneous-adverse-effects-of-targeted-anticancer-therapies,Cutaneous adverse effects of targeted anticancer therapies,C,https://dermnetnz.org/topics/cutaneous-adverse-effects-of-targeted-anticancer-therapies,Cutaneous adverse reactions to monoclonal antibodies | Cutaneous adverse reactions to small molecule inhibitors
cutaneous-adverse-reactions-to-calcineurin-inhibitors,Cutaneous adverse reactions to calcineurin inhibitors,C,https://dermnetnz.org/topics/cutaneous-adverse-reactions-to-calcineurin-inhibitors,Skin side effects of calcineurin inhibitors
cutaneous-amyloidosis,Cutaneous amyloidosis,C,https://dermnetnz.org/topics/cutaneous-amyloidosis,
the-structure-of-normal-skin,Cutaneous anatomy,C,https://dermnetnz.org/topics/the-structure-of-normal-skin,Structure of normal skin
cutaneous-b-cell-lymphoma,Cutaneous B-cell lymphoma,C,https://dermnetnz.org/topics/cutaneous-b-cell-lymphoma,
cutaneous-ciliated-cyst-pathology,Cutaneous bronchogenic cyst pathology,C,https://dermnetnz.org/topics/cutaneous-ciliated-cyst-pathology,Cutaneous ciliated cyst pathology | Presternal ciliated cyst pathology
skin-signs-of-viral-hepatitis,Cutaneous changes due to hepatotrophic viruses,C,https://dermnetnz.org/topics/skin-signs-of-viral-hepatitis,Mucocutaneous sequelae of viral hepatitis | Skin signs of viral hepatitis
cutaneous-collagenous-vasculopathy,Cutaneous collagenous vasculopathy,C,https://dermnetnz.org/topics/cutaneous-collagenous-vasculopathy,
metastatic-crohn-disease-pathology,Cutaneous Crohn disease pathology,C,https://dermnetnz.org/topics/metastatic-crohn-disease-pathology,Metastatic Crohn disease pathology
cutaneous-cysts-and-pseudocysts,Cutaneous cysts and pseudocysts,C,https://dermnetnz.org/topics/cutaneous-cysts-and-pseudocysts,
cutaneous-diphtheria,Cutaneous diphtheria,C,https://dermnetnz.org/topics/cutaneous-diphtheria,Ecthyma diphthericum
cutaneous-dysaesthesia,Cutaneous dysaesthesia,C,https://dermnetnz.org/topics/cutaneous-dysaesthesia,
cutaneous-effects-of-drugs-of-abuse,Cutaneous effects of drugs of abuse,C,https://dermnetnz.org/topics/cutaneous-effects-of-drugs-of-abuse,
cutaneous-endometriosis,Cutaneous endometriosis,C,https://dermnetnz.org/topics/cutaneous-endometriosis,Endometrioma of skin | Endometriosis externa | Scar endometriosis
skin-reactions-to-face-masks,Cutaneous face mask and respirator reactions,C,https://dermnetnz.org/topics/skin-reactions-to-face-masks,Skin reactions to face masks
dermatofibroma,Cutaneous fibrous histiocytoma,C,https://dermnetnz.org/topics/dermatofibroma,Dermal dendrocytoma | Dermatofibroma | Dermatofibroma lenticulare | Fibroma simplex | Fibrous histiocytoma | Histiocytoma cutis | Sclerosing angioma | Sclerosing haemangioma | Subepidermal nodular fibrosis
porphyria-cutanea-tarda,Cutaneous hepatic porphyria,C,https://dermnetnz.org/topics/porphyria-cutanea-tarda,Porphyria cutanea tarda | Porphyria cutanea tarda symptomatica | Porphyria hepatocutaneous type | Symptomatic porphyria | Urocoproporphyria
cutaneous-larva-migrans,Cutaneous larva migrans,C,https://dermnetnz.org/topics/cutaneous-larva-migrans,Hookworm cutaneous vesicle | Larva migrans of skin | Sandworm
cutaneous-polyarteritis-nodosa,Cutaneous livedo with nodules,C,https://dermnetnz.org/topics/cutaneous-polyarteritis-nodosa,Cutaneous PAN | Cutaneous polyarteritis nodosa | Nodular livedo | Periarteritis nodosa
cutaneous-lupus-erythematosus,Cutaneous lupus erythematosus,C,https://dermnetnz.org/topics/cutaneous-lupus-erythematosus,
cutaneous-lupus-erythematosus-images,Cutaneous lupus erythematosus images,C,https://dermnetnz.org/topics/cutaneous-lupus-erythematosus-images,
cutaneous-lymphadenoma-disease-pathology,Cutaneous lymphadenoma disease pathology,C,https://dermnetnz.org/topics/cutaneous-lymphadenoma-disease-pathology,
lymphocytoma-cutis,Cutaneous lymphoid hyperplasia,C,https://dermnetnz.org/topics/lymphocytoma-cutis,Lymphadenosis benigna cutis | Lymphocytoma cutis
cutaneous-manifestations-of-inflammatory-bowel-disease,Cutaneous manifestations of inflammatory bowel disease,C,https://dermnetnz.org/topics/cutaneous-manifestations-of-inflammatory-bowel-disease,
cutaneous-marginal-zone-lymphoma,Cutaneous marginal zone lymphoma,C,https://dermnetnz.org/topics/cutaneous-marginal-zone-lymphoma,Extranodal marginal zone B-cell lymphoma | Primary cutaneous marginal zone B-cell lymphoma | Skin associated lymphoid tissue-related B-cell lymphoma
cutaneous-markers-of-internal-malignancy,Cutaneous markers of internal malignancy,C,https://dermnetnz.org/topics/cutaneous-markers-of-internal-malignancy,Skin signs of cancer
melanoma,Cutaneous melanoma,C,https://dermnetnz.org/topics/melanoma,Malignant melanoma | Melanoma
cobb-syndrome,Cutaneous meningospinal angiomatosis,C,https://dermnetnz.org/topics/cobb-syndrome,SAMS | SAMS 1-31 | Spinal arteriovenous metameric syndrome
microorganisms-found-on-the-skin,Cutaneous microbiome,C,https://dermnetnz.org/topics/microorganisms-found-on-the-skin,Cutaneous microbiota | Cutaneous microflora | Microorganisms found on the skin
delusions-of-parasitosis,Cutaneous monosymptomatic delusional psychosis,C,https://dermnetnz.org/topics/delusions-of-parasitosis,Delusional infestation | Delusions of parasitosis | Ekbom disease | Monosymptomatic delusion of parasitosis | Parasitophobia | Pseudoparasitic dysaesthesia | Psychogenic parasitosis
cutaneous-mosaicism,Cutaneous mosaicism,C,https://dermnetnz.org/topics/cutaneous-mosaicism,Patterns of cutaneous mosaicism
cutaneous-mucinoses,Cutaneous mucinoses,C,https://dermnetnz.org/topics/cutaneous-mucinoses,Generalised/extensive mucinoses | Localised/focal mucinoses
cutaneous-myeloid-sarcoma,Cutaneous myeloid sarcoma,C,https://dermnetnz.org/topics/cutaneous-myeloid-sarcoma,
cutaneous-myiasis,Cutaneous myiasis,C,https://dermnetnz.org/topics/cutaneous-myiasis,Maggot infestation
neurofibroma-pathology,Cutaneous neurofibroma pathology,C,https://dermnetnz.org/topics/neurofibroma-pathology,Neurofibroma pathology | NF pathology
optical-coherence-tomography,Cutaneous optical coherence tomography,C,https://dermnetnz.org/topics/optical-coherence-tomography,Optical coherence tomography
cutaneous-plasmacytoma-pathology,Cutaneous plasmacytoma pathology,C,https://dermnetnz.org/topics/cutaneous-plasmacytoma-pathology,Extramedullary plasmacytoma of the skin pathology | Primary cutaneous plasmacytoma pathology
cutaneous-plasmacytosis,Cutaneous plasmacytosis,C,https://dermnetnz.org/topics/cutaneous-plasmacytosis,Primary cutaneous plasmacytosis
cutaneous-plasmacytosis-pathology,Cutaneous plasmacytosis pathology,C,https://dermnetnz.org/topics/cutaneous-plasmacytosis-pathology,
cutaneous-squamous-cell-carcinoma-in-skin-of-colour,Cutaneous SCC in Asians,C,https://dermnetnz.org/topics/cutaneous-squamous-cell-carcinoma-in-skin-of-colour,Cutaneous squamous cell carcinoma in black skin | Cutaneous squamous cell carcinoma in skin of colour | SCC in Pacific Islanders | Skin cancer in Africans | Squamous cell carcinoma in coloured skin
squamous-cell-carcinoma-pathology,Cutaneous SCC pathology,C,https://dermnetnz.org/topics/squamous-cell-carcinoma-pathology,Squamous cell carcinoma pathology
egfr-and-protein-kinase-inhibitors,Cutaneous side effects of EGFR and protein kinase inhibitors,C,https://dermnetnz.org/topics/egfr-and-protein-kinase-inhibitors,Epidermal growth factor receptor inhibitors adverse effects on the skin
forensic-dermatology,Cutaneous signs of trauma and death,C,https://dermnetnz.org/topics/forensic-dermatology,Forensic dermatology
cutaneous-small-vessel-vasculitis,Cutaneous small vessel vasculitis,C,https://dermnetnz.org/topics/cutaneous-small-vessel-vasculitis,Hypersensitivity angiitis | Hypersensitivity vasculitis | Immune complex small vessel vasculitis
cutaneous-small-medium-pleomorphic-t-cell-lymphoma-pathology,Cutaneous small-medium pleomorphic T-cell lymphoma pathology,C,https://dermnetnz.org/topics/cutaneous-small-medium-pleomorphic-t-cell-lymphoma-pathology,Cutaneous small–medium pleomorphic T-cell lymphoma pathology
cutaneous-squamous-cell-carcinoma,Cutaneous squamous cell carcinoma,C,https://dermnetnz.org/topics/cutaneous-squamous-cell-carcinoma,Primary cutaneous SCC | Squamous cell carcinoma
squamous-cell-carcinoma-dermoscopy,Cutaneous squamous cell carcinoma dermoscopy,C,https://dermnetnz.org/topics/squamous-cell-carcinoma-dermoscopy,Dermatoscopy of cutaneous squamous cell carcinoma | Dermatoscopy of SCC | Dermatoscopy of squamous cell carcinoma | Dermoscopy of cutaneous SCC | Squamous cell carcinoma dermatoscopy | Squamous cell carcinoma dermoscopy
cutaneous-t-cell-lymphoma,Cutaneous T-cell lymphoma,C,https://dermnetnz.org/topics/cutaneous-t-cell-lymphoma,Primary cutaneous T-cell lymphoma
cutaneous-tuberculosis,Cutaneous TB,C,https://dermnetnz.org/topics/cutaneous-tuberculosis,Cutaneous tuberculosis | Tuberculoderma
cutaneous-tuberculosis-images,Cutaneous tuberculosis images,C,https://dermnetnz.org/topics/cutaneous-tuberculosis-images,Tuberculosis of skin images
cutaneous-tuberculosis-pathology,Cutaneous tuberculosis pathology,C,https://dermnetnz.org/topics/cutaneous-tuberculosis-pathology,Tuberculosis of skin pathology
cutaneous-vasculitis,Cutaneous vasculitis,C,https://dermnetnz.org/topics/cutaneous-vasculitis,Vasculitis of the skin
non-sexually-acquired-human-papillomavirus-infection,Cutaneous viral warts,C,https://dermnetnz.org/topics/non-sexually-acquired-human-papillomavirus-infection,Non-sexually acquired human papillomavirus infection
ehlers-danlos-syndrome,Cutis elastica,C,https://dermnetnz.org/topics/ehlers-danlos-syndrome,Cutis hyperelastica | Cutis hyperelastica dermatorrhexis | Danios disease | Dermatorrhexis with dermatochalasis and arthrochalasis | Dystrophia mesodermalis congenita | Ehlers-Danlos syndrome | Ehlers–Danlos syndrome | Fibrodysplasia elastica generalisata | Hereditary collagen dysplasia | India rubber skin | Meekeren-Ehlers-Danlos syndrome
cutis-laxa-pathology,Cutis laxa pathology,C,https://dermnetnz.org/topics/cutis-laxa-pathology,Lax skin pathology
cutis-marmorata,Cutis marmorata,C,https://dermnetnz.org/topics/cutis-marmorata,Physiological cutis marmorata
cutis-verticis-gyrata,Cutis verticis gyrata,C,https://dermnetnz.org/topics/cutis-verticis-gyrata,Primary essential cutis verticis gyrata | Primary non-essential cutis verticis gyrata | Secondary cutis verticis gyrata
cyclic-vulvovaginitis,Cyclic vaginitis,C,https://dermnetnz.org/topics/cyclic-vulvovaginitis,Cyclic vulvovaginitis
cyclophosphamide,Cyclophosphamide,C,https://dermnetnz.org/topics/cyclophosphamide,Cyclophosphamide hydrate | Cytophosphane
tranexamic-acid,Cyklokapron,C,https://dermnetnz.org/topics/tranexamic-acid,Lysteda | Tranexamic acid
cylindroma-pathology,Cylindroma pathology,C,https://dermnetnz.org/topics/cylindroma-pathology,Dermal cylindroma pathology | Eccrine dermal cylindroma of the skin pathology | Spiegler tumour pathology | Turban tumour pathology
cysteamine-cream,Cyspera,C,https://dermnetnz.org/topics/cysteamine-cream,Cysteamine cream | Mercaptamine
homocystinuria,Cystathionine sulphatase deficiency,C,https://dermnetnz.org/topics/homocystinuria,Homocystinaemia | Homocystinuria
nodulocystic-acne,Cystic acne,C,https://dermnetnz.org/topics/nodulocystic-acne,Nodulocystic acne
dermoid-cyst,Cystic dermoid choristoma,C,https://dermnetnz.org/topics/dermoid-cyst,
dermoid-cyst-pathology,Cystic dermoid choristoma pathology,C,https://dermnetnz.org/topics/dermoid-cyst-pathology,Dermoid cyst pathology
vulval-cysts,Cysts of the vulva,C,https://dermnetnz.org/topics/vulval-cysts,Vulval cysts
vulval-cyst-images,Cysts of the vulva images,C,https://dermnetnz.org/topics/vulval-cyst-images,Vulval cyst images
cytolytic-vaginosis,Cytolytic vaginosis,C,https://dermnetnz.org/topics/cytolytic-vaginosis,
cytophagic-histiocytic-panniculitis,Cytophagic histiocytic panniculitis,C,https://dermnetnz.org/topics/cytophagic-histiocytic-panniculitis,Histiocytic cytophagic panniculitis
dermatitis-artefacta,DA,D,https://dermnetnz.org/topics/dermatitis-artefacta,Dermatitis artefacta | Dermatitis factitia | Dermatitis ficta | Dermatitis simulata | Factitial dermatitis | Factitious dermatitis | Feigned dermatitis | Neurotic excoriations | Simulated dermatitis
dabrafenib,Dabrafenib,D,https://dermnetnz.org/topics/dabrafenib,Dabrafenib mesylate | TAFINLAR
dactylitis,Dactylitis,D,https://dermnetnz.org/topics/dactylitis,Inflammation of a digit
daffodil,Daffodil,D,https://dermnetnz.org/topics/daffodil,Narcissus | Narcissus pseudonarcissus
roflumilast,Daliresp,D,https://dermnetnz.org/topics/roflumilast,Daxas | Roflumilast | Topical roflumilast
dandelion,Dandelion,D,https://dermnetnz.org/topics/dandelion,Taraxacum offinicale
seborrhoeic-dermatitis,Dandruff,D,https://dermnetnz.org/topics/seborrhoeic-dermatitis,Pityriasis capitis | Pityriasis simplex capilliti | Seborrheic eczema | Seborrhoeic dermatitis
darier-disease,Darier disease,D,https://dermnetnz.org/topics/darier-disease,Darier-White disease | Keratosis follicularis
darier-disease-pathology,Darier disease pathology,D,https://dermnetnz.org/topics/darier-disease-pathology,Keratosis follicularis pathology
dark-circles-under-the-eyes,Dark circles under the eyes,D,https://dermnetnz.org/topics/dark-circles-under-the-eyes,Periorbital pigmentation
variegate-porphyria,Dean Barnes syndrome,D,https://dermnetnz.org/topics/variegate-porphyria,Mixed porphyria | Porphyria variegata | Protocoproporphyria | Protoporphyrinogen oxidase deficiency | South African porphyria | Variegate porphyria
ecthyma-images,Deep impetigo images,D,https://dermnetnz.org/topics/ecthyma-images,Ecthyma images
defects-of-the-hair-shaft,Defects of the hair shaft,D,https://dermnetnz.org/topics/defects-of-the-hair-shaft,Hair shaft defects
deficiency-of-the-interleukin-1-receptor-antagonist-dira,Deficiency of the interleukin-1 receptor antagonist,D,https://dermnetnz.org/topics/deficiency-of-the-interleukin-1-receptor-antagonist-dira,DIRA
immunotherapy-for-melanoma,Defined antigen vaccines for melanoma,D,https://dermnetnz.org/topics/immunotherapy-for-melanoma,Immunotherapy for melanoma | Monoclonal antibodies for melanoma | Vaccines for melanoma
malignant-atrophic-papulosis,Degos disease,D,https://dermnetnz.org/topics/malignant-atrophic-papulosis,Lethal cutaneous and gastrointestinal arteriolar thrombosis | Malignant atrophic papulosis | Malignant atrophic papulosis of Degos | MAP
pressure-urticaria,Delayed pressure urticaria,D,https://dermnetnz.org/topics/pressure-urticaria,Pressure urticaria/angioedema
demodex,Demodectic frost of the ear,D,https://dermnetnz.org/topics/demodex,
demodicosis-pathology,Demodex brevis pathology,D,https://dermnetnz.org/topics/demodicosis-pathology,Demodex follicularum pahtology | Demodicosis pathology
skin-disease-and-teeth,Dental disorders associated with skin conditions,D,https://dermnetnz.org/topics/skin-disease-and-teeth,Skin disease and teeth
dental-sinus,Dental sinus,D,https://dermnetnz.org/topics/dental-sinus,Orofacial sinus | Periapical abscess with sinus
denture-stomatitis,Denture stomatitis,D,https://dermnetnz.org/topics/denture-stomatitis,Denture-induced stomatitis
depigmentation-therapy-for-vitiligo,Depigmentation therapy for vitiligo,D,https://dermnetnz.org/topics/depigmentation-therapy-for-vitiligo,
dermal-fillers-and-augmentation-procedures,Dermal fillers and augmentation procedures,D,https://dermnetnz.org/topics/dermal-fillers-and-augmentation-procedures,Facial implants
body-piercing,Dermal piercing,D,https://dermnetnz.org/topics/body-piercing,
compulsive-skin-picking,Dermatillomania,D,https://dermnetnz.org/topics/compulsive-skin-picking,Neurotic excoriation | Pathological skin picking | Psychogenic excoriation
dermatitis,Dermatitis,D,https://dermnetnz.org/topics/dermatitis,Eczema
keratolysis-exfoliativa,Dermatitis exfoliativa,D,https://dermnetnz.org/topics/keratolysis-exfoliativa,Dyshidrosis lamellosa sicca | Exfoliative keratolysis | Focal palmar peeling | Keratolysis exfoliativa | Lamellar dishydrosis
dermatitis-herpetiformis,Dermatitis herpetiformis,D,https://dermnetnz.org/topics/dermatitis-herpetiformis,Duhring Brocq disease | Duhring disease
pemphigoid-gestationis,Dermatitis herpetiformis of pregnancy,D,https://dermnetnz.org/topics/pemphigoid-gestationis,Gestational pemphigoid | Herpes gestationis | Pemphigoid gestationis | Pemphigoid of pregnancy
dermatitis-herpetiformis-pathology,Dermatitis herpetiformis pathology,D,https://dermnetnz.org/topics/dermatitis-herpetiformis-pathology,Duhring Brocq disease pathology | Duhring disease pathology
paederus-dermatitis,Dermatitis linearis,D,https://dermnetnz.org/topics/paederus-dermatitis,Nairobi fly rash | Paederus dermatitis | Rove beetle rash
dermatitis-neglecta,Dermatitis neglecta,D,https://dermnetnz.org/topics/dermatitis-neglecta,Dirty dermatosis | Unwashed dermatosis
buschke-ollendorff-syndrome,Dermato osteopoikilosis,D,https://dermnetnz.org/topics/buschke-ollendorff-syndrome,Dermatofibrosis lenticularis disseminata | Disseminated dermatofibrosis | Familial cutaneous collagenoma
dermatofibroma-fibrous-histiocytoma-pathology,Dermatofibroma pathology,D,https://dermnetnz.org/topics/dermatofibroma-fibrous-histiocytoma-pathology,Fibrous histiocytoma pathology
dermatofibrosarcoma-protuberans,Dermatofibrosarcoma protuberans,D,https://dermnetnz.org/topics/dermatofibrosarcoma-protuberans,
dermatofibrosarcoma-protuberans-pathology,Dermatofibrosarcoma protuberans pathology,D,https://dermnetnz.org/topics/dermatofibrosarcoma-protuberans-pathology,DFSP pathology
fingerprints,Dermatoglyphics,D,https://dermnetnz.org/topics/fingerprints,
dermographism-images,Dermatographism images,D,https://dermnetnz.org/topics/dermographism-images,Dermographism images
what-is-dermatology,Dermatol.,D,https://dermnetnz.org/topics/what-is-dermatology,What is dermatology?
skin-conditions-in-skin-of-colour,Dermatologic conditions in skin of colour,D,https://dermnetnz.org/topics/skin-conditions-in-skin-of-colour,Dermatological conditions in skin of colour
skin-surgery,Dermatologic surgery,D,https://dermnetnz.org/topics/skin-surgery,
dysmorphophobia,Dermatological hypochondriasis,D,https://dermnetnz.org/topics/dysmorphophobia,Dysmorphophobia
dermatological-investigations-and-tests,Dermatological investigations and tests,D,https://dermnetnz.org/topics/dermatological-investigations-and-tests,Diagnostic tests in dermatology
dermatological-manifestations-of-down-syndrome,Dermatological manifestations of Down syndrome,D,https://dermnetnz.org/topics/dermatological-manifestations-of-down-syndrome,
worldwide-dermatology-societies,Dermatological organisations,D,https://dermnetnz.org/topics/worldwide-dermatology-societies,Worldwide dermatology societies
transgender-patients-and-their-skin,Dermatology care for transgender patients,D,https://dermnetnz.org/topics/transgender-patients-and-their-skin,Transgender patients and their skin
dermatology-conferences,Dermatology conferences,D,https://dermnetnz.org/topics/dermatology-conferences,Dermatology meetings
ethnic-dermatology,Dermatology in skin of colour,D,https://dermnetnz.org/topics/ethnic-dermatology,Ethnic dermatology
dermatology-life-quality-index-dlqi,Dermatology Life Quality Index (DLQI),D,https://dermnetnz.org/topics/dermatology-life-quality-index-dlqi,
dermatology-practice-guidelines,Dermatology practice guidelines,D,https://dermnetnz.org/topics/dermatology-practice-guidelines,
dermatology-covid-19-infection-and-sars-cov-2-vaccinations-selected-2021-reference-list,"Dermatology, COVID-19 Infection, and SARS-CoV-2 Vaccinations: Selected 2021 Reference List",D,https://dermnetnz.org/topics/dermatology-covid-19-infection-and-sars-cov-2-vaccinations-selected-2021-reference-list,
dermatomes,Dermatomes,D,https://dermnetnz.org/topics/dermatomes,
dermatomyofibroma-pathology,Dermatomyofibroma pathology,D,https://dermnetnz.org/topics/dermatomyofibroma-pathology,
dermatomyositis-images,Dermatomyositis images,D,https://dermnetnz.org/topics/dermatomyositis-images,
drug-induced-dermatomyositis,Dermatomyositis-like drug eruption,D,https://dermnetnz.org/topics/drug-induced-dermatomyositis,Drug-induced dermatomyositis | Drug-induced dermopathy | Pseudo-dermatomyositis
dermatopathological-terminology,Dermatopathological terminology,D,https://dermnetnz.org/topics/dermatopathological-terminology,Dermatopathology glossary
dermatopathology,Dermatopathology,D,https://dermnetnz.org/topics/dermatopathology,Skin pathology
dermatopathology-index,Dermatopathology index,D,https://dermnetnz.org/topics/dermatopathology-index,
house-dust-mite,Dermatophagoides spp,D,https://dermnetnz.org/topics/house-dust-mite,
fungal-skin-infections,Dermatophytosis,D,https://dermnetnz.org/topics/fungal-skin-infections,Fungal infection of skin | Fungal skin infections | Tinea of skin
tinea,Dermatophytosis,D,https://dermnetnz.org/topics/tinea,Tinea
tinea-manuum,Dermatophytosis of hand,D,https://dermnetnz.org/topics/tinea-manuum,Tinea manus | Tinea manuum
tinea-capitis,Dermatophytosis of scalp,D,https://dermnetnz.org/topics/tinea-capitis,Ringworm of the scalp | Tinea capitis | Tinea of scalp
comparative-dermoscopy-images,Dermatoscope comparative image gallery,D,https://dermnetnz.org/topics/comparative-dermoscopy-images,Skin images to compare dermoscopes
dermoscopy,Dermatoscopy,D,https://dermnetnz.org/topics/dermoscopy,Skin surface microscopy
idiopathic-guttate-hypomelanosis-dermoscopy,Dermatoscopy of guttate hypomelanosis,D,https://dermnetnz.org/topics/idiopathic-guttate-hypomelanosis-dermoscopy,Idiopathic guttate hypomelanosis dermoscopy
dermoscopy-of-leprosy,Dermatoscopy of Hansen disease,D,https://dermnetnz.org/topics/dermoscopy-of-leprosy,
dermoscopy-of-lichen-sclerosus,Dermatoscopy of lichen sclerosus et atrophicus,D,https://dermnetnz.org/topics/dermoscopy-of-lichen-sclerosus,
dermoscopy-of-achromic-naevus,Dermatoscopy of naevus depigmentosus,D,https://dermnetnz.org/topics/dermoscopy-of-achromic-naevus,Dermoscopy of achromic naevus | Dermoscopy of hypochromic naevus
dermoscopy-of-pityriasis-versicolor,Dermatoscopy of tinea versicolor,D,https://dermnetnz.org/topics/dermoscopy-of-pityriasis-versicolor,Dermoscopy of pityriasis versicolor
vitiligo-dermoscopy,Dermatoscopy of vitiligo,D,https://dermnetnz.org/topics/vitiligo-dermoscopy,Dermoscopic diagnosis of vitiligo | Swetha kushta dermoscopy
frictional-lichenoid-dermatitis,Dermatosis papulosa adultorum,D,https://dermnetnz.org/topics/frictional-lichenoid-dermatitis,Dermatosis papulosa juvenilis | Frictional lichenoid dermatitis | Frictional Lichenoid Eruption | Papular neurodermatitis | Recurrent papular eruption of childhood | Sandbox dermatitis | Summer lichenoid dermatitis | Summertime pityriasis of the elbow and knee
dermatosis-papulosa-nigra,Dermatosis papulosa nigra,D,https://dermnetnz.org/topics/dermatosis-papulosa-nigra,
trichoscopy-of-inflammatory-conditions,Dermoscopy of inflammatory conditions,D,https://dermnetnz.org/topics/trichoscopy-of-inflammatory-conditions,Trichoscopy of dermatomyositis | Trichoscopy of inflammatory conditions | Trichoscopy of psoriasis | Trichoscopy of scalp psoriasis | Trichoscopy of seborrhoeic dermatitis
trichoscopy,Dermoscopy of the hair,D,https://dermnetnz.org/topics/trichoscopy,Dermoscopy of the scalp | Dermoscopy of the scalp and hair
immunotherapy-for-allergic-diseases,Desensitisation for allergic diseases,D,https://dermnetnz.org/topics/immunotherapy-for-allergic-diseases,Desensitisation therapy | Hyposensitisation injections | Immunotherapy for allergic diseases
coccidioidomycosis,Desert rheumatism,D,https://dermnetnz.org/topics/coccidioidomycosis,San Joaquin Valley fever | Valley fever
desmoplastic-melanoma,Desmoplastic malignant melanoma,D,https://dermnetnz.org/topics/desmoplastic-melanoma,Desmoplastic melanoma
desmoplastic-melanoma-images,Desmoplastic melanoma images,D,https://dermnetnz.org/topics/desmoplastic-melanoma-images,
desmoplastic-trichoepithelioma,Desmoplastic trichoepithelioma,D,https://dermnetnz.org/topics/desmoplastic-trichoepithelioma,Sclerosing epithelial hamartoma
desquamative-vaginitis,Desquamative vaginitis,D,https://dermnetnz.org/topics/desquamative-vaginitis,Severe aerobic vaginitis
onycholysis,Detachment of nail plate,D,https://dermnetnz.org/topics/onycholysis,Separation of nail plate
hair-and-skin-colour,Determinants of hair colour,D,https://dermnetnz.org/topics/hair-and-skin-colour,Determinants of skin colour | Hair and skin colour
deucravacitinib,Deucravacitinib,D,https://dermnetnz.org/topics/deucravacitinib,
pityriasis-rubra-pilaris,Devergie disease,D,https://dermnetnz.org/topics/pityriasis-rubra-pilaris,Lichen ruber acuminatus | Lichen ruber pilaris | Pityriasis rubra pilaris
diabetic-foot-ulcer,Diabetes mellitus with foot ulcer,D,https://dermnetnz.org/topics/diabetic-foot-ulcer,Diabetic foot ulcer
diclofenac-gel-for-actinic-keratoses,Diclofenac gel for actinic keratoses,D,https://dermnetnz.org/topics/diclofenac-gel-for-actinic-keratoses,Topical diclofenac for solar keratoses
differential-diagnosis-of-vulval-ulcers,Differential diagnosis of vulval ulcers,D,https://dermnetnz.org/topics/differential-diagnosis-of-vulval-ulcers,Ulceration of vulva | Vulval erosions | Vulval sores | Vulval ulceration
diffuse-alopecia,Diffuse alopecia,D,https://dermnetnz.org/topics/diffuse-alopecia,Diffuse hair loss | Hair thinning
erysipeloid,Diffuse cutaneous erysipeloid,D,https://dermnetnz.org/topics/erysipeloid,Localised cutaneous erysipeloid | Rosenbach erysipeloid
diffuse-dermal-angiomatosis-of-the-breast,Diffuse dermal angiomatosis of the breast,D,https://dermnetnz.org/topics/diffuse-dermal-angiomatosis-of-the-breast,
eosinophilic-fasciitis,Diffuse eosinophilic fasciitis,D,https://dermnetnz.org/topics/eosinophilic-fasciitis,Diffuse fasciitis | Eosinophilic fasciitis | Fasciitis with eosinophilia syndrome | Pansclerotic morphoea with deep fascial involvement | Shulman syndrome
diffuse-hereditary-palmoplantar-keratodermas,Diffuse hereditary palmoplantar keratodermas,D,https://dermnetnz.org/topics/diffuse-hereditary-palmoplantar-keratodermas,Inherited diffuse keratodermas associated with other abnormalities | Non-transgradient diffuse inherited keratodermas | Transgradient diffuse inherited keratodermas
diffuse-melanosis-cutis,Diffuse melanosis cutis,D,https://dermnetnz.org/topics/diffuse-melanosis-cutis,Metastatic melanoma with diffuse hypermelanosis
digital-cameras,Digital cameras in dermatology,D,https://dermnetnz.org/topics/digital-cameras,
digital-myxoid-pseudocyst,Digital ganglion cyst,D,https://dermnetnz.org/topics/digital-myxoid-pseudocyst,Digital mucous cyst | Digital myxoid cyst | Digital myxoid pseudocyst | Digital synovial cyst.
digital-myxoid-cyst-images,Digital myxoid cyst images,D,https://dermnetnz.org/topics/digital-myxoid-cyst-images,Digital myxoid pseudocyst images
digital-myxoid-pseudocyst-pathology,Digital myxoid cyst pathology,D,https://dermnetnz.org/topics/digital-myxoid-pseudocyst-pathology,Digital myxoid pseudocyst pathology
hidradenocarcinoma-pathology,Digital papillary adenocarcinoma pathology,D,https://dermnetnz.org/topics/hidradenocarcinoma-pathology,Hidradenocarcinoma pathology | Papillary digital eccrine carcinoma of the skin pathology | Sweat gland adenocarcinoma pathology
whole-slide-imaging,Digital pathology imaging,D,https://dermnetnz.org/topics/whole-slide-imaging,Virtual microscopy | Whole slide imaging
dihydroxyacetone,Dihydroxyacetone,D,https://dermnetnz.org/topics/dihydroxyacetone,Fake tan | Self tan | Sunless tanner | Tanning cream
dilated-pore-of-winer-pathology,Dilated pore of Winer pathology,D,https://dermnetnz.org/topics/dilated-pore-of-winer-pathology,Winer dilated pore pathology | Winer pore pathology
discoid-eczema,Discoid dermatitis,D,https://dermnetnz.org/topics/discoid-eczema,Discoid eczema | Nummular dermatitis | Nummular eczema | Nummular eczematous dermatitis
discoid-lupus-erythematosus-pathology,Discoid lupus erythematosus pathology,D,https://dermnetnz.org/topics/discoid-lupus-erythematosus-pathology,DLE pathology
hookworm-infections,Disease due to superfamily Ancylostomatoidea,D,https://dermnetnz.org/topics/hookworm-infections,Necatoriasis
hair-and-scalp,Disorders of hair,D,https://dermnetnz.org/topics/hair-and-scalp,Disorders of the scalp | Hair and scalp
disorders-of-sweating,Disorders of sweating and sweat,D,https://dermnetnz.org/topics/disorders-of-sweating,
perifolliculitis-capitis-abscedens-et-suffodiens,Dissecting cellulitus of the scalp,D,https://dermnetnz.org/topics/perifolliculitis-capitis-abscedens-et-suffodiens,Hoffman disease | Perifolliculitis capitis abscedens et suffodiens | Perifolliculitis of the scalp
disseminate-and-recurrent-infundibulofolliculitis,Disseminate and recurrent infundibulofolliculitis,D,https://dermnetnz.org/topics/disseminate-and-recurrent-infundibulofolliculitis,Disseminate infundibulofolliculitis | Hitch and Lund disease
idiopathic-guttate-hypomelanosis,Disseminate lenticular leukoderma,D,https://dermnetnz.org/topics/idiopathic-guttate-hypomelanosis,Guttate hypomelanosis | Idiopathic guttate hypomelanosis
disseminated-superficial-actinic-porokeratosis,Disseminated superficial actinic porokeratosis,D,https://dermnetnz.org/topics/disseminated-superficial-actinic-porokeratosis,DSAP
remitting-seronegative-symmetrical-synovitis-with-pitting-oedema,Distal extremity swelling with pitting oedema,D,https://dermnetnz.org/topics/remitting-seronegative-symmetrical-synovitis-with-pitting-oedema,Puffy oedematous hand syndrome | Relapsing seronegative symmetrical synovitis with pitting oedema syndrome | Remitting seronegative symmetrical synovitis with pitting oedema
do-i-have-melanoma,Do I have melanoma?,D,https://dermnetnz.org/topics/do-i-have-melanoma,
dowling-degos-disease,Dowling-Degos disease,D,https://dermnetnz.org/topics/dowling-degos-disease,Reticulate pigmented anomaly | Reticulate pigmented anomaly of flexures
dowling-degos-disease-pathology,Dowling-Degos disease pathology,D,https://dermnetnz.org/topics/dowling-degos-disease-pathology,Reticulate pigmented anomaly pathology
dracunculiasis,Dracontiasis,D,https://dermnetnz.org/topics/dracunculiasis,Dracunculiasis | Dracunculosis | Guinea worm disease | Infection caused by Dracunculus medinensis | Infection due to Dracunculus medinensis
hydroxyurea,Droxia,D,https://dermnetnz.org/topics/hydroxyurea,Hydrea | Hydroxycarbamide | Hydroxyurea
drug-induced-lupus-erythematosus,Drug induced chronic cutaneous LE,D,https://dermnetnz.org/topics/drug-induced-lupus-erythematosus,Drug induced subacute cutaneous LE | Drug-induced lupus erythematosus
drug-induced-photosensitivity,Drug photoallergy,D,https://dermnetnz.org/topics/drug-induced-photosensitivity,
drug-hypersensitivity-syndrome,Drug reaction with eosinophilia and systemic symptoms,D,https://dermnetnz.org/topics/drug-hypersensitivity-syndrome,
drug-induced-psoriasis,Drug-aggravated psoriasis,D,https://dermnetnz.org/topics/drug-induced-psoriasis,Drug-induced psoriasis | Medication-related psoriasis | Psoriasis due to adverse drug reaction | Psoriasis due to drug eruption
drug-induced-pigmentation,Drug-induced abnormal pigmentation of skin,D,https://dermnetnz.org/topics/drug-induced-pigmentation,Drug-induced hypermelanosis | Drug-induced hyperpigmentation | Drug-induced hypopigmentation | Drug-induced pigmentation | Non-melanin pigmentation caused by drugs
symmetrical-drug-related-intertriginous-and-flexural-exanthema,Drug-induced baboon syndrome,D,https://dermnetnz.org/topics/symmetrical-drug-related-intertriginous-and-flexural-exanthema,Symmetrical drug-related intertriginous and flexural exanthema
drugs-reported-to-cause-erythroderma,Drug-induced exfoliative dermatitis,D,https://dermnetnz.org/topics/drugs-reported-to-cause-erythroderma,Drugs reported to cause erythroderma
drug-induced-vitiligo,Drug-induced leukoderma,D,https://dermnetnz.org/topics/drug-induced-vitiligo,Medication-related vitiligo | Vitiligo due to adverse drug reaction
drug-induced-nail-disease,Drug-induced nail abnormalities,D,https://dermnetnz.org/topics/drug-induced-nail-disease,Drug-induced nail disease | Medication-related nail disease | Nail deformity due to adverse drug reaction | Nail dystrophy due to medications
drug-induced-nummular-dermatitis,Drug-induced nummular dermatitis,D,https://dermnetnz.org/topics/drug-induced-nummular-dermatitis,Drug-related discoid eczema | Exudative neurodermatitis due to adverse drug reaction | Medication-induced discoid dermatitis | Medication-related nummular eczema | Nummular eczematous dermatitis due to drug eruption
oral-lichenoid-drug-eruption,Drug-induced oral lichen planus,D,https://dermnetnz.org/topics/oral-lichenoid-drug-eruption,Oral lichenoid drug eruption
drug-induced-pemphigus,Drug-induced pemphigus foliaceus,D,https://dermnetnz.org/topics/drug-induced-pemphigus,Drug-induced pemphigus vulgaris | Drug-related pemphigus foliaceus | Medication-induced pemphigus vulgaris
drug-induced-urticaria,Drug-induced urticaria,D,https://dermnetnz.org/topics/drug-induced-urticaria,Urticaria caused by a medication | Urticaria medicamentosa
oral-medications-for-skin-diseases,Drugs for skin diseases,D,https://dermnetnz.org/topics/oral-medications-for-skin-diseases,Oral medications for skin diseases
safety-of-medicines-taken-during-pregnancy,Drugs in pregnancy,D,https://dermnetnz.org/topics/safety-of-medicines-taken-during-pregnancy,Safety of medicines taken during pregnancy
dry-gangrene,Dry gangrene,D,https://dermnetnz.org/topics/dry-gangrene,
dry-skin-images,Dry skin images,D,https://dermnetnz.org/topics/dry-skin-images,Xerosis images
terra-firma-forme-dermatosis,Duncan's dirty dermatosis,D,https://dermnetnz.org/topics/terra-firma-forme-dermatosis,Terra firma-forme dermatosis
dupilumab,Dupilumab,D,https://dermnetnz.org/topics/dupilumab,
dupilumab-associated-ocular-surface-disease,Dupilumab-associated conjunctivitis,D,https://dermnetnz.org/topics/dupilumab-associated-ocular-surface-disease,Dupilumab-associated ocular manifestations | Dupilumab-associated ocular surface disease | Dupilumab-induced conjunctivitis | Dupilumab-induced ocular surface disease | Dupilumab-related ocular adverse drug reactions | Dupilumab-related ocular surface disorders | Ocular Surface Diseases Induced by Dupilumab
dupuytren-contracture,Dupuytren contracture,D,https://dermnetnz.org/topics/dupuytren-contracture,Dupuytren disease | Palmar fascial fibromatosis
generalised-vulvodynia,Dysaesthetic vulvodynia,D,https://dermnetnz.org/topics/generalised-vulvodynia,Generalised vulvodynia
metabolic-syndrome,Dysmetabolic syndrome X,D,https://dermnetnz.org/topics/metabolic-syndrome,Insulin resistance syndrome | Metabolic syndrome | Metabolic syndrome X | Reavens syndrome
primary-ciliary-dyskinesia,Dysmotile cilia syndrome,D,https://dermnetnz.org/topics/primary-ciliary-dyskinesia,Immotile cilia syndrome | Immotile-cilia syndrome | Kartagener syndrome | Kartagener’s syndrome | Kartagener’s triad | Primary ciliary dyskinesia | Siewert-Kartagener syndrome
painful-sex-in-women,Dyspareunia,D,https://dermnetnz.org/topics/painful-sex-in-women,Painful sex in women
median-canaliform-nail-dystrophy,Dystrophia unguis mediana canaliformis,D,https://dermnetnz.org/topics/median-canaliform-nail-dystrophy,Median canaliform dystrophy | Median canaliform dystrophy of Heller | Median canaliform nail dystrophy | Median nail dystrophy | Naevus striatus unguis | Onychodystrophia mediana canaliformis | Solenonychia
epidermolysis-bullosa-pruriginosa,Dystrophic epidermolysis bullosa pruriginosa,D,https://dermnetnz.org/topics/epidermolysis-bullosa-pruriginosa,EB pruriginosa | Epidermolysis bullosa pruriginosa
erythema-annulare-centrifugum,EAC,E,https://dermnetnz.org/topics/erythema-annulare-centrifugum,Erythema annulare centrifugum | Erythema figuratum perstans
ear-skin-problems,Ear skin problems,E,https://dermnetnz.org/topics/ear-skin-problems,Skin problems affecting the auricle
easi-score,EASI score,E,https://dermnetnz.org/topics/easi-score,Eczema Area and Severity Index
epsteinbarr-virus-associated-lymphoproliferative-disorders,EBV-positive mucocutaneous ulcer,E,https://dermnetnz.org/topics/epsteinbarr-virus-associated-lymphoproliferative-disorders,Epstein Barr virus associated lymphoproliferative disorders | Epstein-Barr virus-associated lymphoproliferative disorders | Epstein–Barr virus-associated lymphoproliferative disorders | Plasmablastic lymphoma
eccrine-carcinoma-pathology,Eccrine carcinoma of the skin pathology,E,https://dermnetnz.org/topics/eccrine-carcinoma-pathology,Eccrine carcinoma pathology
eccrine-hidrocystoma-pathology,Eccrine cystadenoma pathology,E,https://dermnetnz.org/topics/eccrine-hidrocystoma-pathology,Eccrine hidrocystoma pathology | Eccrine hydrocystoma pathology | Syringocystoma pathology
eccrine-mixed-tumour-pathology,Eccrine mixed tumour pathology,E,https://dermnetnz.org/topics/eccrine-mixed-tumour-pathology,Mixed tumour of the skin pathology
eccrine-papillary-adenoma-pathology,Eccrine papillary adenoma pathology,E,https://dermnetnz.org/topics/eccrine-papillary-adenoma-pathology,
eccrine-porocarcinoma,Eccrine porocarcinoma,E,https://dermnetnz.org/topics/eccrine-porocarcinoma,Eccrine porocarcinoma of skin
eccrine-poroma-images,Eccrine poroma images,E,https://dermnetnz.org/topics/eccrine-poroma-images,
eccrine-spiradenocarcinoma-pathology,Eccrine spiradenocarcinoma pathology,E,https://dermnetnz.org/topics/eccrine-spiradenocarcinoma-pathology,Malignant eccrine spiradenoma pathology
eccrine-spiradenoma-pathology,Eccrine spiradenoma of the skin pathology,E,https://dermnetnz.org/topics/eccrine-spiradenoma-pathology,Eccrine spiradenoma pathology
syringofibroadenoma-pathology,Eccrine syringofibroadenoma pathology,E,https://dermnetnz.org/topics/syringofibroadenoma-pathology,Syringofibroadenoma pathology
ecthyma,Ecthyma,E,https://dermnetnz.org/topics/ecthyma,Staph aureus ecthyma | Strep pyogenes ecthyma
ecthyma-gangrenosum,Ecthyma gangrenosum,E,https://dermnetnz.org/topics/ecthyma-gangrenosum,
ectodermal-dysplasia,Ectodermal dysplasia,E,https://dermnetnz.org/topics/ectodermal-dysplasia,
stevens-johnson-syndrome-toxic-epidermal-necrolysis,Ectodermosis erosiva pluriorificialis,E,https://dermnetnz.org/topics/stevens-johnson-syndrome-toxic-epidermal-necrolysis,Erythema multiforme exudativum | Stevens Johnson syndrome / toxic epidermal necrolysis | Stevens–Johnson syndrome / toxic epidermal necrolysis
fordyce-spots,Ectopic oral sebaceous glands,E,https://dermnetnz.org/topics/fordyce-spots,Ectopic sebaceous glands | Fordyce disease | Fordyce granules
splenosis-pathology,Ectopic splenic tissue pathology,E,https://dermnetnz.org/topics/splenosis-pathology,Splenosis pathology
occupational-skin-disorders-in-homemakers,Eczema due to housework,E,https://dermnetnz.org/topics/occupational-skin-disorders-in-homemakers,Housewife’s hand dermatitis | Occupational skin disorders in homemakers
eczema-herpeticum,Eczema herpeticum,E,https://dermnetnz.org/topics/eczema-herpeticum,Kaposi varicelliform eruption
eczema-herpeticum-images,Eczema herpeticum images,E,https://dermnetnz.org/topics/eczema-herpeticum-images,Kaposi varicelliform eruption images
intertrigo,Eczema intertrigo,E,https://dermnetnz.org/topics/intertrigo,Erythema intertrigo | Superficial dermatitis on opposed skin surfaces
eczema-pathology,Eczema pathology,E,https://dermnetnz.org/topics/eczema-pathology,Spongiotic reactions pathology
eczema-dermatitis-and-allergies,"Eczema, dermatitis and allergies",E,https://dermnetnz.org/topics/eczema-dermatitis-and-allergies,
eczematous-cheilitis,Eczematous cheilitis,E,https://dermnetnz.org/topics/eczematous-cheilitis,
erythema-elevatum-diutinum-pathology,EED pathology,E,https://dermnetnz.org/topics/erythema-elevatum-diutinum-pathology,Erythema elevatum diutinum pathology
smoking-and-its-effects-on-the-skin,Effects of tobacco smoke and nicotine on the skin,E,https://dermnetnz.org/topics/smoking-and-its-effects-on-the-skin,Smoking and its effects on the skin
ultraviolet-radiation-and-human-health,Effects of ultraviolet light,E,https://dermnetnz.org/topics/ultraviolet-radiation-and-human-health,Ultraviolet radiation and human health
ehlers-danlos-syndrome-images,Ehlers-Danlos syndrome images,E,https://dermnetnz.org/topics/ehlers-danlos-syndrome-images,
ehrlichiosis-and-anaplasmosis,Ehrlichiosis and anaplasmosis,E,https://dermnetnz.org/topics/ehrlichiosis-and-anaplasmosis,Human granulocytic anaplasmosis | Human granulocytic ehrlichiosis | Human monocytic ehrlichiosis
sneddon-syndrome,Ehrmann-Sneddon syndrome,E,https://dermnetnz.org/topics/sneddon-syndrome,Livedo racemosa and cerebrovascular accident | Livedo reticularis and cerebrovascular accident syndrome | ORPHA820
elastofibroma-pathology,Elastofibroma dorsi pathology,E,https://dermnetnz.org/topics/elastofibroma-pathology,Elastofibroma pathology
elastosis,Elastosis,E,https://dermnetnz.org/topics/elastosis,
elastosis-perforans-serpiginosa,Elastosis perforans serpiginosa,E,https://dermnetnz.org/topics/elastosis-perforans-serpiginosa,EPS. Elastosis perforans | Keratosis follicularis serpiginosa | Miescher elastoma | Perforating elastoma | Perforating elastosis
elastosis-perforans-serpiginosa-pathology,Elastosis perforans serpiginosa pathology,E,https://dermnetnz.org/topics/elastosis-perforans-serpiginosa-pathology,EPS pathology
linear-focal-elastosis,Elastotic striae,E,https://dermnetnz.org/topics/linear-focal-elastosis,Linear focal elastosis
hydroquinone,Eldopaque,E,https://dermnetnz.org/topics/hydroquinone,Melanex | Para-dihydroxybenzene | Solaquin
electrical-burn,Electrical burn,E,https://dermnetnz.org/topics/electrical-burn,
electrical-impedance-spectroscopy-for-melanoma-diagnosis,Electrical impedance spectroscopy for melanoma diagnosis,E,https://dermnetnz.org/topics/electrical-impedance-spectroscopy-for-melanoma-diagnosis,
electrosurgery,Electrocautery,E,https://dermnetnz.org/topics/electrosurgery,Electrocoagulation | Electrodesiccation | Electrofulguration | Thermocautery
electrochemotherapy,Electrochemotherapy,E,https://dermnetnz.org/topics/electrochemotherapy,
electron-beam-radiation-for-cutaneous-lymphoma,Electron beam radiation for cutaneous lymphoma,E,https://dermnetnz.org/topics/electron-beam-radiation-for-cutaneous-lymphoma,Electron beam therapy | Localised electron beam therapy | Total skin electron beam therapy
elephantiasis-nostras-verrucosa,Elephantiasis crurum papillaris et verrucosa,E,https://dermnetnz.org/topics/elephantiasis-nostras-verrucosa,Elephantiasis nostras verrucosa | Lymphangitis recurrens elephantogenica | Lymphostatic papillomatosis cutis | Lymphostatic verrucosis | Mossy foot and/or leg
hereditary-gingival-fibromatosis,Elephantiasis gingiva,E,https://dermnetnz.org/topics/hereditary-gingival-fibromatosis,Hereditary gingival fibromatosis | Hereditary gingival hyperplasia | Hereditary gingival overgrowth | Hypertrophied gingiva | Idiopathic gingival overgrowth
emollients-and-moisturisers,Emollients and moisturisers,E,https://dermnetnz.org/topics/emollients-and-moisturisers,
erythema-nodosum-images,EN images,E,https://dermnetnz.org/topics/erythema-nodosum-images,Erythema nodosum images
erythema-nodosum-pathology,EN pathology,E,https://dermnetnz.org/topics/erythema-nodosum-pathology,Erythema nodosum pathology
endocrine-mucinproducing-sweat-gland-carcinoma-pathology,Endocrine mucin-producing sweat gland carcinoma pathology,E,https://dermnetnz.org/topics/endocrine-mucinproducing-sweat-gland-carcinoma-pathology,Endocrine mucin–producing sweat gland carcinoma pathology
measles,English measles,E,https://dermnetnz.org/topics/measles,Measles | Rubeola
enlarged-pores,Enlarged pores,E,https://dermnetnz.org/topics/enlarged-pores,Large facial pores | Pilosebaceous pores
macroglossia,Enlarged tongue,E,https://dermnetnz.org/topics/macroglossia,Macroglossia
pinworms,Enterobiasis,E,https://dermnetnz.org/topics/pinworms,Oxyuriasis | Pinworm disease | Threadworm infection | Threadworms
enteroviral-infections,Enteroviral infections,E,https://dermnetnz.org/topics/enteroviral-infections,
herpangina,Enteroviral vesicular pharyngitis,E,https://dermnetnz.org/topics/herpangina,Herpangina
hand-foot-and-mouth-disease,Enteroviral vesicular stomatitis,E,https://dermnetnz.org/topics/hand-foot-and-mouth-disease,"Enteroviral vesicular stomatitis with exanthem | Enteroviral vesicular syndrome | Hand-foot-and-mouth disease | Hand, foot, and mouth disease"
pancreatic-panniculitis,Enzymic panniculitis,E,https://dermnetnz.org/topics/pancreatic-panniculitis,Pancreatic enzyme panniculitis | Pancreatic panniculitis | Panniculitis associated with pancreatic disease
wells-syndrome-pathology,Eosinophilic cellulitis pathology,E,https://dermnetnz.org/topics/wells-syndrome-pathology,Wells syndrome pathology
eosinophilic-dermatosis-of-haematological-malignancy,Eosinophilic dermatosis of haematological malignancy,E,https://dermnetnz.org/topics/eosinophilic-dermatosis-of-haematological-malignancy,
eosinophilic-fasciitis-pathology,Eosinophilic fasciitis pathology,E,https://dermnetnz.org/topics/eosinophilic-fasciitis-pathology,Fasciitis with eosinophilia syndrome pathology
eosinophilic-pustular-folliculitis-pathology,Eosinophilic folliculitis pathology,E,https://dermnetnz.org/topics/eosinophilic-pustular-folliculitis-pathology,Eosinophilic pustular folliculitis pathology | Ofuji pathology
eosinophilic-pustular-folliculitis,Eosinophilic pustular folliculitis,E,https://dermnetnz.org/topics/eosinophilic-pustular-folliculitis,Ofuji disease
eosinophilic-pustular-folliculitis-of-infancy,Eosinophilic pustular folliculitis of infancy,E,https://dermnetnz.org/topics/eosinophilic-pustular-folliculitis-of-infancy,Infantile eosinophilic pustular folliculitis | Neonatal eosinophilic pustular folliculitis | Neonatal ofuji's disease
eosinophilic-ulcer-of-the-oral-mucosa,Eosinophilic ulcer of the oral mucosa,E,https://dermnetnz.org/topics/eosinophilic-ulcer-of-the-oral-mucosa,Oral traumatic granuloma | Traumatic ulcerative granuloma of the lip with stromal eosinophils | Traumatic ulcerative granuloma of the tongue with stromal eosinophils | Traumatic ulcerative granuloma with stromal eosinophils
chromhidrosis,Ephydrosis tincta,E,https://dermnetnz.org/topics/chromhidrosis,Secretion of coloured sweat
epidermoid-cyst,Epidermal cyst,E,https://dermnetnz.org/topics/epidermoid-cyst,Epidermal inclusion cyst | Epithelial cyst | Follicular infundibular cyst | Infundibular cyst | Keratin cyst | Keratinising cyst | Sebaceous cyst misnomer
epidermoid-cyst-pathology,Epidermal cyst pathology,E,https://dermnetnz.org/topics/epidermoid-cyst-pathology,Epidermoid cyst of the skin pathology | Epidermoid cyst pathology | Infundibular cyst pathology
epidermoid-and-trichilemmal-cyst-images,Epidermal inclusion cyst images,E,https://dermnetnz.org/topics/epidermoid-and-trichilemmal-cyst-images,Epidermoid and trichilemmal cyst images | Epidermoid cyst images | Follicular isthmus cyst images | Isthmus catagen cyst | Pilar cyst images | Trichilemmal cyst images
epidermal-naevi,Epidermal naevus,E,https://dermnetnz.org/topics/epidermal-naevi,
epidermal-naevus-pathology,Epidermal naevus pathology,E,https://dermnetnz.org/topics/epidermal-naevus-pathology,
epidermal-naevus-syndromes,Epidermal naevus syndromes,E,https://dermnetnz.org/topics/epidermal-naevus-syndromes,Epidermal nevus syndromes
epidermodysplasia-verruciformis,Epidermodysplasia verruciformis,E,https://dermnetnz.org/topics/epidermodysplasia-verruciformis,Lewandowsky Lutz disease
epidermodysplasia-verruciformis-pathology,Epidermodysplasia verruciformis pathology,E,https://dermnetnz.org/topics/epidermodysplasia-verruciformis-pathology,EV pathology | Lewandowsky Lutz disease pathology
epidermolysis-bullosa-simplex,Epidermolysis bullosa simplex,E,https://dermnetnz.org/topics/epidermolysis-bullosa-simplex,
epidermolytic-hyperkeratosis-pathology,Epidermolytic hyperkeratosis pathology,E,https://dermnetnz.org/topics/epidermolytic-hyperkeratosis-pathology,
epilation,Epilation,E,https://dermnetnz.org/topics/epilation,Methods of hair removal
electrolysis,Epilation by electrolysis,E,https://dermnetnz.org/topics/electrolysis,Galvanic electrolysis
waxing,Epilation by waxing,E,https://dermnetnz.org/topics/waxing,Waxing
epithelial-sheath-neuroma,Epithelial sheath neuroma,E,https://dermnetnz.org/topics/epithelial-sheath-neuroma,
epithelioid-haemangioma-pathology,Epithelioid haemangioma pathology,E,https://dermnetnz.org/topics/epithelioid-haemangioma-pathology,Histiocytoid haemangioma pathology
trichoepithelioma,Epithelioma adenoides cysticum,E,https://dermnetnz.org/topics/trichoepithelioma,Trichoepithelioma
erythropoietic-protoporphyria-pathology,EPP pathology,E,https://dermnetnz.org/topics/erythropoietic-protoporphyria-pathology,Erythropoietic protoporphyria pathology
epstein-barr-virus,Epstein-Barr virus,E,https://dermnetnz.org/topics/epstein-barr-virus,Human herpesvirus 4
pyogenic-granuloma,Epulis gravidarum,E,https://dermnetnz.org/topics/pyogenic-granuloma,Granuloma gravidarum | Granuloma pyogenicum | Granuloma telangiectaticum | Pregnancy tumour | Pyogenic granuloma | Reactive haemangioma
glanders,Equina,E,https://dermnetnz.org/topics/glanders,Equine glanders | Farcy | Farcy buds | Farcy cords | Farcy pipes | Glanders | Infection due to Actinomycosis mallei | Infection due to Burkholderia mallei | Infection due to Malleomyces | Infection due to Pseudomonas mallei | Maliasmus | Mallei | Malleus
eryag-laser-treatment,Er:YAG laser,E,https://dermnetnz.org/topics/eryag-laser-treatment,Erbium YAG laser treatment | Erbium-doped yttrium aluminium garnet laser
erosions-and-ulcers,Erosions and ulcers,E,https://dermnetnz.org/topics/erosions-and-ulcers,
nipple-papillomatosis,Erosive adenomatosis,E,https://dermnetnz.org/topics/nipple-papillomatosis,Florid papillomatosis of the nipple | Nipple adenoma | Nipple papillomatosis
erosive-papillomatosis-of-the-nipple-pathology,Erosive adenomatosis pathology,E,https://dermnetnz.org/topics/erosive-papillomatosis-of-the-nipple-pathology,Erosive papillomatosis of the nipple pathology | Florid papillomatosis of the nipple pathology | Nipple adenoma pathology | Nipple papillomatosis pathology | Papillary adenoma of the nipple pathology | Subareolar duct papillomatous adenoma of nipple pathology
erosive-lichen-planus,Erosive genital lichen planus,E,https://dermnetnz.org/topics/erosive-lichen-planus,Erosive lichen planus | Erosive mucosal lichen planus | Erosive oral lichen planus
erosive-pustular-dermatosis,Erosive pustular dermatosis,E,https://dermnetnz.org/topics/erosive-pustular-dermatosis,Erosive pustular dermatosis of the scalp
generalised-eruptive-keratoacanthomas,Eruptive keratoacanthoma,E,https://dermnetnz.org/topics/generalised-eruptive-keratoacanthomas,Generalised eruptive keratoacanthomas
eruptive-vellus-hair-cysts,Eruptive vellus hair cysts,E,https://dermnetnz.org/topics/eruptive-vellus-hair-cysts,
eruptive-xanthoma-pathology,Eruptive xanthoma pathology,E,https://dermnetnz.org/topics/eruptive-xanthoma-pathology,
erysipelas,Erysipelas,E,https://dermnetnz.org/topics/erysipelas,St Anthonys fire
erysipelas-pathology,Erysipelas pathology,E,https://dermnetnz.org/topics/erysipelas-pathology,
erythema-ab-igne,Erythema ab igne,E,https://dermnetnz.org/topics/erythema-ab-igne,
erythema-migrans-images,Erythema chronica migrans images,E,https://dermnetnz.org/topics/erythema-migrans-images,Erythema migrans images
erythema-infectiosum,Erythema contagiosum,E,https://dermnetnz.org/topics/erythema-infectiosum,Erythema infectiosum | Fifth disease | Human erythrovirus infection | Parvo B19 infection | Slapped cheek disease
erythema-elevatum-diutinum,Erythema elevatum diutinum,E,https://dermnetnz.org/topics/erythema-elevatum-diutinum,
erythema-gyratum-repens,Erythema gyratum repens,E,https://dermnetnz.org/topics/erythema-gyratum-repens,
erythema-gyratum-repens-pathology,Erythema gyratum repens pathology,E,https://dermnetnz.org/topics/erythema-gyratum-repens-pathology,
erythema-multiforme,Erythema multiforme,E,https://dermnetnz.org/topics/erythema-multiforme,Erythema multiforme major | Erythema multiforme minor
erythema-multiforme-images,Erythema multiforme images,E,https://dermnetnz.org/topics/erythema-multiforme-images,Mucocutaneous erythema multiforme images
rowell-syndrome,Erythema multiforme-like lupus erythematosus,E,https://dermnetnz.org/topics/rowell-syndrome,Lupus erythematosus and erythema multiforme-like syndrome
erythema-multiforme-histological-features-and-mechanisms,Erythema multiforme: histological features and mechanisms,E,https://dermnetnz.org/topics/erythema-multiforme-histological-features-and-mechanisms,
erythema-nodosum,Erythema nodosum,E,https://dermnetnz.org/topics/erythema-nodosum,
erythema-palmare-hereditarium,Erythema palmare hereditarium,E,https://dermnetnz.org/topics/erythema-palmare-hereditarium,Lane disease | Lane's disease | Red palms
sunburn,Erythema solare,E,https://dermnetnz.org/topics/sunburn,Solar erythema
toxic-erythema-of-the-newborn,Erythema toxicum,E,https://dermnetnz.org/topics/toxic-erythema-of-the-newborn,Erythema toxicum neonatorum | Toxic erythema of the newborn
erythromelalgia,Erythermalgia,E,https://dermnetnz.org/topics/erythromelalgia,Erythralgia | Erythromelalgia | Weir Mitchell disease
erythrasma-images,Erythrasma images,E,https://dermnetnz.org/topics/erythrasma-images,
erythrasma-pathology,Erythrasma pathology,E,https://dermnetnz.org/topics/erythrasma-pathology,
erythroderma,Erythroderma,E,https://dermnetnz.org/topics/erythroderma,Erythrodermatitis | Exfoliative dermatitis | Generalised exfoliative dermatitis
leiner-disease,Erythroderma desquamativum,E,https://dermnetnz.org/topics/leiner-disease,Generalised seborrheic dermatitis of infants | Leiner disease
erythroderma-images,Erythroderma images,E,https://dermnetnz.org/topics/erythroderma-images,Exfoliative dermatitis images
erythrodermic-psoriasis,Erythrodermic psoriasis,E,https://dermnetnz.org/topics/erythrodermic-psoriasis,Exfoliative dermatitis due to psoriasis | Psoriatic erythroderma
erythrokeratoderma,Erythrokeratoderma,E,https://dermnetnz.org/topics/erythrokeratoderma,Erythrokeratodermia
keratolytic-winter-erythema,Erythrokeratolysis hiemalis,E,https://dermnetnz.org/topics/keratolytic-winter-erythema,Keratolytic winter erythema | Oudtshoorn disease | Winter erythrokeratolysis
erythromycin,Erythromycin base,E,https://dermnetnz.org/topics/erythromycin,Erythromycin esolate | Erythromycin ethyl succinate | Eythromycin stearate
dogtooth-violet,Erythronium americanum,E,https://dermnetnz.org/topics/dogtooth-violet,Erythronium dens canis
erythropoietic-protoporphyria,Erythropoietic protoporphyria,E,https://dermnetnz.org/topics/erythropoietic-protoporphyria,Haem synthase deficiency | Magnus syndrome | Protoporphyria
escharotic-agents,Escharotic agents,E,https://dermnetnz.org/topics/escharotic-agents,Escharotics
etanercept-for-psoriasis,Etanercept for psoriasis,E,https://dermnetnz.org/topics/etanercept-for-psoriasis,
grevillea,Eugrevillea,E,https://dermnetnz.org/topics/grevillea,Grevillea | Grevillea Robyn Gordon
leeches,European medical leech,E,https://dermnetnz.org/topics/leeches,Hirudo medicinalis | Hirudo michaelseni | Hirudotherapy | Leech therapy
roseola,Exanthem subitum,E,https://dermnetnz.org/topics/roseola,Pseudorubella | Roseola | Roseola infantum | Sixth disease | Three day fever
morbilliform-drug-reaction,Exanthematous drug eruption,E,https://dermnetnz.org/topics/morbilliform-drug-reaction,Maculopapular drug eruption | Maculopapular drug exanthem | Morbilliform drug reaction
exanthems,Exanthems,E,https://dermnetnz.org/topics/exanthems,
excessive-hair,Excessive hair,E,https://dermnetnz.org/topics/excessive-hair,
hyperandrogenism,Excessive male hormone/testosterone in females,E,https://dermnetnz.org/topics/hyperandrogenism,Hyperandrogenisation syndrome | Hyperandrogenism
hyperhidrosis,Excessive sweating,E,https://dermnetnz.org/topics/hyperhidrosis,Generalised hyperhidrosis | Localised hyperhidrosis | Primary hyperhidrosis | Secondary hyperhidrosis
drug-induced-hyperhidrosis,Excessive sweating due to medications,E,https://dermnetnz.org/topics/drug-induced-hyperhidrosis,
excimer-308-nm-light-treatment,Excimer 308-nm light treatment,E,https://dermnetnz.org/topics/excimer-308-nm-light-treatment,
histological-clearance-and-recurrence-of-keratinocyte-cancers,Excision margins and recurrence of basal cell carcinoma,E,https://dermnetnz.org/topics/histological-clearance-and-recurrence-of-keratinocyte-cancers,Excision margins and recurrence of squamous cell carcinoma | Histological clearance and recurrence of keratinocyte cancers
excision-of-skin-lesions,Excisional biopsy,E,https://dermnetnz.org/topics/excision-of-skin-lesions,Surgical excision
exercise-induced-anaphylaxis,Exercise anaphylaxis,E,https://dermnetnz.org/topics/exercise-induced-anaphylaxis,Exercise-induced anaphylaxis
exercise-induced-vasculitis,Exercise-induced capillaritis,E,https://dermnetnz.org/topics/exercise-induced-vasculitis,Exercise-induced vasculitis | Golfer's vasculitis
exfoliative-cheilitis,Exfoliative cheilitis,E,https://dermnetnz.org/topics/exfoliative-cheilitis,
ketoconazole,Extina,E,https://dermnetnz.org/topics/ketoconazole,Ketoconazole | Nizoral
extracorporeal-photopheresis,Extracorporeal photochemotherapy,E,https://dermnetnz.org/topics/extracorporeal-photopheresis,Extracorporeal photopheresis
extragenital-lichen-sclerosus-images,Extragenital lichen sclerosus images,E,https://dermnetnz.org/topics/extragenital-lichen-sclerosus-images,
extramammary-paget-disease,Extramammary Paget disease of skin,E,https://dermnetnz.org/topics/extramammary-paget-disease,
extramammary-paget-disease-pathology,Extramammary Paget disease of the skin pathology,E,https://dermnetnz.org/topics/extramammary-paget-disease-pathology,Extramammary Paget disease pathology
ocular-melanoma,Eye melanoma,E,https://dermnetnz.org/topics/ocular-melanoma,Melanoma of the eye | Ocular melanoma
ocular-rosacea,Eye rosacea,E,https://dermnetnz.org/topics/ocular-rosacea,Ocular rosacea
facial-discoid-dermatosis,Facial discoid dermatosis,F,https://dermnetnz.org/topics/facial-discoid-dermatosis,
facial-lines-and-wrinkles,Facial lines and wrinkles,F,https://dermnetnz.org/topics/facial-lines-and-wrinkles,
facial-psoriasis,Facial psoriasis,F,https://dermnetnz.org/topics/facial-psoriasis,Psoriasis of the face
facial-psoriasis-images,Facial psoriasis images,F,https://dermnetnz.org/topics/facial-psoriasis-images,Psoriasis of the face images
facial-rashes,Facial rashes,F,https://dermnetnz.org/topics/facial-rashes,
facial-red-vein-and-vascular-birthmark-treatments,Facial red vein and vascular birthmark treatments,F,https://dermnetnz.org/topics/facial-red-vein-and-vascular-birthmark-treatments,Treatment of facial telangiectases | Treatment of vascular lesions on the face | Treatment of vascular naevi of the face
facial-rejuvenation,Facial rejuvenation,F,https://dermnetnz.org/topics/facial-rejuvenation,Treatment for photoageing of facial skin
facial-skin-problems,Facial skin problems,F,https://dermnetnz.org/topics/facial-skin-problems,
costello-syndrome,Faciocutaneoskeletal syndrome,F,https://dermnetnz.org/topics/costello-syndrome,
lax-beetle-dermatosis,False blister beetle dermatosis,F,https://dermnetnz.org/topics/lax-beetle-dermatosis,Lax beetle dermatosis | Oedemerid blister beetle dermatosis
false-eyelashes-and-eyebrows,False eyelashes and eyebrows,F,https://dermnetnz.org/topics/false-eyelashes-and-eyebrows,
gardner-syndrome,Familial adenomatous polyposis 1,F,https://dermnetnz.org/topics/gardner-syndrome,Gardner syndrome
familial-benign-pemphigus-pathology,Familial benign chronic pemphigus pathology,F,https://dermnetnz.org/topics/familial-benign-pemphigus-pathology,Familial benign pemphigus pathology | Hailey-Hailey disease pathology | MIM 169600 pathology
familial-cold-autoinflammatory-syndrome,Familial cold autoinflammatory syndrome,F,https://dermnetnz.org/topics/familial-cold-autoinflammatory-syndrome,Familial cold urticaria | FCAS
tumour-necrosis-factor-receptor-associated-periodic-syndrome,Familial Hibernian fever (FHF),F,https://dermnetnz.org/topics/tumour-necrosis-factor-receptor-associated-periodic-syndrome,TNF receptor associated periodic fever syndrome | TRAPS | Tumour necrosis factor receptor-associated periodic syndrome
multiple-self-healing-squamous-epitheliomas-of-ferguson-smith-msse,Familial multiple keratoacanthomas,F,https://dermnetnz.org/topics/multiple-self-healing-squamous-epitheliomas-of-ferguson-smith-msse,Ferguson Smith disease | Ferguson Smith multiple keratoacanthomas | Multiple self-healing squamous epitheliomas of Ferguson-Smith
papa-syndrome,Familial recurrent arthritis,F,https://dermnetnz.org/topics/papa-syndrome,FRA | PAPA syndrome | PAPAS | Pyogenic arthritis pyoderma gangrenosum and acne syndrome
noonan-syndrome,Familial Turner syndrome,F,https://dermnetnz.org/topics/noonan-syndrome,Female pseudo-Turner syndrome | Male Turner syndrome | Noonan syndrome | Noonan-Ehmke syndrome | Turner phenotype with normal karyotype | Ullrich-Noonan syndrome
sjoegren-larsson-syndrome,FAO,F,https://dermnetnz.org/topics/sjoegren-larsson-syndrome,Fatty alcohol nicotinamide adenine dinucleotide oxidoreductase deficiency | Sjogren Larsson syndrome | Sjogren-Larsson syndrome | Sjögren-Larsson syndrome
naevus-lipomatosus-superficialis,Fat naevus,F,https://dermnetnz.org/topics/naevus-lipomatosus-superficialis,Naevus lipomatodes cutaneous superficialis | Naevus lipomatosus cutaneous superficialis | Naevus lipomatosus superficialis | Superficial lipomatous naevus
naevus-lipomatosus-superficialis-pathology,Fat naevus pathology,F,https://dermnetnz.org/topics/naevus-lipomatosus-superficialis-pathology,Naevus lipomatosus cutaneous superficialis pathology | Naevus lipomatosus superficialis pathology | Superficial lipomatous naevus pathology
cellulite,Fatty dimpling of the skin,F,https://dermnetnz.org/topics/cellulite,
favre-racouchot-syndrome-pathology,Favre-Racouchot syndrome pathology,F,https://dermnetnz.org/topics/favre-racouchot-syndrome-pathology,Nodular elastosis with cysts and comedones pathology
favus,Favus,F,https://dermnetnz.org/topics/favus,Favus capitis | Tinea capitis due to Trichophyton schoenleinii | Tinea favosa
hypogonadism-in-females,Female hypogonadism syndrome,F,https://dermnetnz.org/topics/hypogonadism-in-females,Hypogonadism in females | Inadequate ovarian function
fever-and-a-rash,Fever and a rash,F,https://dermnetnz.org/topics/fever-and-a-rash,
fibreglass-dermatitis,Fibreglass dermatitis,F,https://dermnetnz.org/topics/fibreglass-dermatitis,Fibreglass itch
purpura-fulminans,Fibrinolytic purpura,F,https://dermnetnz.org/topics/purpura-fulminans,Purpura fulminans | Purpura gangrenosa
fibroblastic-connective-tissue-naevus-pathology,Fibroblastic connective tissue naevus pathology,F,https://dermnetnz.org/topics/fibroblastic-connective-tissue-naevus-pathology,
oral-irritated-fibroma,Fibroepithelial polyp of oral mucosa,F,https://dermnetnz.org/topics/oral-irritated-fibroma,Focal intraoral fibrous hyperplasia | Irritative hyperplasia of oral mucosa | Oral fibroepithelial polyp | Oral irritated fibroma | Oral polyp | Traumatic oral fibroma
fibroepithelioma-pinkus,Fibroepithelioma of Pinkus,F,https://dermnetnz.org/topics/fibroepithelioma-pinkus,Pinkus epithelioma
fibrofolliculoma-trichodiscoma-pathology,Fibrofolliculoma / trichodiscoma pathology,F,https://dermnetnz.org/topics/fibrofolliculoma-trichodiscoma-pathology,
fibrofolliculomas-in-birthoggdube-images,Fibrofolliculomas in Birt Hogg Dubé images,F,https://dermnetnz.org/topics/fibrofolliculomas-in-birthoggdube-images,Fibrofolliculomas in Birt-Hogg-Dubé images | Fibrofolliculomas in Birt–Hogg–Dubé images
birt-hogg-dube-syndrome,Fibrofolliculomas with trichodiscomas and acrochordons,F,https://dermnetnz.org/topics/birt-hogg-dube-syndrome,Multiple fibrofolliculomas | Multiple fibrofolliculomata
fibromatosis,Fibromatosis,F,https://dermnetnz.org/topics/fibromatosis,
fibrosarcoma-pathology,Fibrosarcoma pathology,F,https://dermnetnz.org/topics/fibrosarcoma-pathology,Infantile fibrosarcoma pathology | Sclerosing epithelioid fibrosarcoma pathology
penile-fibromatosis,Fibrous cavernositis,F,https://dermnetnz.org/topics/penile-fibromatosis,Induratio penis plastica | Penile fibromatosis | Peyronie disease | Plastic induration of penis
fibrous-hamartoma-of-infancy-pathology,Fibrous hamartoma of infancy pathology,F,https://dermnetnz.org/topics/fibrous-hamartoma-of-infancy-pathology,
fibrous-papule-of-the-nose,Fibrous papule,F,https://dermnetnz.org/topics/fibrous-papule-of-the-nose,Fibrous papule of the face | Fibrous papule of the nose | Solitary angiofibroma | Sporadic angiofibroma
fig,Ficus carica,F,https://dermnetnz.org/topics/fig,
filariasis,Filariasis,F,https://dermnetnz.org/topics/filariasis,
finasteride,Finasteride,F,https://dermnetnz.org/topics/finasteride,Propecia | Proscar
onychophagia,Fingernail biting,F,https://dermnetnz.org/topics/onychophagia,Nail biting | Onychophagia | Onychotillomania
fingertip-dermatitis,Fingertip dermatitis,F,https://dermnetnz.org/topics/fingertip-dermatitis,Fingertip eczema
trimethylaminuria,Fish (mal)odour syndrome,F,https://dermnetnz.org/topics/trimethylaminuria,Trimethylaminuria
ichthyosis,Fish scale skin,F,https://dermnetnz.org/topics/ichthyosis,Primary/inherited ichthyosis | Secondary/acquired ichthyosis
fistulas-and-sinuses-of-the-neck-and-face,Fistulas and sinuses of the neck and face,F,https://dermnetnz.org/topics/fistulas-and-sinuses-of-the-neck-and-face,
skin-phototype,Fitzpatrick skin phototype,F,https://dermnetnz.org/topics/skin-phototype,
flagellate-erythema,Flagellate dermatitis,F,https://dermnetnz.org/topics/flagellate-erythema,Flagellate erythema | Flagellate pigmentation
shiitake-flagellate-dermatitis,Flagellate erythema,F,https://dermnetnz.org/topics/shiitake-flagellate-dermatitis,Shiitake flagellate dermatitis | Toxicodermia
metronidazole,Flagyl,F,https://dermnetnz.org/topics/metronidazole,Metronidazole
burns-from-ointments,Flammable ointments,F,https://dermnetnz.org/topics/burns-from-ointments,Thermal burns associated with the use of ointments
skin-flaps,Flaps,F,https://dermnetnz.org/topics/skin-flaps,Skin flaps
intense-pulsed-light-therapy,Flashlamp treatment,F,https://dermnetnz.org/topics/intense-pulsed-light-therapy,Intense pulsed light therapy | Photorejuvenation
hyperkeratosis-lenticularis-perstans,Flegel disease,F,https://dermnetnz.org/topics/hyperkeratosis-lenticularis-perstans,Flegel's disease | Hyperkeratosis lenticularis perstans (Flegel disease)
hyperkeratosis-lenticularis-perstans-flegel-disease-pathology,Flegel disease pathology,F,https://dermnetnz.org/topics/hyperkeratosis-lenticularis-perstans-flegel-disease-pathology,Hyperkeratosis lenticularis perstans pathology
skin-diseases-and-conditions-affecting-body-folds,Flexural rashes,F,https://dermnetnz.org/topics/skin-diseases-and-conditions-affecting-body-folds,Rashes of skin creases | Skin diseases and conditions affecting body folds
florid-cutaneous-papillomatosis,Florid cutaneous papillomatosis,F,https://dermnetnz.org/topics/florid-cutaneous-papillomatosis,
fluconazole,Fluconazole,F,https://dermnetnz.org/topics/fluconazole,
5-fluorouracil-cream,Fluorouracil cream,F,https://dermnetnz.org/topics/5-fluorouracil-cream,Tolak
focal-cutaneous-mucinosis-pathology,Focal cutaneous mucinosis pathology,F,https://dermnetnz.org/topics/focal-cutaneous-mucinosis-pathology,
focal-dermal-hypoplasia,Focal dermal hypoplasia,F,https://dermnetnz.org/topics/focal-dermal-hypoplasia,Goltz-Gorlin dermal hypoplasia syndrome
focal-epithelial-hyperplasia,Focal epithelial hyperplasia,F,https://dermnetnz.org/topics/focal-epithelial-hyperplasia,Focal epithelial hyperplasia of mouth | Focal epithelial hyperplasia of tongue | Heck disease | Hecks disease | Multifocal epithelial hyperplasia | Oral focal epithelial hyperplasia
trichilemmal-cyst,Follicular isthmus cyst,F,https://dermnetnz.org/topics/trichilemmal-cyst,Isthmus catagen cyst | Pilar cyst | Trichilemmal cyst
lichen-planopilaris,Follicular lichen planus,F,https://dermnetnz.org/topics/lichen-planopilaris,Lichen planopilaris | Lichen planus follicularis
follicular-occlusion-syndrome,Follicular occlusion syndrome,F,https://dermnetnz.org/topics/follicular-occlusion-syndrome,Follicular occlusion tetrad | Follicular occlusion triad
porokeratosis-ptychotropica,Follicular porokeratosis,F,https://dermnetnz.org/topics/porokeratosis-ptychotropica,Genitogluteal porokeratosis | Hyperkeratotic porokeratosis | Porokeratoma | Porokeratosis ptychotropica
hair-follicle-tumours,Follicular tumours,F,https://dermnetnz.org/topics/hair-follicle-tumours,Hair follicle tumours | Skin tumours with pilar differentiation | Skin tumours with sebaceous gland differentiation
folliculitis-barbae,Folliculitis barbae,F,https://dermnetnz.org/topics/folliculitis-barbae,
folliculitis-decalvans,Folliculitis decalvans,F,https://dermnetnz.org/topics/folliculitis-decalvans,Folliculitis depilans | Tufted hair folliculitis
folliculitis-images,Folliculitis images,F,https://dermnetnz.org/topics/folliculitis-images,Images of inflamed hair follicles
folliculitis-keloidalis-nuchae-pathology,Folliculitis keloidalis nuchae pathology,F,https://dermnetnz.org/topics/folliculitis-keloidalis-nuchae-pathology,Histology of folliculitis keloidalis
trichofolliculoma,Folliculoma,F,https://dermnetnz.org/topics/trichofolliculoma,Trichofolliculoma
folliculosebaceous-cystic-hamartoma-pathology,Folliculosebaceous cystic hamartoma pathology,F,https://dermnetnz.org/topics/folliculosebaceous-cystic-hamartoma-pathology,
food-additives,Food additives,F,https://dermnetnz.org/topics/food-additives,Food antioxidants | Food colouring agents | Food flavouring agents | Food preservatives
food-additives-and-e-numbers,Food additives and E numbers,F,https://dermnetnz.org/topics/food-additives-and-e-numbers,
food-allergy,Food allergy,F,https://dermnetnz.org/topics/food-allergy,
juvenile-plantar-dermatosis-images,Forefoot dermatitis images,F,https://dermnetnz.org/topics/juvenile-plantar-dermatosis-images,Juvenile plantar dermatosis images
foreign-body-granuloma,Foreign body granuloma,F,https://dermnetnz.org/topics/foreign-body-granuloma,Foreign body granuloma of skin | Foreign body reaction
rosettes,Four-dot clods on dermatoscopy,F,https://dermnetnz.org/topics/rosettes,
fournier-gangrene,Fournier gangrene,F,https://dermnetnz.org/topics/fournier-gangrene,Fournier's disease | Fournier's gangrene | Fournier's necrotising fasciitis of the perineum and genitalia synergistic necrotizing fasciitis of the perineum and genitalia | Fournier's necrotizing fasciitis of the perineum and genitalia synergistic necrotizing fasciitis of the perineum and genitalia | Fourniers disease | Fourniers gangrene | Gangrene
fractional-laser-treatment,Fractional laser treatment,F,https://dermnetnz.org/topics/fractional-laser-treatment,
fracture-blister,Fracture blister,F,https://dermnetnz.org/topics/fracture-blister,
fragrances-and-perfumes,Fragrances and perfumes,F,https://dermnetnz.org/topics/fragrances-and-perfumes,
tularaemia,Francis disease,F,https://dermnetnz.org/topics/tularaemia,Infection by Francisella tularensis | O'Hara disease | Oharas disease | Pahvant Valley fever | Pahvant Valley plague | Rabbit fever | Tularaemia | Yatobyo
french-marigold,French marigold,F,https://dermnetnz.org/topics/french-marigold,Tagetes spp
frontal-fibrosing-alopecia,Frontal fibrosing alopecia,F,https://dermnetnz.org/topics/frontal-fibrosing-alopecia,Patterned lichen planopilaris of the scalp | Postmenopausal frontal fibrosing alopecia
liverworts,Frullania dilatata,F,https://dermnetnz.org/topics/liverworts,Frullania tamasisci | Hepaticea
fumaric-acid-esters,Fumaric acid esters,F,https://dermnetnz.org/topics/fumaric-acid-esters,
specific-antibody-deficiency,Functional antibody defect,F,https://dermnetnz.org/topics/specific-antibody-deficiency,Partial antibody deficiency | Selective antibody deficiency | Specific antibody deficiency
onychomycosis-pathology,Fungal infection of nail pathology,F,https://dermnetnz.org/topics/onychomycosis-pathology,Nail ringworm pathology | Nail tinea pathology | Onychomycosis pathology | Tinea unguium pathology
labial-adhesion-adult-women,Fusion of vulval labia in adult,F,https://dermnetnz.org/topics/labial-adhesion-adult-women,Labial adhesion in adult women | Secondary labial fusion
labial-adhesion-prepubertal-girls,Fusion of vulval labia in child,F,https://dermnetnz.org/topics/labial-adhesion-prepubertal-girls,Labial adhesion in prepubertal girls | Primary labial adhesion | Synechia vulvae
granuloma-annulare-pathology,GA pathology,G,https://dermnetnz.org/topics/granuloma-annulare-pathology,Granuloma annulare pathology | Interstitial GA pathology | Mitotically active GA pathology | Perforating GA pathology | Subcutaneous GA pathology
gabapentin,Gabapentin,G,https://dermnetnz.org/topics/gabapentin,Gralise
knuckle-pads,Garrods pad,G,https://dermnetnz.org/topics/knuckle-pads,Heloderma | Holoderma | Knuckle pad
gaslini-diagnostic-score-for-periodic-fevers,Gaslini diagnostic score for periodic fevers,G,https://dermnetnz.org/topics/gaslini-diagnostic-score-for-periodic-fevers,
haemolytic-uraemic-syndrome,Gasser syndrome,G,https://dermnetnz.org/topics/haemolytic-uraemic-syndrome,Haemolytic uraemic syndrome
the-gut-microbiome-in-skin-disease,Gastrointestinal microbiome and the skin,G,https://dermnetnz.org/topics/the-gut-microbiome-in-skin-disease,Gastrointestinal microbiota and skin | GIT microbiota and skin disease | Gut microbiota and the skin | Intestinal microbial environment and the skin | Skin disease and gut flora | The gut microbiome in skin disease
microphthalmia-with-linear-skin-defects-syndrome,Gazali-Temple syndrome,G,https://dermnetnz.org/topics/microphthalmia-with-linear-skin-defects-syndrome,Microphthalmia with linear skin defects syndrome | MIDAS
generalised-essential-telangiectasia,Generalised essential telangiectasia,G,https://dermnetnz.org/topics/generalised-essential-telangiectasia,
junctional-epidermolysis-bullosa,Generalised intermediate junctional epidermolysis bullosa,G,https://dermnetnz.org/topics/junctional-epidermolysis-bullosa,Generalised severe junctional epidermolysis bullosa | Junctional EB | Junctional epidermolysis bullosa | Junctional epidermolysis bullosa Herlitz type | Junctional epidermolysis bullosa non-Herlitz type
pustular-psoriasis-of-pregnancy,Generalised pustular psoriasis of pregnancy,G,https://dermnetnz.org/topics/pustular-psoriasis-of-pregnancy,Pustular psoriasis of pregnancy
genes-and-melanoma,Genes and melanoma,G,https://dermnetnz.org/topics/genes-and-melanoma,
genetic-testing-for-melanoma,Genetic testing for melanoma,G,https://dermnetnz.org/topics/genetic-testing-for-melanoma,
genetics-of-basal-cell-carcinoma,Genetics of basal cell carcinoma,G,https://dermnetnz.org/topics/genetics-of-basal-cell-carcinoma,Genetics of sporadic basal cell carcinoma
genetics-of-melanoma,Genetics of melanoma,G,https://dermnetnz.org/topics/genetics-of-melanoma,Inherited gene mutations increasing risk of melanoma | Non-inherited gene mutations associated with melanoma
ramsay-hunt-syndrome,Geniculate ganglionitis,G,https://dermnetnz.org/topics/ramsay-hunt-syndrome,Ramsay Hunt disease | Ramsay Hunt syndrome
genital-crohn-disease-images,Genital Crohn disease images,G,https://dermnetnz.org/topics/genital-crohn-disease-images,Images of penile and vulval Crohn disease
genital-herpes,Genital herpes,G,https://dermnetnz.org/topics/genital-herpes,Genital herpes simplex | Herpes genitalis
genital-herpes-images,Genital herpes images,G,https://dermnetnz.org/topics/genital-herpes-images,Genital herpes simpex images | Herpes genitalis images
genital-skin-problems,Genital itch,G,https://dermnetnz.org/topics/genital-skin-problems,Genital pain | Genital skin problems
tinea-cruris,Genitocrural dermatophytosis,G,https://dermnetnz.org/topics/tinea-cruris,Groin tinea | Tinea cruris | Tinea inguinalis
geranium,Geranium,G,https://dermnetnz.org/topics/geranium,Pelargonium graveolans
rubella,German measles,G,https://dermnetnz.org/topics/rubella,Rubella | Three day measles
infantile-papular-acrodermatitis-images,Gianotti-Crosti syndrome images,G,https://dermnetnz.org/topics/infantile-papular-acrodermatitis-images,Papular acrodermatitis of childhood images
giant-cell-arteritis,Giant cell arteritis,G,https://dermnetnz.org/topics/giant-cell-arteritis,Temporal arteritis
giant-cell-fibroblastoma-pathology,Giant cell fibroblastoma of the skin pathology,G,https://dermnetnz.org/topics/giant-cell-fibroblastoma-pathology,Giant cell fibroblastoma pathology
giant-cell-fibroma,Giant cell fibroma,G,https://dermnetnz.org/topics/giant-cell-fibroma,Giant cell fibroma of oral mucosa
multicentric-reticulohistiocytosis,Giant cell reticulohistiocytosis,G,https://dermnetnz.org/topics/multicentric-reticulohistiocytosis,Lipoid dermatoarthritis | Lipoid rheumatism | Nicolau-Balus syndrome
giant-cell-tumour-of-tendon-sheath-pathology,Giant cell tumour of tendon sheath pathology,G,https://dermnetnz.org/topics/giant-cell-tumour-of-tendon-sheath-pathology,
giant-hogweed,Giant hogweed,G,https://dermnetnz.org/topics/giant-hogweed,Heracleum mantegazzianum
brucellosis,Gibraltar fever,G,https://dermnetnz.org/topics/brucellosis,Malta fever | Mediterranean fever | Undulant fever
gingival-enlargement,Gingival bulge,G,https://dermnetnz.org/topics/gingival-enlargement,Gingival enlargement | Gingival hyperplasia | Gingival hypertrophy
epulis,Gingival polyp,G,https://dermnetnz.org/topics/epulis,
gingivitis-and-periodontitis,Gingivitis and periodontitis,G,https://dermnetnz.org/topics/gingivitis-and-periodontitis,
ginkgo-biloba,Ginkgo biloba,G,https://dermnetnz.org/topics/ginkgo-biloba,Ginkgolic acid | Maidenhair tree
infectious-mononucleosis,Glandular fever,G,https://dermnetnz.org/topics/infectious-mononucleosis,Monocytic angina | Pfeiffer disease
global-solar-ultraviolet-index,Global Solar Ultraviolet Index,G,https://dermnetnz.org/topics/global-solar-ultraviolet-index,
climate-change,Global warming effects on skin,G,https://dermnetnz.org/topics/climate-change,The impact of climate change on skin
dermoscopy-globular-pattern,Globular pattern dermoscopy,G,https://dermnetnz.org/topics/dermoscopy-globular-pattern,
glomuvenous-malformation,Glomangioma,G,https://dermnetnz.org/topics/glomuvenous-malformation,Glomangiomatosis | Glomuvenous malformation
glomangioma-pathology,Glomangioma pathology,G,https://dermnetnz.org/topics/glomangioma-pathology,Glomangiomatosis pathology | Glomuvenous malformation pathology
glomeruloid-haemangioma-pathology,Glomeruloid haemangioma pathology,G,https://dermnetnz.org/topics/glomeruloid-haemangioma-pathology,
glomus-tumour-pathology,Glomus tumour pathology,G,https://dermnetnz.org/topics/glomus-tumour-pathology,
burning-mouth-syndrome,Glossodynia,G,https://dermnetnz.org/topics/burning-mouth-syndrome,Orodynia | Stomatopyrosis
gloves-for-hand-protection,Gloves for hand protection,G,https://dermnetnz.org/topics/gloves-for-hand-protection,Occupational hand protection
glp-1-agonists,GLP 1 agonist,G,https://dermnetnz.org/topics/glp-1-agonists,GLP-1 agonist | GLP-1 agonists | Glucagon-like peptide 1 agonists | Glucagon-like peptide agonists | Glucagon-like peptide-1 agonist
necrolytic-migratory-erythema,Glucagonoma syndrome,G,https://dermnetnz.org/topics/necrolytic-migratory-erythema,Necrolytic migratory erythema
gnathostomiasis,Gnathomiasis,G,https://dermnetnz.org/topics/gnathostomiasis,Gnathostomiasis | Gnathostomosis | Infection by gnathostoma | Larva migrans profunda | Panniculitis nodular migratory filica | Shanghai rheumatism | Tuao chid | Wandering swelling | Yangtze River oedema
gnathostomiasis-pathology,Gnathostomiasis pathology,G,https://dermnetnz.org/topics/gnathostomiasis-pathology,Larva migrans profundus pathology
turner-syndrome,Gonadal dysgenesis syndrome,G,https://dermnetnz.org/topics/turner-syndrome,Pterygolymphangiectasia syndrome
gonorrhoea,Gonococcal infection,G,https://dermnetnz.org/topics/gonorrhoea,Gonorrhoea | The clap
gouty-tophi-images,Gouty tophi images,G,https://dermnetnz.org/topics/gouty-tophi-images,Gouty tophus images
graft-versus-host-disease-pathology,Graft versus host disease pathology,G,https://dermnetnz.org/topics/graft-versus-host-disease-pathology,GVHD pathology
graham-little-syndrome,Graham Little Piccardi Lassueur syndrome,G,https://dermnetnz.org/topics/graham-little-syndrome,Graham Little syndrome | Lassueur Graham Little syndrome | Piccardi Lassueur Little syndrome
gram-negative-folliculitis,Gram-negative folliculitis,G,https://dermnetnz.org/topics/gram-negative-folliculitis,
toxic-shock-syndrome-and-toxic-shock-like-syndrome,Gram-positive septic shock,G,https://dermnetnz.org/topics/toxic-shock-syndrome-and-toxic-shock-like-syndrome,Toxic shock syndrome and toxic shock-like syndrome
hibernoma,Granular cell lipoma,G,https://dermnetnz.org/topics/hibernoma,Hibernoma
granuloma,Granuloma,G,https://dermnetnz.org/topics/granuloma,
granuloma-annulare,Granuloma annulare,G,https://dermnetnz.org/topics/granuloma-annulare,Necrobiotic papulosis
granuloma-faciale,Granuloma faciale,G,https://dermnetnz.org/topics/granuloma-faciale,
granuloma-gluteale-infantum,Granuloma gluteale infantum,G,https://dermnetnz.org/topics/granuloma-gluteale-infantum,Infantile gluteal granuloma | Vegetating bromidism
granulomatosis-with-polyangiitis,Granulomatosis with polyangiitis,G,https://dermnetnz.org/topics/granulomatosis-with-polyangiitis,Wegener granulomatosis
granulomatous-cheilitis,Granulomatous cheilitis,G,https://dermnetnz.org/topics/granulomatous-cheilitis,
granulomatous-dermatitis,Granulomatous dermatitis,G,https://dermnetnz.org/topics/granulomatous-dermatitis,Interstitial granulomatous dermatitis | Interstitial granulomatous drug reaction | Palisading neutrophilic granulomatous dermatitis | Reactive granulomatous dermatitis
granulomatous-mastitis,Granulomatous Mastitis,G,https://dermnetnz.org/topics/granulomatous-mastitis,Idiopathic granulomatous mastitis
venous-eczema,Gravitational eczema,G,https://dermnetnz.org/topics/venous-eczema,Stasis dermatitis | Varicose dermatitis | Varicose eczema | Venous dermatitis | Venous eczema
stasis-ulcer,Gravitational ulcer,G,https://dermnetnz.org/topics/stasis-ulcer,Stasis ulcer | Stasis ulceration | Varicose ulcer
pseudoxanthoma-elasticum,Gronblad-Strandberg syndrome,G,https://dermnetnz.org/topics/pseudoxanthoma-elasticum,Pseudoxanthoma elasticum
transient-acantholytic-dermatosis,Grover disease,G,https://dermnetnz.org/topics/transient-acantholytic-dermatosis,Persistent and recurrent acantholytic dermatosis | Transient acantholytic dermatosis
transient-acantholytic-dermatosis-pathology,Grover disease histology,G,https://dermnetnz.org/topics/transient-acantholytic-dermatosis-pathology,Transient acantholytic dermatosis pathology
transient-acantholytic-dermatosis-images,Grover disease images,G,https://dermnetnz.org/topics/transient-acantholytic-dermatosis-images,Transient acantholytic dermatosis images
guidelines-for-the-treatment-of-adult-eczema,Guidelines for the management of adult eczema,G,https://dermnetnz.org/topics/guidelines-for-the-treatment-of-adult-eczema,Treatment guidelines for adult atopic dermatitis
guidelines-for-the-treatment-of-psoriasis,Guidelines for the management of psoriasis,G,https://dermnetnz.org/topics/guidelines-for-the-treatment-of-psoriasis,Treatment guidelines for chronic plaque psoriasis
guidelines-for-the-outpatient-treatment-of-childhood-eczema,Guidelines for the outpatient management of childhood eczema,G,https://dermnetnz.org/topics/guidelines-for-the-outpatient-treatment-of-childhood-eczema,Treatment guidelines for childhood atopic dermatitis
guselkumab,Guselkumab,G,https://dermnetnz.org/topics/guselkumab,Tremfya
guttate-psoriasis,Guttate psoriasis,G,https://dermnetnz.org/topics/guttate-psoriasis,
guttate-psoriasis-images,Guttate psoriasis images,G,https://dermnetnz.org/topics/guttate-psoriasis-images,
habit-tic-deformity,Habit-tic deformity,H,https://dermnetnz.org/topics/habit-tic-deformity,
hereditary-angioedema,HAE,H,https://dermnetnz.org/topics/hereditary-angioedema,Hereditary angioedema
kasabach-merritt-syndrome,Haemangioma haemorrhage syndrome,H,https://dermnetnz.org/topics/kasabach-merritt-syndrome,Haemangiomatosis with thrombocytopenia | Kasabach-Merritt syndrome | Thrombocytopenia haemangioma syndrome
subungual-haemorrhage,Haematoma under a nail,H,https://dermnetnz.org/topics/subungual-haemorrhage,Nail haemorrhage | Subungual haematoma | Subungual haemorrhage
shampoo,Hair and scalp cleanser,H,https://dermnetnz.org/topics/shampoo,Hair cleanser | Scalp cleanser | Shampoo
hair-care-practices-in-women-of-african-descent,Hair care practices in women of African descent,H,https://dermnetnz.org/topics/hair-care-practices-in-women-of-african-descent,
trichotillomania,Hair plucking,H,https://dermnetnz.org/topics/trichotillomania,Hair-pulling disorder | Trichotillomania
hair-removal-techniques,Hair removal techniques,H,https://dermnetnz.org/topics/hair-removal-techniques,Permanent hair reduction | Temporary hair reduction | Temporary hair removal
hair-replacement-surgery,Hair replacement surgery,H,https://dermnetnz.org/topics/hair-replacement-surgery,Hair transplantation
hair-shedding,Hair shedding,H,https://dermnetnz.org/topics/hair-shedding,
oral-hairy-leukoplakia,Hairy leukoplakia,H,https://dermnetnz.org/topics/oral-hairy-leukoplakia,Hairy leukoplakia of the tongue | Oral hairy leukoplakia
meyerson-naevus,Halo dermatitis,H,https://dermnetnz.org/topics/meyerson-naevus,Halo eczema | Meyerson naevus | Myerson naevus
halo-naevus,Halo mole,H,https://dermnetnz.org/topics/halo-naevus,Halo naevus | Leukoderma acquisitum centrifugum | Sutton naevus
halo-mole-images,Halo mole images,H,https://dermnetnz.org/topics/halo-mole-images,Halo naevus images | Sutton naevus images
hamartoma,Hamartoma,H,https://dermnetnz.org/topics/hamartoma,
hand-care-for-healthcare-workers,Hand care for healthcare workers,H,https://dermnetnz.org/topics/hand-care-for-healthcare-workers,
hand-dermatitis,Hand dermatitis,H,https://dermnetnz.org/topics/hand-dermatitis,Hand eczema
hand-dermatitis-images,Hand dermatitis images,H,https://dermnetnz.org/topics/hand-dermatitis-images,Hand eczema images
hand-skin-problems,Hand skin conditions,H,https://dermnetnz.org/topics/hand-skin-problems,
hand-foot-and-mouth-disease-pathology,"Hand, foot and mouth disease pathology",H,https://dermnetnz.org/topics/hand-foot-and-mouth-disease-pathology,Histology of hand foot and mouth disease
vibration-white-finger-hand-arm-vibration-syndrome,Hand-arm syndrome,H,https://dermnetnz.org/topics/vibration-white-finger-hand-arm-vibration-syndrome,Pneumatic hammer syndrome | Vibration white finger | Vibration white finger - hand arm vibration syndrome | Vibration white finger – hand arm vibration syndrome
vogt-koyanagi-harada-syndrome,Harada syndrome,H,https://dermnetnz.org/topics/vogt-koyanagi-harada-syndrome,Vogt disease | Vogt-Koyanagi disease | Vogt-Koyanagi-Harada syndrome | Vogt–Koyanagi–Harada syndrome
harlequin-ichthyosis,Harlequin fetus,H,https://dermnetnz.org/topics/harlequin-ichthyosis,Harlequin ichthyosis | Harlequin type ichythosis
has-my-melanoma-spread,Has my melanoma spread?,H,https://dermnetnz.org/topics/has-my-melanoma-spread,Investigation of melanoma
head-lice,Head lice,H,https://dermnetnz.org/topics/head-lice,Head louse | Lousy hair | Pediculosis capitis
heat-and-cold,Heat and cold,H,https://dermnetnz.org/topics/heat-and-cold,Skin reactions to cold | Skin reactions to heat
heavy-metal-toxicity,Heavy metal poisoning,H,https://dermnetnz.org/topics/heavy-metal-toxicity,Heavy metal toxicity | Heavy metal toxicosis | Toxic effects of heavy metals
english-ivy,Hedera helix,H,https://dermnetnz.org/topics/english-ivy,
sunflower,Helianthus annuus,H,https://dermnetnz.org/topics/sunflower,
helicobacter-pylori-infection-and-skin-diseases,Helicobacter pylori infection and skin diseases,H,https://dermnetnz.org/topics/helicobacter-pylori-infection-and-skin-diseases,
heliotherapy,Heliotherapy,H,https://dermnetnz.org/topics/heliotherapy,Sunlight phototherapy
heparin-induced-skin-necrosis,Heparin necrosis,H,https://dermnetnz.org/topics/heparin-induced-skin-necrosis,Heparin-induced skin necrosis
heparin-induced-haemorrhagic-bullous-dermatosis,Heparin-induced haemorrhagic bullous dermatosis,H,https://dermnetnz.org/topics/heparin-induced-haemorrhagic-bullous-dermatosis,
heparin-induced-thrombocytopenia,Heparin-induced thrombocytopenia,H,https://dermnetnz.org/topics/heparin-induced-thrombocytopenia,
hereditary-coproporphyria,Hereditary coproporphyria,H,https://dermnetnz.org/topics/hereditary-coproporphyria,
steatocystoma-multiplex,Hereditary epidermal polycystic disease,H,https://dermnetnz.org/topics/steatocystoma-multiplex,Sebocystomatosis | Steatocystoma multiplex
hereditary-haemorrhagic-telangiectasia,Hereditary haemorrhagic telangiectasia,H,https://dermnetnz.org/topics/hereditary-haemorrhagic-telangiectasia,Osler disease | Osler haemorrhagic telangiectasia syndrome | Osler Rendu Weber disease | Osler Weber Rendu disease
hereditary-leiomyomatosis-and-renal-cell-cancer-syndrome,Hereditary leiomyomatosis and renal cell cancer syndrome,H,https://dermnetnz.org/topics/hereditary-leiomyomatosis-and-renal-cell-cancer-syndrome,Leiomyoma multiple cutaneous | Leiomyomata and renal cell carcinoma hereditary | Multiple cutaneous and uterine leiomyomata type 1
lynch-syndrome,Hereditary non-polyposis colorectal cancer,H,https://dermnetnz.org/topics/lynch-syndrome,
chickenpox,Herpes varicella zoster,H,https://dermnetnz.org/topics/chickenpox,Varicella | Varicella zoster
herpes-zoster-images,Herpes zoster images,H,https://dermnetnz.org/topics/herpes-zoster-images,Shingles images
hibernoma-pathology,Hibernoma pathology,H,https://dermnetnz.org/topics/hibernoma-pathology,
hidradenitis-suppurativa-german-version,Hidradenitis suppurativa (German version),H,https://dermnetnz.org/topics/hidradenitis-suppurativa-german-version,
hidradenoma-papilliferum-pathology,Hidradenoma papilliferum pathology,H,https://dermnetnz.org/topics/hidradenoma-papilliferum-pathology,Papillary hidradenoma pathology
histiocytic-necrotising-lymphadenitis,Histiocytic necrotising lymphadenitis,H,https://dermnetnz.org/topics/histiocytic-necrotising-lymphadenitis,Histiocytic necrotising lymphadenopathy | Kikuchi disease | Kikuchi Fujimoto disease | Kikuchi–Fujimoto disease
igg4-related-skin-disease-pathology,Histology of IgG4-related skin disease,H,https://dermnetnz.org/topics/igg4-related-skin-disease-pathology,IgG4-related skin disease pathology
melanoma-pathology,Histology of malignant melanoma,H,https://dermnetnz.org/topics/melanoma-pathology,Melanoma pathology
histology-stains,Histology stains,H,https://dermnetnz.org/topics/histology-stains,Histopathology stains | Stains used in histopathology
histoplasmosis,Histoplasma capsulatum infection,H,https://dermnetnz.org/topics/histoplasmosis,Histoplasmosis
histoplasmosis-pathology,Histoplasmosis pathology,H,https://dermnetnz.org/topics/histoplasmosis-pathology,
hypertrophic-osteoarthropathy-and-digital-clubbing,HOA,H,https://dermnetnz.org/topics/hypertrophic-osteoarthropathy-and-digital-clubbing,Hypertrophic osteoarthropathy and digital clubbing | Hypertrophic pulmonary osteoarthropathy | Marie-Bamberger disease | Pachydermoperiostosis acquired | Primary inherited hypertrophic osteoarthropathy | Primary pachydermoperiostosis syndrome | Secondary hypertrophic osteoarthropathy | Touraine-Solente-Gole syndrome
targetoid-haemosiderotic-haemangioma-pathology,Hobnail haemangioma pathology,H,https://dermnetnz.org/topics/targetoid-haemosiderotic-haemangioma-pathology,Targetoid haemangioma pathology | Targetoid haemosiderotic haemangioma pathology
hodgkin-lymphoma,Hodgkin disease,H,https://dermnetnz.org/topics/hodgkin-lymphoma,Hodgkin lymphoma
home-phototherapy,Home phototherapy,H,https://dermnetnz.org/topics/home-phototherapy,Ulttraviolet treatment at home
honey,Honey in wound care,H,https://dermnetnz.org/topics/honey,Manuka honey use
oral-contraceptive,Hormonal birth control,H,https://dermnetnz.org/topics/oral-contraceptive,Oral contraceptives and the skin
spa-pool-folliculitis,Hot tub dermatitis,H,https://dermnetnz.org/topics/spa-pool-folliculitis,Jacuzzi folliculitis | Pseudomonas aeruginosa folliculitis | Pseudomonas folliculitis | Spa bath folliculitis | Spa pool folliculitis
how-is-melanoma-removed,How is melanoma removed?,H,https://dermnetnz.org/topics/how-is-melanoma-removed,
how-to-get-rid-of-acne,How to get rid of acne,H,https://dermnetnz.org/topics/acne/how-to-get-rid-of-acne,
how-to-get-rid-of-back-acne,How to get rid of back acne,H,https://dermnetnz.org/topics/acne/how-to-get-rid-of-back-acne,
vaccines-against-human-papillomavirus,HPV vaccination,H,https://dermnetnz.org/topics/vaccines-against-human-papillomavirus,Vaccines against human papillomavirus
human-bite,Human bite,H,https://dermnetnz.org/topics/human-bite,
herpes-simplex,Human herpesvirus 1,H,https://dermnetnz.org/topics/herpes-simplex,Human herpesvirus 2
omalizumab-for-urticaria,Humanised anti-IgE monoclonal antibody,H,https://dermnetnz.org/topics/omalizumab-for-urticaria,Omalizumab | Omalizumab for urticaria
lipoid-proteinosis,Hyalinosis cutis et mucosae,H,https://dermnetnz.org/topics/lipoid-proteinosis,Lipoid proteinosis of Urbach and Weithe | Lipoidosis cutis et mucosae | Urbach Wiethe disease | Urbach-Weithe syndrome
hyaluronic-acid-implant,Hyaluronic acid implant,H,https://dermnetnz.org/topics/hyaluronic-acid-implant,
hydroa-vacciniforme-pathology,Hydroa vacciniforme pathology,H,https://dermnetnz.org/topics/hydroa-vacciniforme-pathology,
hydrophilic-polyacrylamide-gel,Hydrophilic polyacrylamide gel,H,https://dermnetnz.org/topics/hydrophilic-polyacrylamide-gel,
hydroxyapatite-implant,Hydroxyapatite implant,H,https://dermnetnz.org/topics/hydroxyapatite-implant,
hydroxyurea-induced-cutaneous-ulcer,Hydroxycarbamide-induced skin ulcer,H,https://dermnetnz.org/topics/hydroxyurea-induced-cutaneous-ulcer,Hydroxyurea-induced cutaneous ulcer
hydroxychloroquine,Hydroxychloroquine sulphate,H,https://dermnetnz.org/topics/hydroxychloroquine,Plaquenil | Sovuna
hyperbaric-oxygen-therapy,Hyperbaric oxygen therapy,H,https://dermnetnz.org/topics/hyperbaric-oxygen-therapy,Hyperbaric oxygen treatment
trousseau-syndrome,Hypercoagulability syndrome associated with cancer,H,https://dermnetnz.org/topics/trousseau-syndrome,Malignancy-associated thromboembolism | Malignancy-related hypercoagulability | Migratory superficial thrombophlebitis | Thrombophlebitis migrans | Trousseau syndrome | Tumour associated thromboembolism
hyperimmunoglobulinaemia-d-with-periodic-fever-syndrome,Hyperimmunoglobulinaemia D with periodic fever syndrome,H,https://dermnetnz.org/topics/hyperimmunoglobulinaemia-d-with-periodic-fever-syndrome,
hyperkeratosis-of-the-nipple-and-areola,Hyperkeratosis areolae mammae naeviformis,H,https://dermnetnz.org/topics/hyperkeratosis-of-the-nipple-and-areola,Hyperkeratosis of the nipple and areola | Naevoid hyperkeratosis
kyrle-disease,Hyperkeratosis follicularis et parafollicularis in cutem penetrans,H,https://dermnetnz.org/topics/kyrle-disease,Hyperkeratosis penetrans | Kyrle disease
hyperkeratotic-palmar-dermatitis,Hyperkeratotic eczema of the palms,H,https://dermnetnz.org/topics/hyperkeratotic-palmar-dermatitis,Hyperkeratotic hand dermatitis | Hyperkeratotic hand eczema | Hyperkeratotic palmar dermatitis | Psoriasiform hand eczema | Psoriasiform palmar eczema
seborrhoea,Hypersteatosis,H,https://dermnetnz.org/topics/seborrhoea,Sebaceous gland overactivity | Seborrhoea
palmoplantar-psoriasis-images,Hypertrophic palmoplantar psoriasis images,H,https://dermnetnz.org/topics/palmoplantar-psoriasis-images,Palmoplantar psoriasis images
rhinophyma,Hypertrophic rosacea of the nose,H,https://dermnetnz.org/topics/rhinophyma,Phymatous rosacea of the nose | Rhinophyma
keloid-and-hypertrophic-scar,Hypertrophic scar,H,https://dermnetnz.org/topics/keloid-and-hypertrophic-scar,Keloid and hypertrophic scar | Keloid cicatrix | Keloid scar
vitamin-a-toxicity,Hypervitaminosis A,H,https://dermnetnz.org/topics/vitamin-a-toxicity,Vitamin A poisoning | Vitamin A toxicity
hypnosis-as-a-treatment-for-skin-disorders,Hypnosis as a treatment for skin disorders,H,https://dermnetnz.org/topics/hypnosis-as-a-treatment-for-skin-disorders,Hypnotherapy
hypogonadism-in-males,Hypogonadism in males,H,https://dermnetnz.org/topics/hypogonadism-in-males,Testicular failure | Testicular hypogonadism
hypomelanosis-of-ito,Hypomelanosis of Ito,H,https://dermnetnz.org/topics/hypomelanosis-of-ito,Incontinentia pigmenti achromians syndrome | Incontinentia pigmenti achromicans of Ito
vitamin-a-deficiency,Hypovitaminosis A,H,https://dermnetnz.org/topics/vitamin-a-deficiency,Vitamin A deficiency
i-have-advanced-melanoma-what-now,I have advanced melanoma: what now?,I,https://dermnetnz.org/topics/i-have-advanced-melanoma-what-now,
i-have-melanoma-whats-my-outlook,I have melanoma. What is my outlook?,I,https://dermnetnz.org/topics/i-have-melanoma-whats-my-outlook,
trichothiodystrophy,Ichthyosiform erythroderma with hair abnormality and mental and growth retardation,I,https://dermnetnz.org/topics/trichothiodystrophy,Tay syndrome
ichthyosis-images,Ichthyosis images,I,https://dermnetnz.org/topics/ichthyosis-images,
ichthyosis-vulgaris,Ichthyosis vulgaris,I,https://dermnetnz.org/topics/ichthyosis-vulgaris,
livedoid-vasculopathy,Idiopathic atrophic blanche,I,https://dermnetnz.org/topics/livedoid-vasculopathy,Livedo reticularis with summer ulceration | Livedo vasculitis | Livedoid vasculitis | Livedoid vasculopathy | Persistent painful ulceration of the lower extremities | White atrophy
idiopathic-eruptive-macular-hyperpigmentation,Idiopathic eruptive macular hyperpigmentation,I,https://dermnetnz.org/topics/idiopathic-eruptive-macular-hyperpigmentation,Idiopathic macular eruptive pigmentation
idiopathic-facial-aseptic-granuloma,Idiopathic facial aseptic granuloma,I,https://dermnetnz.org/topics/idiopathic-facial-aseptic-granuloma,IFAG
parry-romberg-syndrome,Idiopathic hemifacial atrophy,I,https://dermnetnz.org/topics/parry-romberg-syndrome,Parry romberg syndrome | Parry-Romberg syndrome | Progressive facial hemiatrophy | Progressive hemifacial atrophy
hypereosinophilic-syndrome,Idiopathic hypereosinophilic syndrome,I,https://dermnetnz.org/topics/hypereosinophilic-syndrome,
idiopathic-plantar-hidradenitis,Idiopathic plantar hidradenitis,I,https://dermnetnz.org/topics/idiopathic-plantar-hidradenitis,Painful plantar erythema | Palmoplantar eccrine hidradenitis
iga-pemphigus,IEN type IgA pemphigus,I,https://dermnetnz.org/topics/iga-pemphigus,IgA pemphigus | IgA pemphigus vegetans | IgA pemphigus vulgaris | Immunoglobulin A pemphigus | SPD type IgA pemphigus | Unclassified IgA pemphigus
igg-subclass-deficiency,IgG subclass deficiency,I,https://dermnetnz.org/topics/igg-subclass-deficiency,Specific IgG antibody deficiency
igg4-related-disease,IgG4-related disease,I,https://dermnetnz.org/topics/igg4-related-disease,
immunohistochemistry-stains,IHC markers,I,https://dermnetnz.org/topics/immunohistochemistry-stains,Immunofluorescence stains | Immunohistochemistry stains | Immunoperoxidase stains
interleukin-17-in-inflammatory-skin-disorders,IL-17 associated inflammatory dermatoses,I,https://dermnetnz.org/topics/interleukin-17-in-inflammatory-skin-disorders,Interleukin-17 in inflammatory skin disorders
unregulated-topical-steroids-in-commercial-medication,Illegal topical steroids,I,https://dermnetnz.org/topics/unregulated-topical-steroids-in-commercial-medication,Illicit topical Steroids | Skin-cap | Unregulated Topical Steroids in Commercial Medication | Wau wa
tildrakizumab,Ilumya,I,https://dermnetnz.org/topics/tildrakizumab,Tildrakizumab
inflammatory-linear-verrucous-epidermal-naevus-pathology,ILVEN pathology,I,https://dermnetnz.org/topics/inflammatory-linear-verrucous-epidermal-naevus-pathology,Inflammatory linear verrucous epidermal naevus pathology
polarised-vs-non-polarised-light-in-dermoscopy-images,Images comparing nonpolarised and polarised dermoscopy,I,https://dermnetnz.org/topics/polarised-vs-non-polarised-light-in-dermoscopy-images,Polarised vs nonpolarised light in dermoscopy images
images-of-cafe-au-lait-macules,Images of cafe-au-lait macules,I,https://dermnetnz.org/topics/images-of-cafe-au-lait-macules,Images of cafe-au-lait spots
imatinib,Imatinib,I,https://dermnetnz.org/topics/imatinib,Imatinib mesilate | Imatinib mesylate
immune-reconstitution-inflammatory-syndrome,Immune reconstitution disease,I,https://dermnetnz.org/topics/immune-reconstitution-inflammatory-syndrome,Immune reconstitution inflammatory syndrome | Immune recovery disease | Immune response reactions | Immune restoration disease
drug-induced-immunosuppression,Immune-suppressive medications,I,https://dermnetnz.org/topics/drug-induced-immunosuppression,Immunomodulation
immunisation-in-immunosuppressed-dermatology-patients,Immunisation in immunosuppressed dermatology patients,I,https://dermnetnz.org/topics/immunisation-in-immunosuppressed-dermatology-patients,Vaccination of immunocompromised patients
immunological-disorders,Immunological disorders,I,https://dermnetnz.org/topics/immunological-disorders,
monitoring-immune-modulating-drugs-used-in-dermatology,Immunomodulatory drug monitoring,I,https://dermnetnz.org/topics/monitoring-immune-modulating-drugs-used-in-dermatology,Monitoring immune-modulating drugs used in dermatology
immunotherapy-related-psoriasiform-reactions,Immunotherapy-related psoriasiform reactions,I,https://dermnetnz.org/topics/immunotherapy-related-psoriasiform-reactions,IrAEs
impetigo,Impetigo contagiosa,I,https://dermnetnz.org/topics/impetigo,
impetigo-pathology,Impetigo pathology,I,https://dermnetnz.org/topics/impetigo-pathology,
incontinence-associated-dermatitis,Incontinence dermatitis,I,https://dermnetnz.org/topics/incontinence-associated-dermatitis,Incontinence-associated dermatitis | Incontinence-induced dermatitis
incontinentia-pigmenti,Incontinentia pigmenti,I,https://dermnetnz.org/topics/incontinentia-pigmenti,Melanoblastosis cutis linearis
indolent-cutaneous-cd8-lymphoid-proliferation-pathology,Indolent cutaneous CD8+ lymphoid proliferation pathology,I,https://dermnetnz.org/topics/indolent-cutaneous-cd8-lymphoid-proliferation-pathology,
infantile-acne-images,Infantile acne images,I,https://dermnetnz.org/topics/infantile-acne-images,
infantile-digital-fibroma,Infantile digital fibroma,I,https://dermnetnz.org/topics/infantile-digital-fibroma,Infantile digital fibromatosis | Infantile digital myofibroblastoma
infantile-digital-fibromatosis-pathology,Infantile digital fibroma pathology,I,https://dermnetnz.org/topics/infantile-digital-fibromatosis-pathology,Infantile digital fibromatosis pathology
perineal-pyramidal-protrusion,Infantile perineal pyramidal protrusion,I,https://dermnetnz.org/topics/perineal-pyramidal-protrusion,Infantile pyramidal protrusion | Perianal pyramidal protrusion | Perineal pyramidal protrusion | Pyramidal protrusion of childhood
rhinoscleroma,Infection by Klebsiella rhinoscleromatis,I,https://dermnetnz.org/topics/rhinoscleroma,Rhinoscleroma
sparganosis,Infection by Spirometra larvae,I,https://dermnetnz.org/topics/sparganosis,Larval dibothriocephaliasis | Larval diphyllobothriasis | Sparganosis
toxoplasmosis,Infection by Toxoplasma gondii,I,https://dermnetnz.org/topics/toxoplasmosis,Toxoplasma infection | Toxoplasmosis
syphilis,Infection by Treponema pallidum,I,https://dermnetnz.org/topics/syphilis,Luetic disease
mycoplasma-pneumoniae-infection,Infection caused by Mycoplasma pneumoniae,I,https://dermnetnz.org/topics/mycoplasma-pneumoniae-infection,Mycoplasma pneumoniae infection
strongyloidiasis,Infection caused by Strongyloides stercoralis,I,https://dermnetnz.org/topics/strongyloidiasis,Strongyloidiasis
meningococcal-disease,Infection due to Neisseria meningitidis,I,https://dermnetnz.org/topics/meningococcal-disease,Meningococcal disease | Meningococcal infection | Meningococcal infectious disease
panton-valentine-leukocidin-staphylococcus-aureus,Infection of skin caused by Panton-Valentine leukocidin producing Staphylococcus aureus,I,https://dermnetnz.org/topics/panton-valentine-leukocidin-staphylococcus-aureus,Panton-Valentine leukocidin Staphylococcus aureus | PVL Staph aureus
viral-hepatitis,Infection with hepatotrophic viruses,I,https://dermnetnz.org/topics/viral-hepatitis,Viral hepatitis
infective-panniculitis,Infective panniculitis,I,https://dermnetnz.org/topics/infective-panniculitis,
scabies,Infestation by Sarcoptes scabiei var hominis,I,https://dermnetnz.org/topics/scabies,Sarcoptic itch | Scabies
pretibial-myxoedema,Infiltrative dermopathy,I,https://dermnetnz.org/topics/pretibial-myxoedema,Localised myxoedema | Pretibial myxoedema | Thyroid dermopathy
nodular-fasciitis-pathology,Infiltrative fasciitis pathology,I,https://dermnetnz.org/topics/nodular-fasciitis-pathology,Nodular fasciitis pathology | Pseudosarcomatous fasciitis pathology | Pseudosarcomatous fibromatosis pathology
inflammasomes-and-inflammatory-skin-diseases,Inflammasomes and inflammatory skin diseases,I,https://dermnetnz.org/topics/inflammasomes-and-inflammatory-skin-diseases,
conjunctivitis,Inflammation of conjunctiva,I,https://dermnetnz.org/topics/conjunctivitis,
folliculitis,Inflammation of hair follicle,I,https://dermnetnz.org/topics/folliculitis,
panniculitis,Inflammation of subcutaneous fat,I,https://dermnetnz.org/topics/panniculitis,Panniculitis
stomatitis,Inflammatory condition of oral mucous membrane,I,https://dermnetnz.org/topics/stomatitis,Oral mucositis | Stomatitis
inflammatory-lesions-in-acne,Inflammatory lesions in acne,I,https://dermnetnz.org/topics/inflammatory-lesions-in-acne,
inflammatory-linear-verrucous-epidermal-naevus,Inflammatory linear verrucous epidermal naevus,I,https://dermnetnz.org/topics/inflammatory-linear-verrucous-epidermal-naevus,Inflammatory linear verrucous epidermal nevus
inflammatory-myofibroblastic-tumour-pathology,Inflammatory myofibroblastic tumour pathology,I,https://dermnetnz.org/topics/inflammatory-myofibroblastic-tumour-pathology,
infliximab-for-psoriasis,Infliximab for psoriasis,I,https://dermnetnz.org/topics/infliximab-for-psoriasis,Infliximab therapy
tumour-of-the-follicular-infundibulum-pathology,Infundibuloma histology,I,https://dermnetnz.org/topics/tumour-of-the-follicular-infundibulum-pathology,Tumour of the follicular infundibulum pathology
ingenol-mebutate-gel,Ingenol 3-angelate,I,https://dermnetnz.org/topics/ingenol-mebutate-gel,Ingenol mebutate | Ingenol mebutate gel | Ingenol-5-angelate gel | Picato
ingrown-toenail,Ingrowing toenail,I,https://dermnetnz.org/topics/ingrown-toenail,Ingrown toenail | Unguis aduncus | Unguis incarnatus
injected-skin-treatments,Injected medications,I,https://dermnetnz.org/topics/injected-skin-treatments,Injected skin treatments | Therapeutic injections
marine-wounds-and-stings,Injuries from marine animals,I,https://dermnetnz.org/topics/marine-wounds-and-stings,Marine wounds and stings
papular-urticaria,Insect bite allergy,I,https://dermnetnz.org/topics/papular-urticaria,Lichen urticatus | Papular urticaria | Persistent insect bite reaction | Urticaria papulosa of Hebra
insecticides-and-the-skin,Insecticides and the skin,I,https://dermnetnz.org/topics/insecticides-and-the-skin,
institutional-scabies,Institutional scabies,I,https://dermnetnz.org/topics/institutional-scabies,
insulin-resistance,Insulin resistance,I,https://dermnetnz.org/topics/insulin-resistance,
interferon-regulatory-factor-4-gene,Interferon regulatory factor 4 gene,I,https://dermnetnz.org/topics/interferon-regulatory-factor-4-gene,
spesolimab,Interleukin-36 receptor antibody,I,https://dermnetnz.org/topics/spesolimab,Spesolimab | Spesolimab-sbzo
interstitial-granulomatous-dermatitis-pathology,Interstitial granulomatous dermatitis pathology,I,https://dermnetnz.org/topics/interstitial-granulomatous-dermatitis-pathology,
skin-prick-testing,Intracutaneous test,I,https://dermnetnz.org/topics/skin-prick-testing,Intradermal testing | Scratch test
intralesional-steroid-injection,Intralesional corticosteroid injection,I,https://dermnetnz.org/topics/intralesional-steroid-injection,Intralesional steroid injection
intralesional-injection,Intralesional injection,I,https://dermnetnz.org/topics/intralesional-injection,
intralymphatic-histiocytosis,Intralymphatic histiocytosis,I,https://dermnetnz.org/topics/intralymphatic-histiocytosis,Intravascular histiocytosis
intralymphatic-histiocytosis-pathology,Intralymphatic histiocytosis pathology,I,https://dermnetnz.org/topics/intralymphatic-histiocytosis-pathology,Pathology of intravascular histiocytosis
intravenous-immunoglobulin,Intravenous immunoglobulin,I,https://dermnetnz.org/topics/intravenous-immunoglobulin,
introduction-to-dermatopathology,Introduction to dermatopathology,I,https://dermnetnz.org/topics/introduction-to-dermatopathology,
introduction-to-fungal-infections,Introduction to fungal infections,I,https://dermnetnz.org/topics/introduction-to-fungal-infections,
investigations-in-acne,Investigations in acne,I,https://dermnetnz.org/topics/investigations-in-acne,
ipilimumab,Ipilimumab,I,https://dermnetnz.org/topics/ipilimumab,
iron-deficiency,Iron deficiency anaemia,I,https://dermnetnz.org/topics/iron-deficiency,Iron deficiency without anaemia
lip-lickers-dermatitis,Irritant contact cheilitis due to lip-licking,I,https://dermnetnz.org/topics/lip-lickers-dermatitis,Irritant contact dermatitis due to saliva | Lip licker dermatitis | Lip licker’s dermatitis | Lip lickers dermatitis | Lip-licking eczema | Saliva-induced contact dermatitis
irritant-or-traumatic-conjunctivitis,Irritant or traumatic conjunctivitis,I,https://dermnetnz.org/topics/irritant-or-traumatic-conjunctivitis,
is-squamous-cell-carcinoma-deadly,Is squamous cell carcinoma deadly?,I,https://dermnetnz.org/topics/cutaneous-squamous-cell-carcinoma/is-squamous-cell-carcinoma-deadly,
isolated-limb-perfusion-for-advanced-melanoma,Isolated limb perfusion for advanced melanoma,I,https://dermnetnz.org/topics/isolated-limb-perfusion-for-advanced-melanoma,
isothiazolinone-mix-allergy,Isothiazolinone mix allergy,I,https://dermnetnz.org/topics/isothiazolinone-mix-allergy,Kathon CG allergy
the-itchy-vulva,Itching of vulva,I,https://dermnetnz.org/topics/the-itchy-vulva,Itchy vulva | Pruritus of vulva | Pruritus vulvae | Vulval itching
itraconazole,Itraconazole,I,https://dermnetnz.org/topics/itraconazole,Sporanox | Tolsura
ixekizumab,Ixekizumab,I,https://dermnetnz.org/topics/ixekizumab,TALTZ™
sebaceous-naevus,Jadassohn naevus,J,https://dermnetnz.org/topics/sebaceous-naevus,Naevus sebaceous | Naevus sebaceous of Jadassohn | Nevus sebaceous | Sebaceous naevus
ruxolitinib,Jakafi,J,https://dermnetnz.org/topics/ruxolitinib,Jakavi | Opzelura
janus-kinase-inhibitors,Janus kinase inhibitors,J,https://dermnetnz.org/topics/janus-kinase-inhibitors,
scrub-typhus,Japanese river fever,J,https://dermnetnz.org/topics/scrub-typhus,Kedani fever | Tsutsugamushi disease
tofacitinib,Jaquinus,J,https://dermnetnz.org/topics/tofacitinib,Tofacinix | Tofacitinib | Xeljanz | Xeljanz XR
juvenile-idiopathic-arthritis,Juvenile idiopathic arthritis,J,https://dermnetnz.org/topics/juvenile-idiopathic-arthritis,
spitz-naevus,Juvenile melanoma,J,https://dermnetnz.org/topics/spitz-naevus,Spitz naevus
juvenile-xanthogranuloma-pathology,Juvenile xanthogranuloma pathology,J,https://dermnetnz.org/topics/juvenile-xanthogranuloma-pathology,
keratoacanthoma,KA,K,https://dermnetnz.org/topics/keratoacanthoma,Keratoacanthoma
keratoacanthoma-images,KA images,K,https://dermnetnz.org/topics/keratoacanthoma-images,Keratoacanthoma images
kava-dermopathy,Kanikani,K,https://dermnetnz.org/topics/kava-dermopathy,Kava dermopathy | Kava ichthyosis
kanuka,Kanuka,K,https://dermnetnz.org/topics/kanuka,Kunzea ericoides | White Manuka | White tea tree
kaposi-sarcoma-images,Kaposi sarcoma images,K,https://dermnetnz.org/topics/kaposi-sarcoma-images,
kaposi-sarcoma-pathology,Kaposi sarcoma pathology,K,https://dermnetnz.org/topics/kaposi-sarcoma-pathology,
opioid-receptor-agonists-in-dermatology,Kappa opioid receptor agonists,K,https://dermnetnz.org/topics/opioid-receptor-agonists-in-dermatology,Mu opioid receptor agonists | Opioid agonists | Opioid receptor agonists in dermatology
keratin-based-dressings-for-chronic-wounds,Keratin-based dressings for chronic wounds,K,https://dermnetnz.org/topics/keratin-based-dressings-for-chronic-wounds,New Zealand sheep wool keratin dressings
keratinocyte-cancer,Keratinocyte cancer,K,https://dermnetnz.org/topics/keratinocyte-cancer,
sjoegren-syndrome,Keratoconjunctivitis sicca,K,https://dermnetnz.org/topics/sjoegren-syndrome,Sicca syndrome | Sjögren disease
stucco-keratosis,Keratoelastoidosis verrucosa,K,https://dermnetnz.org/topics/stucco-keratosis,Keratosis alba | Multiple stucco keratosis | Stucco keratosis | Verruca dorsi manus et pedis
pitted-keratolysis,Keratolysis plantare sulcatum,K,https://dermnetnz.org/topics/pitted-keratolysis,Keratosis plantaris sulcatum | Pitted keratolysis
keratolytic-agents,Keratolytic agents,K,https://dermnetnz.org/topics/keratolytic-agents,
keratolytic-winter-erythema-images,Keratolytic winter erythema images,K,https://dermnetnz.org/topics/keratolytic-winter-erythema-images,Testicular failure | Testicular hypofunction
tinea-nigra,Keratomycosis nigricans,K,https://dermnetnz.org/topics/tinea-nigra,Keratomycosis nigricans palmaris | Pityriasis nigra | Tinea nigra | Tinea palmaris nigra
keratosis-lichenoides-chronica,Keratose lichenoide striae,K,https://dermnetnz.org/topics/keratosis-lichenoides-chronica,Keratosis lichenoides chronica | Lichen verrucosus et reticularis | Lichenoid tri-keratosis | Lichenoid trikeratosis | Nekam disease | Porokeratosis striate lichenoides
keratosis-circumscripta,Keratosis circumscripta,K,https://dermnetnz.org/topics/keratosis-circumscripta,
keratosis-lichenoides-chronica-pathology,Keratosis lichenoides chronica pathology,K,https://dermnetnz.org/topics/keratosis-lichenoides-chronica-pathology,Lichen verrucosum et reticularis pathology | Lichenoid trikeratosis pathology | Nekam disease pathology | Porokeratosis striata lichenoides pathology
palmoplantar-keratoderma,Keratosis palmaris et plantaris,K,https://dermnetnz.org/topics/palmoplantar-keratoderma,Palmoplantar keratoderma
palmoplantar-keratoderma-nagashima-type,Keratosis palmoplantaris Nagashima,K,https://dermnetnz.org/topics/palmoplantar-keratoderma-nagashima-type,Nagashima-type palmoplantar keratosis | Palmoplantar keratoderma Nagashima type
keratosis-pilaris-atrophicans-faciei,Keratosis pilaris atrophicans faciei,K,https://dermnetnz.org/topics/keratosis-pilaris-atrophicans-faciei,Keratosis rubra pilaris faciei atrophicans | Ulerythema ophryogenes
keratosis-pilaris-images,Keratosis pilaris images,K,https://dermnetnz.org/topics/keratosis-pilaris-images,KP images
lichen-spinulosus,Keratosis spinulosa,K,https://dermnetnz.org/topics/lichen-spinulosus,
kerion-images,Kerion images,K,https://dermnetnz.org/topics/kerion-images,
prurigo-pigmentosa,Keto rash,K,https://dermnetnz.org/topics/prurigo-pigmentosa,Nagashima disease | Prurigo pigmentosa
key-clinical-trial-evidence-about-dupilumab,Key clinical-trial evidence about dupilumab,K,https://dermnetnz.org/topics/key-clinical-trial-evidence-about-dupilumab,
key-clinical-trial-evidence-for-alitretinoin,Key clinical-trial evidence for alitretinoin,K,https://dermnetnz.org/topics/key-clinical-trial-evidence-for-alitretinoin,
key-clinical-trial-evidence-for-apremilast,Key clinical-trial evidence for apremilast,K,https://dermnetnz.org/topics/key-clinical-trial-evidence-for-apremilast,
key-clinical-trial-evidence-for-brimonidine,Key clinical-trial evidence for brimonidine,K,https://dermnetnz.org/topics/key-clinical-trial-evidence-for-brimonidine,
key-clinical-trial-evidence-for-brodalumab,Key clinical-trial evidence for brodalumab,K,https://dermnetnz.org/topics/key-clinical-trial-evidence-for-brodalumab,
key-clinical-trial-evidence-for-enstilar-foam,Key clinical-trial evidence for calcipotriol/ betamethasone dipropionate foam,K,https://dermnetnz.org/topics/key-clinical-trial-evidence-for-enstilar-foam,
key-clinical-trial-evidence-for-calcipotriolbetamethasone-dipropionate-ointment-and-gel,Key clinical-trial evidence for calcipotriol/ betamethasone dipropionate ointment and gel,K,https://dermnetnz.org/topics/key-clinical-trial-evidence-for-calcipotriolbetamethasone-dipropionate-ointment-and-gel,
key-clinical-trial-evidence-for-cemiplimab,Key clinical-trial evidence for cemiplimab,K,https://dermnetnz.org/topics/key-clinical-trial-evidence-for-cemiplimab,
key-clinical-trial-evidence-for-cobimetinib,Key clinical-trial evidence for cobimetinib,K,https://dermnetnz.org/topics/key-clinical-trial-evidence-for-cobimetinib,
key-clinical-trial-evidence-for-crisaborole,Key clinical-trial evidence for crisaborole,K,https://dermnetnz.org/topics/key-clinical-trial-evidence-for-crisaborole,
key-clinical-trial-evidence-for-dabrafenib,Key clinical-trial evidence for dabrafenib,K,https://dermnetnz.org/topics/key-clinical-trial-evidence-for-dabrafenib,
key-clinical-trial-evidence-for-guselkumab,Key clinical-trial evidence for guselkumab,K,https://dermnetnz.org/topics/key-clinical-trial-evidence-for-guselkumab,
key-clinical-trial-evidence-for-ingenol-mebutate-gel,Key clinical-trial evidence for ingenol mebutate gel,K,https://dermnetnz.org/topics/key-clinical-trial-evidence-for-ingenol-mebutate-gel,
key-clinical-trial-evidence-for-ixekizumab,Key clinical-trial evidence for ixekizumab,K,https://dermnetnz.org/topics/key-clinical-trial-evidence-for-ixekizumab,
key-clinical-trial-evidence-for-lanadelumab,Key clinical-trial evidence for lanadelumab,K,https://dermnetnz.org/topics/key-clinical-trial-evidence-for-lanadelumab,
key-clinical-trial-evidence-for-nivolumab,Key clinical-trial evidence for nivolumab,K,https://dermnetnz.org/topics/key-clinical-trial-evidence-for-nivolumab,
key-clinical-trial-evidence-for-omalizumab,Key clinical-trial evidence for omalizumab,K,https://dermnetnz.org/topics/key-clinical-trial-evidence-for-omalizumab,
key-clinical-trial-evidence-for-pembrolizumab,Key clinical-trial evidence for pembrolizumab,K,https://dermnetnz.org/topics/key-clinical-trial-evidence-for-pembrolizumab,
key-clinical-trial-evidence-for-posaconazole,Key clinical-trial evidence for posaconazole,K,https://dermnetnz.org/topics/key-clinical-trial-evidence-for-posaconazole,
key-clinical-trial-evidence-for-risankizumab,Key clinical-trial evidence for risankizumab,K,https://dermnetnz.org/topics/key-clinical-trial-evidence-for-risankizumab,
key-clinical-trial-evidence-for-secukinumab,Key clinical-trial evidence for secukinumab,K,https://dermnetnz.org/topics/key-clinical-trial-evidence-for-secukinumab,
key-clinical-trial-evidence-for-sonidegib,Key clinical-trial evidence for sonidegib,K,https://dermnetnz.org/topics/key-clinical-trial-evidence-for-sonidegib,
key-clinical-trial-evidence-for-tildrakizumab,Key clinical-trial evidence for tildrakizumab,K,https://dermnetnz.org/topics/key-clinical-trial-evidence-for-tildrakizumab,
key-clinical-trial-evidence-for-trametinib,Key clinical-trial evidence for trametinib,K,https://dermnetnz.org/topics/key-clinical-trial-evidence-for-trametinib,
key-clinical-trial-evidence-for-vismodegib,Key clinical-trial evidence for vismodegib,K,https://dermnetnz.org/topics/key-clinical-trial-evidence-for-vismodegib,
pembrolizumab,Keytruda,K,https://dermnetnz.org/topics/pembrolizumab,Lambrolizumab | Pembrolizumab
kimura-disease,Kimura disease,K,https://dermnetnz.org/topics/kimura-disease,Kimura disorder | Kimura's disease | Kimura's disorder
ktp-laser-treatment,KTP laser treatment,K,https://dermnetnz.org/topics/ktp-laser-treatment,Potassium titanyl phosphate laser
labial-fusion-images,Labial adhesions in adult women images,L,https://dermnetnz.org/topics/labial-fusion-images,Labial fusion images
melanotic-macule,Labial lentigo,L,https://dermnetnz.org/topics/melanotic-macule,Labial melanotic freckle | Labial melanotic macule | Melanosis vulvae | Melanotic macule | Mucosal melanosis | Oral mucosal melanosis | Penile melanosis | Vulval melanosis
laboratory-tests-for-bacterial-infections,Laboratory tests for bacterial infections,L,https://dermnetnz.org/topics/laboratory-tests-for-bacterial-infections,
laboratory-tests-for-fungal-infection,Laboratory tests for fungal infection,L,https://dermnetnz.org/topics/laboratory-tests-for-fungal-infection,Tests for tinea
laboratory-tests-for-viral-infections,Laboratory tests for viral infections,L,https://dermnetnz.org/topics/laboratory-tests-for-viral-infections,
lactation-and-nipple-problems,Lactation and nipple problems,L,https://dermnetnz.org/topics/lactation-and-nipple-problems,Skin disorders of the nipple with breastfeeding
lettuce,Lactuca sativa,L,https://dermnetnz.org/topics/lettuce,
terbinafine,Lamisil,L,https://dermnetnz.org/topics/terbinafine,Terbinafine
lanadelumab,Lanadelumab,L,https://dermnetnz.org/topics/lanadelumab,Lanadelumab-flyo
thioguanine,Lanvis,L,https://dermnetnz.org/topics/thioguanine,Thioguanine | Tioguanine
low-dose-laser-therapy-for-hair-loss,Laser biostimulation,L,https://dermnetnz.org/topics/low-dose-laser-therapy-for-hair-loss,Laser treatment of androgenic alopecia | Low dose laser therapy for hair loss | Photobiomodulation
laser-eyelid-surgery,Laser eyelid surgery,L,https://dermnetnz.org/topics/laser-eyelid-surgery,Laser eyelift
laser-therapy-in-skin-of-colour,Laser therapy in skin of colour,L,https://dermnetnz.org/topics/laser-therapy-in-skin-of-colour,Lasers and pigmented skin
lasers-in-dermatology,Lasers in dermatology,L,https://dermnetnz.org/topics/lasers-in-dermatology,
lasers-electrical-and-radiofrequency-devices,"Lasers, electrical and radiofrequency devices",L,https://dermnetnz.org/topics/lasers-electrical-and-radiofrequency-devices,
lasers-lights-and-acne,"Lasers, lights, and acne",L,https://dermnetnz.org/topics/lasers-lights-and-acne,
lower-anogenital-squamous-terminology,LAST,L,https://dermnetnz.org/topics/lower-anogenital-squamous-terminology,Lower anogenital squamous terminology
latex-allergy,Latex allergy,L,https://dermnetnz.org/topics/latex-allergy,
laugier-hunziker-syndrome,Laugier-Hunziker melanosis,L,https://dermnetnz.org/topics/laugier-hunziker-syndrome,Laugier-Hunziker syndrome
lavender,Lavandula officinalis,L,https://dermnetnz.org/topics/lavender,Lavender
lax-beetle-images,Lax beetle images,L,https://dermnetnz.org/topics/lax-beetle-images,Oedemerid blister beetle images
leg-ulcer-images,Leg ulcer images,L,https://dermnetnz.org/topics/leg-ulcer-images,
leg-vein-therapies,Leg vein therapies,L,https://dermnetnz.org/topics/leg-vein-therapies,
leiomyoma,Leiomyoma,L,https://dermnetnz.org/topics/leiomyoma,
leiomyosarcoma-pathology,Leiomyosarcoma pathology,L,https://dermnetnz.org/topics/leiomyosarcoma-pathology,
leishmaniasis,Leishmaniasis,L,https://dermnetnz.org/topics/leishmaniasis,
leishmaniasis-images,Leishmaniasis images,L,https://dermnetnz.org/topics/leishmaniasis-images,
leishmaniasis-pathology,Leishmaniasis pathology,L,https://dermnetnz.org/topics/leishmaniasis-pathology,
lentiginous-melanoma,Lentiginous melanoma,L,https://dermnetnz.org/topics/lentiginous-melanoma,
lentigo-images,Lentigo images,L,https://dermnetnz.org/topics/lentigo-images,Solar lentigo images
lentigo-maligna-and-lentigo-maligna-melanoma,Lentigo maligna and lentigo maligna melanoma,L,https://dermnetnz.org/topics/lentigo-maligna-and-lentigo-maligna-melanoma,
lentigo-maligna-and-lentigo-maligna-melanoma-dermoscopy,Lentigo maligna and lentigo maligna melanoma dermoscopy,L,https://dermnetnz.org/topics/lentigo-maligna-and-lentigo-maligna-melanoma-dermoscopy,
lentigo-pathology,Lentigo pathology,L,https://dermnetnz.org/topics/lentigo-pathology,
noonan-syndrome-with-multiple-lentigines,LEOPARD syndrome,L,https://dermnetnz.org/topics/noonan-syndrome-with-multiple-lentigines,Leopard syndrome lentiginosis | Noonan syndrome with multiple lentigines
lepra-reactions,Lepra reactions,L,https://dermnetnz.org/topics/lepra-reactions,Leprosy reactions
leprosy-pathology,Leprosy pathology,L,https://dermnetnz.org/topics/leprosy-pathology,
manuka,Leptospermum scoparium,L,https://dermnetnz.org/topics/manuka,Manuka | New Zealand tea tree
sign-of-leser-trelat,Leser Trelat,L,https://dermnetnz.org/topics/sign-of-leser-trelat,Sign of Leser Trelat | Sign of Leser-Trelat | Sign of Leser-Trélat
leukocytoclastic-vasculitis-pathology,Leukocytoclastic vasculitis pathology,L,https://dermnetnz.org/topics/leukocytoclastic-vasculitis-pathology,
nicotine-stomatitis,Leukokeratosis nicotina palati,L,https://dermnetnz.org/topics/nicotine-stomatitis,Nicotine stomatitis | Nicotinic stomatitis | Smoker's palate | Smokers keratosis | Stomatitis nicotina
white-nail,Leukonychia,L,https://dermnetnz.org/topics/white-nail,White nail
oral-leukoplakia,Leukoplakia of oral mucosa,L,https://dermnetnz.org/topics/oral-leukoplakia,Oral leukoplakia
levamisole-adulterated,Levamisole-adulterated cocaine vasculopathy,L,https://dermnetnz.org/topics/levamisole-adulterated,Levamisole-induced necrosis syndrome | Levamisole-induced vasculitis
lichen-myxoedematosus,Lichen myxoedematosus,L,https://dermnetnz.org/topics/lichen-myxoedematosus,Papular mucinosis | Scleromyxoedema
papular-mucinosis-pathology,Lichen myxoedematosus pathology,L,https://dermnetnz.org/topics/papular-mucinosis-pathology,Papular mucinosis pathology | Scleromyxoedema pathology
lichen-nitidus-pathology,Lichen nitidus pathology,L,https://dermnetnz.org/topics/lichen-nitidus-pathology,
lichen-planus,Lichen planus,L,https://dermnetnz.org/topics/lichen-planus,Lichen ruber planus | Ruber planus
lichen-planus-pathology,Lichen planus pathology,L,https://dermnetnz.org/topics/lichen-planus-pathology,Ruber planus pathology
lichen-sclerosus,Lichen sclerosus et atrophicus,L,https://dermnetnz.org/topics/lichen-sclerosus,White spot disease
lichen-sclerosus-pathology,Lichen sclerosus pathology,L,https://dermnetnz.org/topics/lichen-sclerosus-pathology,
lichen-simplex-of-the-vulva,Lichen simplex of the vulva,L,https://dermnetnz.org/topics/lichen-simplex-of-the-vulva,Neurodermatitis of the vulva | Vulval lichen simplex chronicus
lichen-striatus,Lichen striata,L,https://dermnetnz.org/topics/lichen-striatus,Lichen striatus
lichen-striatus-pathology,Lichen striatus pathology,L,https://dermnetnz.org/topics/lichen-striatus-pathology,
lichen-simplex,Lichenified dermatitis,L,https://dermnetnz.org/topics/lichen-simplex,Lichenified eczema | Neurodermatitis
lichenoid-disorders,Lichenoid dermatoses,L,https://dermnetnz.org/topics/lichenoid-disorders,
lichenoid-drug-reaction-pathology,Lichenoid drug eruption pathology,L,https://dermnetnz.org/topics/lichenoid-drug-reaction-pathology,
lichenoid-drug-eruption,Lichenoid eruption due to medications,L,https://dermnetnz.org/topics/lichenoid-drug-eruption,
linea-nigra,Linea nigra,L,https://dermnetnz.org/topics/linea-nigra,Pregnancy line
stretch-marks-striae,Linear atrophy,L,https://dermnetnz.org/topics/stretch-marks-striae,Stretch marks | Striae
linear-iga-bullous-disease,Linear IgA bullous disease,L,https://dermnetnz.org/topics/linear-iga-bullous-disease,Linear IgA dermatosis | Linear IgA disease
linear-porokeratosis,Linear porokeratosis,L,https://dermnetnz.org/topics/linear-porokeratosis,Zosteriform porokeratosis
useful-resources-for-a-dermatologist,Links for dermatology information,L,https://dermnetnz.org/topics/useful-resources-for-a-dermatologist,Useful dermatology resources for health professionals
lipodystrophy,Lipoatrophy,L,https://dermnetnz.org/topics/lipodystrophy,
lipodermatosclerosis,Lipodermatosclerosis,L,https://dermnetnz.org/topics/lipodermatosclerosis,Sclerosing panniculitis
lipodermatosclerosis-images,Lipodermatosclerosis images,L,https://dermnetnz.org/topics/lipodermatosclerosis-images,
lipoedema-definition-and-pathogenesis,Lipoedema – definition and pathogenesis,L,https://dermnetnz.org/topics/lipoedema-definition-and-pathogenesis,Lipolymphoedema | Lympho-lipoedema | Painful fat syndrome | Painful lipohypertrophy
lipoedema-therapy,Lipoedema – therapy,L,https://dermnetnz.org/topics/lipoedema-therapy,
lipoid-proteinosis-pathology,Lipoid proteinosis pathology,L,https://dermnetnz.org/topics/lipoid-proteinosis-pathology,
lipoma,Lipoma,L,https://dermnetnz.org/topics/lipoma,
lipoma-pathology,Lipoma pathology,L,https://dermnetnz.org/topics/lipoma-pathology,
liposarcoma,Liposarcoma,L,https://dermnetnz.org/topics/liposarcoma,
liposarcoma-pathology,Liposarcoma pathology,L,https://dermnetnz.org/topics/liposarcoma-pathology,
liposuction-in-cosmetic-dermatology,Liposuction in cosmetic dermatology,L,https://dermnetnz.org/topics/liposuction-in-cosmetic-dermatology,
liquid-nitrogencryotherapy-guidelines,Liquid nitrogen/cryotherapy guidelines,L,https://dermnetnz.org/topics/liquid-nitrogencryotherapy-guidelines,
lithium,Lithium carbonate,L,https://dermnetnz.org/topics/lithium,
livedo-reticularis,Livedo racemosa,L,https://dermnetnz.org/topics/livedo-reticularis,Livedo reticularis
liver-problems-and-psoriasis,Liver disease and psoriasis patients,L,https://dermnetnz.org/topics/liver-problems-and-psoriasis,Liver problems and psoriasis
lupus-miliaris-disseminatus-faciei-pathology,LMDF pathology,L,https://dermnetnz.org/topics/lupus-miliaris-disseminatus-faciei-pathology,Lupus miliaris disseminatus faciei pathology
local-anaesthesia,Local anaesthesia,L,https://dermnetnz.org/topics/local-anaesthesia,
morphoea,Localised scleroderma,L,https://dermnetnz.org/topics/morphoea,Morphoea
onychopapilloma,Longitudinal erythronychia,L,https://dermnetnz.org/topics/onychopapilloma,Nail–producing papilloma | Onychopapilloma
madarosis-images,Loss of eyebrows images,L,https://dermnetnz.org/topics/madarosis-images,Madarosis images
madarosis,Loss of eyelashes and/or eyebrows,L,https://dermnetnz.org/topics/madarosis,Madarosis
lice,Louse infestation,L,https://dermnetnz.org/topics/lice,
lyme-disease,Lyme disease,L,https://dermnetnz.org/topics/lyme-disease,
lyme-disease-pathology,Lyme disease pathology,L,https://dermnetnz.org/topics/lyme-disease-pathology,
lymph-node-surgery-for-melanoma,Lymph node surgery for melanoma,L,https://dermnetnz.org/topics/lymph-node-surgery-for-melanoma,
lymphangioma-circumscriptum-pathology,Lymphangioma circumscriptum pathology,L,https://dermnetnz.org/topics/lymphangioma-circumscriptum-pathology,Lymphatic malformation pathology
stewarttreves-syndrome,Lymphangiosarcoma of skin,L,https://dermnetnz.org/topics/stewarttreves-syndrome,Lymphangiosarcoma of Stewart and Treves | Postmastectomy lymphangiosarcoma syndrome | Stewart Treves syndrome | Stewart-Treves syndrome | Stewart–Treves syndrome
lymphatic-malformation,Lymphatic malformation,L,https://dermnetnz.org/topics/lymphatic-malformation,
lymphoedema,Lymphatic oedema,L,https://dermnetnz.org/topics/lymphoedema,Lymphoedema
lymphocytic-thrombophilic-arteritis,Lymphocytic thrombophilic arteritis,L,https://dermnetnz.org/topics/lymphocytic-thrombophilic-arteritis,Macular lymphocytic arteritis
lymphoepithelioma-like-carcinoma-pathology,Lymphoepithelial tumour of the skin pathology,L,https://dermnetnz.org/topics/lymphoepithelioma-like-carcinoma-pathology,Lymphoepithelioma-like carcinoma pathology
lymphogranuloma-venereum,Lymphogranuloma inguinale,L,https://dermnetnz.org/topics/lymphogranuloma-venereum,Lymphogranuloma venereum | Nicholas Favre disease
lymphoma,Lymphoma,L,https://dermnetnz.org/topics/lymphoma,
lymphomatoid-granulomatosis,Lymphomatoid granulomatosis,L,https://dermnetnz.org/topics/lymphomatoid-granulomatosis,
lymphomatoid-papulosis,Lymphomatoid papulosis,L,https://dermnetnz.org/topics/lymphomatoid-papulosis,
lymphomatoid-papulosis-pathology,Lymphomatoid papulosis pathology,L,https://dermnetnz.org/topics/lymphomatoid-papulosis-pathology,
macular-amyloidosis,Macular amyloidosis,M,https://dermnetnz.org/topics/macular-amyloidosis,Macular cutaneous amyloidosis
maculopapular-cutaneous-mastocytosis,Maculopapular cutaneous mastocytosis,M,https://dermnetnz.org/topics/maculopapular-cutaneous-mastocytosis,Urticaria pigmentosa
maculopapular-cutaneous-mastocytosis-pathology,Maculopapular cutaneous mastocytosis pathology,M,https://dermnetnz.org/topics/maculopapular-cutaneous-mastocytosis-pathology,Urticaria pigmentosa pathology
maggot-debridement-therapy,Maggot debridement therapy,M,https://dermnetnz.org/topics/maggot-debridement-therapy,Sterile maggot wound debridement
majocchi-granuloma,Majocchi granuloma,M,https://dermnetnz.org/topics/majocchi-granuloma,Tinea profunda
methyl-aminolevulinate-photodynamic-therapy,MAL PDT,M,https://dermnetnz.org/topics/methyl-aminolevulinate-photodynamic-therapy,Methyl aminolevulinate PDT | Methyl aminolevulinate photodynamic therapy
malakoplakia-of-the-skin-and-tongue,Malakoplakia of the skin and tongue,M,https://dermnetnz.org/topics/malakoplakia-of-the-skin-and-tongue,
malaria-and-its-skin-signs,Malaria and its skin signs,M,https://dermnetnz.org/topics/malaria-and-its-skin-signs,Paludism | Plasmodiosis
malassezia-folliculitis,Malassezia folliculitis,M,https://dermnetnz.org/topics/malassezia-folliculitis,
malassezia-pityrosporum-folliculitis-pathology,Malassezia folliculitis pathology,M,https://dermnetnz.org/topics/malassezia-pityrosporum-folliculitis-pathology,Pityrosporum folliculitis pathology
male-genital-dysaesthesia,Male genital dysaesthesia,M,https://dermnetnz.org/topics/male-genital-dysaesthesia,Penoscrotodynia
malignant-basomelanocytic-tumour-pathology,Malignant basomelanocytic tumour pathology,M,https://dermnetnz.org/topics/malignant-basomelanocytic-tumour-pathology,
marjolin-ulcer,Malignant degeneration in chronic wound,M,https://dermnetnz.org/topics/marjolin-ulcer,Marjolin ulcer | Squamous cell carcinoma arising in chronic ulcer
melanoma-of-the-nail-unit,Malignant melanoma of nail apparatus,M,https://dermnetnz.org/topics/melanoma-of-the-nail-unit,Melanoma of the nail unit | Periungual melanoma | Subungual melanoma | Ungual melanoma
malignant-proliferating-trichilemmal-cyst,Malignant proliferating pilar tumour,M,https://dermnetnz.org/topics/malignant-proliferating-trichilemmal-cyst,Malignant proliferating trichilemmal cyst
synovial-sarcoma-pathology,Malignant synovioma,M,https://dermnetnz.org/topics/synovial-sarcoma-pathology,Synovial sarcoma pathology
malnutrition-including-anorexia-nervosa,Malnutrition including anorexia nervosa,M,https://dermnetnz.org/topics/malnutrition-including-anorexia-nervosa,
bromhidrosis,Malodorous body odour,M,https://dermnetnz.org/topics/bromhidrosis,Malodorous sweating | Ozochrotia
mammary-and-extramammary-paget-disease-of-the-skin-images,Mammary and extramammary Paget disease of the skin images,M,https://dermnetnz.org/topics/mammary-and-extramammary-paget-disease-of-the-skin-images,
mammary-paget-disease,Mammary Paget disease of the skin,M,https://dermnetnz.org/topics/mammary-paget-disease,Paget disease of the breast | Paget disease of the nipple
mango,Mangifera indica,M,https://dermnetnz.org/topics/mango,Mango
marfan-syndrome,Marfan syndrome,M,https://dermnetnz.org/topics/marfan-syndrome,
mohs-micrographic-surgery,Margin control surgery,M,https://dermnetnz.org/topics/mohs-micrographic-surgery,Micrographically controlled surgery | Mohs micrographic surgery | Tuebingen cake
marginal-keratoderma,Marginal acrokeratoderma,M,https://dermnetnz.org/topics/marginal-keratoderma,Marginal keratoderma
sea-bathers-eruption,Marine dermatitis,M,https://dermnetnz.org/topics/sea-bathers-eruption,Pica-Pica | Sea bather's eruption | Seabather's eruption
pfapa-syndrome,Marshall syndrome with periodic fever,M,https://dermnetnz.org/topics/pfapa-syndrome,Periodic fever and aphthous stomatitis with pharyngitis and cervical lymphadenitis syndrome | PFAPA syndrome
mastocytosis,Mast cell hyperplasia,M,https://dermnetnz.org/topics/mastocytosis,Mastocytosis
mastocytoma,Mast cell naevus,M,https://dermnetnz.org/topics/mastocytoma,Mastocytoma
measles-images,Measles images,M,https://dermnetnz.org/topics/measles-images,
mebendazole,Mebendazole,M,https://dermnetnz.org/topics/mebendazole,
median-raphe-cyst-pathology,Median raphe cyst pathology,M,https://dermnetnz.org/topics/median-raphe-cyst-pathology,
sjs-ten-nursing,Medical care of SJS/TEN,M,https://dermnetnz.org/topics/sjs-ten-nursing,Stevens Johnson syndrome / toxic epidermal necrolysis: nursing management
medical-journals-for-the-dermatologist,Medical journals for the dermatologist,M,https://dermnetnz.org/topics/medical-journals-for-the-dermatologist,
medical-nail-avulsion,Medical nail avulsion,M,https://dermnetnz.org/topics/medical-nail-avulsion,
medical-organisations-in-new-zealand-and-australia,Medical organisations in New Zealand and Australia,M,https://dermnetnz.org/topics/medical-organisations-in-new-zealand-and-australia,
megalencephaly-capillary-malformation-polymicrogyria,Megalencephaly-capillary malformation-polymicrogyria,M,https://dermnetnz.org/topics/megalencephaly-capillary-malformation-polymicrogyria,
melanocortin,Melanocortin 1 receptor gene,M,https://dermnetnz.org/topics/melanocortin,
melanocytic-lesions-pathology,Melanocytic lesions pathology,M,https://dermnetnz.org/topics/melanocytic-lesions-pathology,
melanocytic-matricoma-pathology,Melanocytic matricoma pathology,M,https://dermnetnz.org/topics/melanocytic-matricoma-pathology,
melanocytic-naevi-and-melanoma-in-pregnancy,Melanocytic naevi and melanoma in pregnancy,M,https://dermnetnz.org/topics/melanocytic-naevi-and-melanoma-in-pregnancy,Moles and other melanocytic lesions in pregnancy | Pregnancy-associated melanoma and moles
melanocytic-naevi-in-skin-of-colour-images,Melanocytic naevi in skin of colour images,M,https://dermnetnz.org/topics/melanocytic-naevi-in-skin-of-colour-images,
melanocytic-naevus,Melanocytic naevus,M,https://dermnetnz.org/topics/melanocytic-naevus,Naevocytic naevus | Pigmented naevus
melanocytic-naevi-pathology,Melanocytic naevus pathology,M,https://dermnetnz.org/topics/melanocytic-naevi-pathology,Pathology of acquired melanocytic naevi | Pathology of moles
melanoma-in-skin-of-colour,Melanoma in skin of colour,M,https://dermnetnz.org/topics/melanoma-in-skin-of-colour,
metastatic-melanoma,Melanoma metastases,M,https://dermnetnz.org/topics/metastatic-melanoma,Metastatic malignant melanoma | Metastatic melanoma
melanoma-of-nail-unit-images,Melanoma of nail unit images,M,https://dermnetnz.org/topics/melanoma-of-nail-unit-images,
melanoma-research-and-clinical-trials,Melanoma research and clinical trials,M,https://dermnetnz.org/topics/melanoma-research-and-clinical-trials,
melanoma-what-happens-at-the-pathology-laboratory,Melanoma: what happens at the pathology laboratory?,M,https://dermnetnz.org/topics/melanoma-what-happens-at-the-pathology-laboratory,
melanonychia,Melanonychia,M,https://dermnetnz.org/topics/melanonychia,Melanonychia striata | Nail pigmentation
melanonychia-images,Melanonychia images,M,https://dermnetnz.org/topics/melanonychia-images,
menopause-and-the-skin,Menopause and the skin,M,https://dermnetnz.org/topics/menopause-and-the-skin,Perimenopause and the skin | Postmenopause and the skin
the-mind-and-the-skin,Mental health and dermatology,M,https://dermnetnz.org/topics/the-mind-and-the-skin,Psychological conditions related to dermatology | Psychological effect of dermatoses | The mind and the skin
psychosocial-factors-in-dermatology,Mental health and the skin,M,https://dermnetnz.org/topics/psychosocial-factors-in-dermatology,Psychological effects of skin disease | Psychosocial factors in dermatology
mint,Mentha spp,M,https://dermnetnz.org/topics/mint,
thiomersal-allergy,Mercurochrome allergy,M,https://dermnetnz.org/topics/thiomersal-allergy,Mercurothiolate allergy | Merthiolate allergy | Thimerosal allergy | Thiomersal allergy | Thiomersalan allergy | Thiomersalate allergy
merkel-cell-carcinoma,Merkel cell carcinoma,M,https://dermnetnz.org/topics/merkel-cell-carcinoma,
merkel-cell-carcinoma-pathology,Merkel cell carcinoma pathology,M,https://dermnetnz.org/topics/merkel-cell-carcinoma-pathology,
mesothelioma-pathology,Mesothelioma pathology,M,https://dermnetnz.org/topics/mesothelioma-pathology,Skin metastases of mesothelioma pathology
mesotherapy,Mesotherapy,M,https://dermnetnz.org/topics/mesotherapy,
metastatic-adenocarcinoma-pathology,Metastatic adenocarcinoma pathology,M,https://dermnetnz.org/topics/metastatic-adenocarcinoma-pathology,
metastatic-melanoma-images,Metastatic melanoma images,M,https://dermnetnz.org/topics/metastatic-melanoma-images,
metastatic-melanoma-with-unknown-primary,Metastatic melanoma of unknown origin,M,https://dermnetnz.org/topics/metastatic-melanoma-with-unknown-primary,Metastatic melanoma with unknown primary
methicillin-resistant-staphylococcus-aureus,Methicillin-resistant Staphylococcus aureus,M,https://dermnetnz.org/topics/methicillin-resistant-staphylococcus-aureus,MRSA
methotrexate,Methotrexate,M,https://dermnetnz.org/topics/methotrexate,Methotrexate sodium | Trexall | Zlatal
porokeratosis-of-mibelli,Mibellis disease,M,https://dermnetnz.org/topics/porokeratosis-of-mibelli,Porokeratosis of Mibelli
microgeodic-disease,Microgeodic disease,M,https://dermnetnz.org/topics/microgeodic-disease,Phalangeal microgeodic syndrome | Phalangeal osteolysis
milium,Mila,M,https://dermnetnz.org/topics/milium,Milial cyst
milia-images,Milia images,M,https://dermnetnz.org/topics/milia-images,
miliaria,Miliaria,M,https://dermnetnz.org/topics/miliaria,Prickly heat | Sweat rash
neurofibromatosis-images,MIM 162200 images,M,https://dermnetnz.org/topics/neurofibromatosis-images,Neurofibromatosis 1 images | Neurofibromatosis images | NF1 images | Von Recklinghausen disease images
procedures-to-treat-the-skin,Miscellaneous treatments and procedures to treat the skin,M,https://dermnetnz.org/topics/procedures-to-treat-the-skin,
nemolizumab,Mitchga,M,https://dermnetnz.org/topics/nemolizumab,Nemolizumab
mixed-connective-tissue-disease,Mixed collagen vascular disease,M,https://dermnetnz.org/topics/mixed-connective-tissue-disease,Mixed connective tissue disease | Sharp syndrome
mohs-surgery-images,Mohs surgery images,M,https://dermnetnz.org/topics/mohs-surgery-images,Pictures of Mohs micrographic surgery
molluscum-contagiosum,Molluscum contagiosum,M,https://dermnetnz.org/topics/molluscum-contagiosum,Molluscum contagiosum virus infection
molluscum-contagiosum-pathology,Molluscum contagiosum pathology,M,https://dermnetnz.org/topics/molluscum-contagiosum-pathology,
mpox,Monkeypox virus infection in humans,M,https://dermnetnz.org/topics/mpox,
monogenic-autoinflammatory-syndromes,Monogenic autoinflammatory syndromes,M,https://dermnetnz.org/topics/monogenic-autoinflammatory-syndromes,
morgellons-disease,Morgellons disease,M,https://dermnetnz.org/topics/morgellons-disease,
morphoea-images,Morphoea images,M,https://dermnetnz.org/topics/morphoea-images,
non-dermatophyte-mould-onychomycosis,Mould infections of skin and nails,M,https://dermnetnz.org/topics/non-dermatophyte-mould-onychomycosis,Non-dermatophyte mould onychomycosis | Non-dermatophyte onychomycosis
mouthwash,Mouthwash,M,https://dermnetnz.org/topics/mouthwash,Oral rinse
mucinous-carcinoma-pathology,Mucinous carcinoma pathology,M,https://dermnetnz.org/topics/mucinous-carcinoma-pathology,
mucormycosis-pathology,Mucormycosis pathology,M,https://dermnetnz.org/topics/mucormycosis-pathology,
mucosal-melanoma,Mucosal melanoma,M,https://dermnetnz.org/topics/mucosal-melanoma,
multiple-endocrine-neoplasia-type-2b,Mucosal neuroma syndrome,M,https://dermnetnz.org/topics/multiple-endocrine-neoplasia-type-2b,Multiple endocrine neoplasia type 2B | Multiple endocrine neoplasia type 3
multinucleate-cell-angiohistiocytoma-pathology,Multinucleate cell angiohistiocytoma pathology,M,https://dermnetnz.org/topics/multinucleate-cell-angiohistiocytoma-pathology,
paediatric-multisystem-inflammatory-syndrome-pims,Multisystem inflammatory syndrome,M,https://dermnetnz.org/topics/paediatric-multisystem-inflammatory-syndrome-pims,Paediatric inflammatory multisystem syndrome | Paediatric multisystem inflammatory syndrome | Paediatric multisystem inflammatory syndrome (PIMS)
mycetoma-pathology,Mycetoma pathology,M,https://dermnetnz.org/topics/mycetoma-pathology,
mycobacterium-marinum-skin-infection-pathology,Mycobacterium marinum skin infection pathology,M,https://dermnetnz.org/topics/mycobacterium-marinum-skin-infection-pathology,
mycology-of-dermatophyte-infections,Mycology of dermatophyte infections,M,https://dermnetnz.org/topics/mycology-of-dermatophyte-infections,
mycophenolate-mofetil,Mycophenolate mofetil,M,https://dermnetnz.org/topics/mycophenolate-mofetil,
myiasis-pathology,Myiasis pathology,M,https://dermnetnz.org/topics/myiasis-pathology,Pathology of fly larva infestation
myofibroma-pathology,Myofibroma pathology,M,https://dermnetnz.org/topics/myofibroma-pathology,
myxofibrosarcoma-pathology,Myxofibrosarcoma pathology,M,https://dermnetnz.org/topics/myxofibrosarcoma-pathology,Myxoid malignant fibrous histiocytoma of skin pathology
myxoma-syndrome,Myxoma syndrome,M,https://dermnetnz.org/topics/myxoma-syndrome,
rongoa-maori-for-the-skin,Māori medicines,M,https://dermnetnz.org/topics/rongoa-maori-for-the-skin,Rongoa maori for the skin | Rongoā Māori for the skin
naevus-anaemicus,Naevus anaemicus,N,https://dermnetnz.org/topics/naevus-anaemicus,Naevus anaemicus et oligaemicus | Naevus oligaemicus
spider-telangiectasis,Naevus araneus,N,https://dermnetnz.org/topics/spider-telangiectasis,Spider angioma | Spider naevus | Spider telangiectasis
nail-cosmetics-allergy,Nail cosmetics allergy,N,https://dermnetnz.org/topics/nail-cosmetics-allergy,
nail-disorder-images,Nail disorder images,N,https://dermnetnz.org/topics/nail-disorder-images,
nail-disorders,Nail disorders,N,https://dermnetnz.org/topics/nail-disorders,
nail-matrix-biopsy,Nail matrix biopsy,N,https://dermnetnz.org/topics/nail-matrix-biopsy,
subungual-melanoma-pathology,Nail matrix melanoma pathology,N,https://dermnetnz.org/topics/subungual-melanoma-pathology,Pathology of nail apparatus melanoma | Subungual melanoma pathology
nail-psoriasis,Nail psoriasis,N,https://dermnetnz.org/topics/nail-psoriasis,Psoriasis of the nails | Psoriatic nail disease | Psoriatic nail dystrophy
nail-psoriasis-images,Nail psoriasis images,N,https://dermnetnz.org/topics/nail-psoriasis-images,
nail-terminology,Nail terminology,N,https://dermnetnz.org/topics/nail-terminology,
napkin-dermatitis,Napkin dermatitis,N,https://dermnetnz.org/topics/napkin-dermatitis,
natal-and-neonatal-teeth,Natal and neonatal teeth,N,https://dermnetnz.org/topics/natal-and-neonatal-teeth,
naxos-disease,Naxos disease,N,https://dermnetnz.org/topics/naxos-disease,Naxos syndrome
ndyag-laser-treatment,Nd:YAG laser,N,https://dermnetnz.org/topics/ndyag-laser-treatment,Neodymium YAG laser treatment | Neodymium-doped yttrium aluminium garnet laser
necrobiosis-lipoidica,Necrobiosis lipoidica,N,https://dermnetnz.org/topics/necrobiosis-lipoidica,Necrobiosis lipoidica diabeticorum
necrobiosis-lipoidica-pathology,Necrobiosis lipoidica pathology,N,https://dermnetnz.org/topics/necrobiosis-lipoidica-pathology,
necrobiotic-xanthogranuloma-pathology,Necrobiotic xanthogranuloma pathology,N,https://dermnetnz.org/topics/necrobiotic-xanthogranuloma-pathology,
necrolytic-acral-erythema,Necrolytic acral erythema,N,https://dermnetnz.org/topics/necrolytic-acral-erythema,
necrotising-fasciitis-images,Necrotising fasciitis images,N,https://dermnetnz.org/topics/necrotising-fasciitis-images,
necrotising-fasciitis-pathology,Necrotising fasciitis pathology,N,https://dermnetnz.org/topics/necrotising-fasciitis-pathology,
necrotising-infundibular-crystalline-folliculitis-pathology,Necrotising infundibular crystalline folliculitis pathology,N,https://dermnetnz.org/topics/necrotising-infundibular-crystalline-folliculitis-pathology,
necrotising-periodontal-disease,Necrotising periodontal disease,N,https://dermnetnz.org/topics/necrotising-periodontal-disease,
negative-network-in-dermoscopy-images,Negative network dermoscopy images,N,https://dermnetnz.org/topics/negative-network-in-dermoscopy-images,
negative-pressure-wound-therapy,Negative pressure wound therapy,N,https://dermnetnz.org/topics/negative-pressure-wound-therapy,Vacuum assisted wound closure
neonatal-cephalic-pustulosis,Neonatal cephalic pustulosis,N,https://dermnetnz.org/topics/neonatal-cephalic-pustulosis,
skin-conditions-in-newborn-babies,Neonatal dermatoses,N,https://dermnetnz.org/topics/skin-conditions-in-newborn-babies,Rashes in neonates | Skin conditions in newborn babies
neonatal-lupus-erythematosus,Neonatal lupus,N,https://dermnetnz.org/topics/neonatal-lupus-erythematosus,Neonatal lupus erythematosus
subcutaneous-fat-necrosis-of-the-newborn,Neonatal subcutaneous fat necrosis,N,https://dermnetnz.org/topics/subcutaneous-fat-necrosis-of-the-newborn,Subcutaneous fat necrosis of the newborn
nephrogenic-fibrosing-dermopathy,Nephrogenic fibrosing dermopathy,N,https://dermnetnz.org/topics/nephrogenic-fibrosing-dermopathy,
schwannoma-pathology,Neurilemmoma pathology,N,https://dermnetnz.org/topics/schwannoma-pathology,Neurolemmoma pathology | Schwannoma pathology
neurocristic-hamartoma-pathology,Neurocristic hamartoma pathology,N,https://dermnetnz.org/topics/neurocristic-hamartoma-pathology,
neurocutaneous-melanosis,Neurocutaneous melanosis,N,https://dermnetnz.org/topics/neurocutaneous-melanosis,
lichen-simplex-of-the-scrotum,Neurodermatitis of the scrotum,N,https://dermnetnz.org/topics/lichen-simplex-of-the-scrotum,Scrotal lichen simplex chronicus | Wash leather scrotum
neurofibromatosis,Neurofibromatosis,N,https://dermnetnz.org/topics/neurofibromatosis,
neurofollicular-hamartoma-pathology,Neurofollicular hamartoma pathology,N,https://dermnetnz.org/topics/neurofollicular-hamartoma-pathology,Spindle cell predominant trichodiscoma pathology
neurothekeoma-pathology,Neurothekeoma pathology,N,https://dermnetnz.org/topics/neurothekeoma-pathology,
neutrophilic-dermatoses,Neutrophilic dermatoses,N,https://dermnetnz.org/topics/neutrophilic-dermatoses,
neutrophilic-dermatosis-of-the-hands,Neutrophilic dermatosis of the hands,N,https://dermnetnz.org/topics/neutrophilic-dermatosis-of-the-hands,Pustular vasculitis of dorsal hand
neutrophilic-sebaceous-adenitis,Neutrophilic sebaceous adenitis,N,https://dermnetnz.org/topics/neutrophilic-sebaceous-adenitis,
pellagra,Niacin deficiency,N,https://dermnetnz.org/topics/pellagra,Pellagra | Vitamin B3 deficiency
nicotinamide,Niacinamide,N,https://dermnetnz.org/topics/nicotinamide,Nicotinamide | Nicotinic acid amide | Water soluble B3
nipple-eczema,Nipple dermatitis,N,https://dermnetnz.org/topics/nipple-eczema,Nipple eczema
nipple-eczema-images,Nipple eczema images,N,https://dermnetnz.org/topics/nipple-eczema-images,
nivolumab,Nivolumab,N,https://dermnetnz.org/topics/nivolumab,
nocardiosis,Nocardiosis,N,https://dermnetnz.org/topics/nocardiosis,
sporotrichoid-lymphocutaneous-infection,Nodular lymphangitis,N,https://dermnetnz.org/topics/sporotrichoid-lymphocutaneous-infection,Sporotrichoid lymphocutaneous infection | Sporotrichoid spread
nodular-melanoma,Nodular malignant melanoma of the skin,N,https://dermnetnz.org/topics/nodular-melanoma,Nodular melanoma
nodular-panniculitis,Nodular panniculitis,N,https://dermnetnz.org/topics/nodular-panniculitis,Relapsing febrile non-suppurative panniculitis | Weber Christian disease
nodular-prurigo,Nodular prurigo,N,https://dermnetnz.org/topics/nodular-prurigo,
lupus-pernio,Nodular sarcoidosis,N,https://dermnetnz.org/topics/lupus-pernio,Plaque sarcoidosis | Sarcoidosis lupus pernio type
nodular-vasculitis,Nodular vasculitis,N,https://dermnetnz.org/topics/nodular-vasculitis,Non tubercular erythema induratum
non-albicans-candida-infections,Non-albicans candida infections,N,https://dermnetnz.org/topics/non-albicans-candida-infections,Nonalbicans candidiasis | Nonalbicans candidosis
psoriasis-of-the-palms-and-soles,Non-pustular psoriasis of hands and feet,N,https://dermnetnz.org/topics/psoriasis-of-the-palms-and-soles,Palmoplantar psoriasis | Psoriasis of hands and feet | Psoriasis of the palms and soles
non-sexually-acquired-genital-ulceration,Non-sexually acquired genital ulceration,N,https://dermnetnz.org/topics/non-sexually-acquired-genital-ulceration,Ulcus vulvae acutum
non-steroidal-anti-inflammatory-drugs-and-their-skin-side-effects,Non-steroidal anti-inflammatory drugs and their skin side effects,N,https://dermnetnz.org/topics/non-steroidal-anti-inflammatory-drugs-and-their-skin-side-effects,NSAID skin side effects | Skin side effects of nonsteroidal anti-inflammatories
podoconiosis,Nonfilarial elephantiasis,N,https://dermnetnz.org/topics/podoconiosis,
mole-images,Normal mole images,N,https://dermnetnz.org/topics/mole-images,
notalgia-paraesthetica,Notalgia paraesthetica,N,https://dermnetnz.org/topics/notalgia-paraesthetica,Thoracic nerve entrapment
obesity-associated-lymphoedematous-mucinosis,OALM,O,https://dermnetnz.org/topics/obesity-associated-lymphoedematous-mucinosis,Obesity-associated lymphoedematous mucinosis
skin-disorders-in-boat-builders,Occuaptional skin disease in boat builders,O,https://dermnetnz.org/topics/skin-disorders-in-boat-builders,Skin disorders in boat builders
occupational-dermatitis-among-construction-workers,Occupational dermatitis among construction workers,O,https://dermnetnz.org/topics/occupational-dermatitis-among-construction-workers,Skin problems in labourers
occupational-skin-disease,Occupational skin disease,O,https://dermnetnz.org/topics/occupational-skin-disease,
skin-disorders-in-veterinarians-and-veterinary-nurses,Occupational skin disease associated with veterinary work,O,https://dermnetnz.org/topics/skin-disorders-in-veterinarians-and-veterinary-nurses,Skin disorders in veterinarians and veterinary nurses
skin-problems-in-farmers,Occupational skin disease in agricultural workers,O,https://dermnetnz.org/topics/skin-problems-in-farmers,Skin problems in farmers
skin-problems-in-beauticians,Occupational skin disease in beauty therapists,O,https://dermnetnz.org/topics/skin-problems-in-beauticians,Skin problems in beauticians
occupational-skin-disorders-in-chefs-and-restaurant-workers,Occupational skin disease in chefs and restaurant workers,O,https://dermnetnz.org/topics/occupational-skin-disorders-in-chefs-and-restaurant-workers,Skin problems in chefs and restaurant workers
skin-problems-in-professional-cleaners,Occupational skin disease in cleaners,O,https://dermnetnz.org/topics/skin-problems-in-professional-cleaners,Skin problems in professional cleaners
skin-problems-in-childcare-staff,Occupational skin disease in day care workers,O,https://dermnetnz.org/topics/skin-problems-in-childcare-staff,Skin problems in childcare staff
occupational-skin-disorders-in-dentists-and-dental-technicians,Occupational skin disease in dentists and dental technicians,O,https://dermnetnz.org/topics/occupational-skin-disorders-in-dentists-and-dental-technicians,Skin problems in dentists and dental technicians
occupational-skin-disorders-in-medical-and-nursing-personnel,Occupational skin disease in doctors and nurses,O,https://dermnetnz.org/topics/occupational-skin-disorders-in-medical-and-nursing-personnel,Skin problems in healthcare personnel
skin-problems-in-florists,Occupational skin disease in florists,O,https://dermnetnz.org/topics/skin-problems-in-florists,
skin-problems-in-food-handlers-and-the-catering-industry,Occupational skin disease in food handlers,O,https://dermnetnz.org/topics/skin-problems-in-food-handlers-and-the-catering-industry,Skin problems in food handlers and the catering industry
skin-problems-in-hairdressers-and-barbers,Occupational skin disease in hairdressers and barbers,O,https://dermnetnz.org/topics/skin-problems-in-hairdressers-and-barbers,Skin problems in hairdressers and barbers
skin-conditions-in-scientists-and-laboratory-technicians,Occupational skin disease in laboratory workers,O,https://dermnetnz.org/topics/skin-conditions-in-scientists-and-laboratory-technicians,Skin conditions in scientists and laboratory technicians
skin-problems-in-motor-vehicle-repair-workers,Occupational skin disease in mechanics,O,https://dermnetnz.org/topics/skin-problems-in-motor-vehicle-repair-workers,Skin problems in motor vehicle repair workers
occupational-skin-disease-in-nail-salon-workers,Occupational skin disease in nail salon workers,O,https://dermnetnz.org/topics/occupational-skin-disease-in-nail-salon-workers,
skin-problems-in-painters-and-decorators,Occupational skin disease in painters and decorators,O,https://dermnetnz.org/topics/skin-problems-in-painters-and-decorators,Skin problems in painters and decorators
skin-problems-among-textile-workers,Occupational skin disease in textile workers,O,https://dermnetnz.org/topics/skin-problems-among-textile-workers,Skin problems among textile workers
skin-disorders-in-chemical-industry-workers,Occupational skin disease in the chemical industry,O,https://dermnetnz.org/topics/skin-disorders-in-chemical-industry-workers,Skin disorders in chemical industry workers
skin-problems-in-professional-printers,Occupational skin disease in the printing industry,O,https://dermnetnz.org/topics/skin-problems-in-professional-printers,Skin problems in professional printers
ocular-blistering,Ocular involvement in autoimmune blistering diseases,O,https://dermnetnz.org/topics/ocular-blistering,
oestrogen-hypersensitivity-vulvitis,Oestrogen hypersensitivity vulvovaginitis,O,https://dermnetnz.org/topics/oestrogen-hypersensitivity-vulvitis,
vaginal-or-genital-malodour-in-women,Offensive genital odour,O,https://dermnetnz.org/topics/vaginal-or-genital-malodour-in-women,Vaginal or genital malodour in women
omphalomesenteric-duct-remnant-pathology,Omphalomesenteric duct remnant pathology,O,https://dermnetnz.org/topics/omphalomesenteric-duct-remnant-pathology,Umbilical polyp histology | Vitelline duct remnant pathology
onchocerciasis,Onchocerciasis,O,https://dermnetnz.org/topics/onchocerciasis,Onchocercoma | Onchodermatitis | Oncocerca volvulus infection
tree-nettle,Ongaonga,O,https://dermnetnz.org/topics/tree-nettle,Urtica ferox
trachyonychia,Onychodystrophy totalis,O,https://dermnetnz.org/topics/trachyonychia,Trachyonychia | Twenty-nail dystrophy
onychomatricoma,Onychomatricoma,O,https://dermnetnz.org/topics/onychomatricoma,
open-application-test,Open application test,O,https://dermnetnz.org/topics/open-application-test,Repeated open application test | ROAT
pollen-food-allergy-syndrome,Oral allergy syndrome,O,https://dermnetnz.org/topics/pollen-food-allergy-syndrome,Pollen-associated food allergy syndrome | Pollen-food allergy syndrome
oral-antifungal-medication,Oral antifungal medication,O,https://dermnetnz.org/topics/oral-antifungal-medication,
oral-blistering-diseases,Oral autoimmune blistering diseases,O,https://dermnetnz.org/topics/oral-blistering-diseases,
torus,Oral bony exostosis,O,https://dermnetnz.org/topics/torus,
oral-candidiasis,Oral Candida infection,O,https://dermnetnz.org/topics/oral-candidiasis,Oral candidiasis | Oral candidosis | Oral thrush
mouth-problems,Oral conditions,O,https://dermnetnz.org/topics/mouth-problems,
oral-dysaesthesia,Oral dysaesthesia,O,https://dermnetnz.org/topics/oral-dysaesthesia,
orofaciodigital-syndrome-type-1,Oral facial digital syndrome type 1,O,https://dermnetnz.org/topics/orofaciodigital-syndrome-type-1,Orodigitofacial dysostosis | Orofaciodigital syndrome type 1 | Papillon Leage and Psaume syndrome
oral-hairy-leukoplakia-pathology,Oral hairy leukoplakia pathology,O,https://dermnetnz.org/topics/oral-hairy-leukoplakia-pathology,
oral-lichen-planus,Oral lichen planus,O,https://dermnetnz.org/topics/oral-lichen-planus,
orofacial-crohn-disease,Oral manifestations of Crohn disease,O,https://dermnetnz.org/topics/orofacial-crohn-disease,Orofacial Crohn disease
oral-manifestations-of-inflammatory-bowel-disease,Oral manifestations of inflammatory bowel disease,O,https://dermnetnz.org/topics/oral-manifestations-of-inflammatory-bowel-disease,Orofacial signs of Crohn disease | Orofacial signs of ulcerative colitis
plasma-cell-mucositis,Oral mucositis,O,https://dermnetnz.org/topics/plasma-cell-mucositis,Plasma cell gingivits | Plasma cell mucositis
oral-psoriasis,Oral psoriasis,O,https://dermnetnz.org/topics/oral-psoriasis,
oral-retinoids,Oral retinoids,O,https://dermnetnz.org/topics/oral-retinoids,
oral-submucous-fibrosis,Oral submucous fibrosis,O,https://dermnetnz.org/topics/oral-submucous-fibrosis,
mouth-ulcer,Oral ulcer,O,https://dermnetnz.org/topics/mouth-ulcer,Ulceration of oral mucosa
orf-images,Orf images,O,https://dermnetnz.org/topics/orf-images,
skin-cancer-in-transplant-recipients,Organ transplantation and skin malignancies,O,https://dermnetnz.org/topics/skin-cancer-in-transplant-recipients,Skin cancer in transplant recipients
orofacial-granulomatosis,Orofacial granulomatosis,O,https://dermnetnz.org/topics/orofacial-granulomatosis,
orofacial-granulomatosis-pathology,Orofacial granulomatosis pathology,O,https://dermnetnz.org/topics/orofacial-granulomatosis-pathology,
osler-nodes-and-janeway-lesions,Osler nodes and Janeway lesions,O,https://dermnetnz.org/topics/osler-nodes-and-janeway-lesions,
osteoma-cutis,Osteoma cutis,O,https://dermnetnz.org/topics/osteoma-cutis,
osteoma-cutis-pathology,Osteoma cutis pathology,O,https://dermnetnz.org/topics/osteoma-cutis-pathology,
other-melanoma-resources,Other melanoma resources,O,https://dermnetnz.org/topics/other-melanoma-resources,
otitis-externa,Otitis externa,O,https://dermnetnz.org/topics/otitis-externa,Swimmers ear
pachydermodactyly,Pachydermodactyly,P,https://dermnetnz.org/topics/pachydermodactyly,
skin-conditions-in-children,Paediatric dermatoses,P,https://dermnetnz.org/topics/skin-conditions-in-children,
paediatric-psoriasis,Paediatric psoriasis,P,https://dermnetnz.org/topics/paediatric-psoriasis,Psoriasis in childhood
piezogenic-papules,Painful piezogenic pedal papules,P,https://dermnetnz.org/topics/piezogenic-papules,Piezogenic papules | Piezogenic pedal papules
palisaded-and-encapsulated-neuroma-pathology,Palisaded and encapsulated neuroma pathology,P,https://dermnetnz.org/topics/palisaded-and-encapsulated-neuroma-pathology,
palmar-erythema,Palmar erythema,P,https://dermnetnz.org/topics/palmar-erythema,
palmar-fibromatosis-and-plantar-fibromatosis-pathology,Palmar fibromatosis and plantar fibromatosis pathology,P,https://dermnetnz.org/topics/palmar-fibromatosis-and-plantar-fibromatosis-pathology,Palmoplantar fibromatosis pathology
palmoplantar-pustulosis,Palmoplantar pustulosis,P,https://dermnetnz.org/topics/palmoplantar-pustulosis,Pustulosis palmaris et plantaris
palmoplantar-pustulosis-images,Palmoplantar pustulosis images,P,https://dermnetnz.org/topics/palmoplantar-pustulosis-images,
polyarteritis-nodosa-pathology,PAN pathology,P,https://dermnetnz.org/topics/polyarteritis-nodosa-pathology,Polyarteritis nodosa pathology
panfolliculoma-pathology,Panfolliculoma pathology,P,https://dermnetnz.org/topics/panfolliculoma-pathology,
viral-wart,Papilloma,P,https://dermnetnz.org/topics/viral-wart,Verruca | Viral wart | Viral warts
polymorphic-eruption-of-pregnancy,Papular dermatitis of pregnancy,P,https://dermnetnz.org/topics/polymorphic-eruption-of-pregnancy,Polymorphic eruption of pregnancy | Polymorphous pregnancy rash | Pruritic urticarial papules and plaques of pregnancy
pruritic-papular-eruption-of-hiv,Papular pruritic eruption of HIV,P,https://dermnetnz.org/topics/pruritic-papular-eruption-of-hiv,Papulopruritic eruption of HIV | Pruritic papular eruption due to human immunodeficiency virus infection | Pruritic papular eruption of HIV
papular-purpuric-gloves-and-socks-syndrome,Papular purpuric gloves and socks syndrome,P,https://dermnetnz.org/topics/papular-purpuric-gloves-and-socks-syndrome,
papuloerythroderma-of-ofuji,Papuloerythroderma of Ofuji,P,https://dermnetnz.org/topics/papuloerythroderma-of-ofuji,
paracoccidioidomycosis-pathology,Paracoccidioidomycosis pathology,P,https://dermnetnz.org/topics/paracoccidioidomycosis-pathology,South American cutaneous paracoccidiodomycosis pathology
paradoxical-psoriasis,Paradoxical psoriasis,P,https://dermnetnz.org/topics/paradoxical-psoriasis,
parakeratosis-pustulosa,Parakeratosis pustulosa,P,https://dermnetnz.org/topics/parakeratosis-pustulosa,
paraneoplastic-pemphigus,Paraneoplastic pemphigus,P,https://dermnetnz.org/topics/paraneoplastic-pemphigus,Pemphigus paraneoplastica
paraneoplastic-pemphigus-pathology,Paraneoplastic pemphigus pathology,P,https://dermnetnz.org/topics/paraneoplastic-pemphigus-pathology,
paraneoplastic-pruritus,Paraneoplastic pruritus,P,https://dermnetnz.org/topics/paraneoplastic-pruritus,
skin-complications-of-paraplegia-and-tetraplegia,Paraplegia/tetraplegia skin problems,P,https://dermnetnz.org/topics/skin-complications-of-paraplegia-and-tetraplegia,Skin complications of paraplegia and tetraplegia
milkers-nodule,Paravaccinia,P,https://dermnetnz.org/topics/milkers-nodule,
paronychia,Paronychia,P,https://dermnetnz.org/topics/paronychia,Perionychia
paronychia-images,Paronychia images,P,https://dermnetnz.org/topics/paronychia-images,
parsnip,Parsnip,P,https://dermnetnz.org/topics/parsnip,Pastinaca sativa
pasi-score,PASI score,P,https://dermnetnz.org/topics/pasi-score,Psoriasis area and severity index
patch-test-images,Patch test images,P,https://dermnetnz.org/topics/patch-test-images,Positive patch test images
pathergy,Pathergy,P,https://dermnetnz.org/topics/pathergy,
patient-oriented-pasi-score,Patient-oriented PASI score,P,https://dermnetnz.org/topics/patient-oriented-pasi-score,Patient-oriented psoriasis area and severity index | PO-PASI score
segmental-pigmentation-disorder,Patterned dyspigmentation,P,https://dermnetnz.org/topics/segmental-pigmentation-disorder,Pigmentary mosaicism | Segmental pigmentation anomaly | Segmental pigmentation disorder
peanut-allergy,Peanut allergy,P,https://dermnetnz.org/topics/peanut-allergy,
pearly-penile-papules,Pearly penile papules,P,https://dermnetnz.org/topics/pearly-penile-papules,Penile papules | Penile pearly papules
pearly-penile-papules-images,Pearly penile papules images,P,https://dermnetnz.org/topics/pearly-penile-papules-images,Penile pearly papules images
pecoma-pathology,PEComa pathology,P,https://dermnetnz.org/topics/pecoma-pathology,Perivascular epithelioid cell tumour pathology
pelvis-and-lumbar-syndromes,PELVIS and LUMBAR syndromes,P,https://dermnetnz.org/topics/pelvis-and-lumbar-syndromes,
pemphigoid,Pemphigoid nodularis,P,https://dermnetnz.org/topics/pemphigoid,
pemphigus-foliaceus-pathology,Pemphigus foiiaceous pathology,P,https://dermnetnz.org/topics/pemphigus-foliaceus-pathology,Pemphigus foliaceus pathology
pemphigus-foliaceus,Pemphigus foliaceous,P,https://dermnetnz.org/topics/pemphigus-foliaceus,Pemphigus foliaceus
pemphigus-vulgaris,Pemphigus vulgaris,P,https://dermnetnz.org/topics/pemphigus-vulgaris,
pemphigus-vulgaris-pathology,Pemphigus vulgaris pathology,P,https://dermnetnz.org/topics/pemphigus-vulgaris-pathology,
talaromycosis,Penicillium marneffei infection,P,https://dermnetnz.org/topics/talaromycosis,Talaromyces marneffei infection | Talaromycosis
penile-epithelial-neoplasia-images,Penile epithelial neoplasia images,P,https://dermnetnz.org/topics/penile-epithelial-neoplasia-images,Penile intraepithelial neoplasia images
perforating-folliculitis-pathology,Perforating folliculitis pathology,P,https://dermnetnz.org/topics/perforating-folliculitis-pathology,
perianal-dermatoses,Perianal dermatoses,P,https://dermnetnz.org/topics/perianal-dermatoses,
perianal-lichen-sclerosus-images,Perianal lichen sclerosus images,P,https://dermnetnz.org/topics/perianal-lichen-sclerosus-images,
perineurioma-pathology,Perineurioma pathology,P,https://dermnetnz.org/topics/perineurioma-pathology,
periocular-dermatitis,Periocular dermatitis,P,https://dermnetnz.org/topics/periocular-dermatitis,Periorbital dermatitis
periorificial-dermatitis-in-children,Perioral dermatitis in childhood,P,https://dermnetnz.org/topics/periorificial-dermatitis-in-children,Periorificial dermatitis in children
peutz-jeghers-syndrome,Perioral lentiginosis,P,https://dermnetnz.org/topics/peutz-jeghers-syndrome,Periorificial lentiginosis syndrome
periorificial-dermatitis,Periorificial dermatitis,P,https://dermnetnz.org/topics/periorificial-dermatitis,
peripheral-odontogenic-fibroma,Peripheral odontogenic fibroma,P,https://dermnetnz.org/topics/peripheral-odontogenic-fibroma,
peripheral-ossifying-fibroma,Peripheral ossifying fibroma,P,https://dermnetnz.org/topics/peripheral-ossifying-fibroma,Peripheral ossifying fibroma of gingiva
venous-insufficiency,Peripheral venous insufficiency,P,https://dermnetnz.org/topics/venous-insufficiency,
peristomal-intestinal-metaplasia,Peristomal intestinal metaplasia,P,https://dermnetnz.org/topics/peristomal-intestinal-metaplasia,Peristomal ulcer with intestinal metaplasia | Peristomy intestinal metaplasia
ungual-squamous-cell-carcinoma-in-situ-images,Periungual Bowen disease images,P,https://dermnetnz.org/topics/ungual-squamous-cell-carcinoma-in-situ-images,Ungual squamous cell carcinoma in situ images
personal-protective-equipment,Personal protective equipment,P,https://dermnetnz.org/topics/personal-protective-equipment,Safety apparatus | Safety equipment
pharmacogenomics-in-dermatology,Personalised dermatology,P,https://dermnetnz.org/topics/pharmacogenomics-in-dermatology,Pharmacogenomics in dermatology
phaeohyphomycosis-pathology,Phaeohyphomycosis pathology,P,https://dermnetnz.org/topics/phaeohyphomycosis-pathology,
tropical-ulcer,Phagedaenic ulcer,P,https://dermnetnz.org/topics/tropical-ulcer,Tropical phagedaenic ulcer | Tropical ulcer
phakomatosis-pigmentovascularis,Phakomatosis pigmentovascularis,P,https://dermnetnz.org/topics/phakomatosis-pigmentovascularis,Port-wine stain with oculocutaneous melanosis
phantom-vibration-syndrome,Phantom vibration syndrome,P,https://dermnetnz.org/topics/phantom-vibration-syndrome,
pleomorphic-hyalinising-angiectatic-tumour-phat-pathology,PHAT pathology,P,https://dermnetnz.org/topics/pleomorphic-hyalinising-angiectatic-tumour-phat-pathology,Pleomorphic hyalinising angiectatic tumour pathology
pik3ca-related-overgrowth-spectrum,"Phosphatidylinositol-4,5-bisphosphate 3-kinase catalytic subunit alpha related overgrowth syndrome",P,https://dermnetnz.org/topics/pik3ca-related-overgrowth-spectrum,PIK3CA related overgrowth spectrum | PIK3CA-Related Overgrowth Spectrum
photocontact-dermatitis,Photo-irritant contact dermatitis,P,https://dermnetnz.org/topics/photocontact-dermatitis,Photocontact dermatitis
puva-photochemotherapy,Photochemotherapy,P,https://dermnetnz.org/topics/puva-photochemotherapy,Photochemotherapy with psoralens and ultraviolet A | PUVA (photochemotherapy)
photodynamic-therapy,Photodynamic therapy,P,https://dermnetnz.org/topics/photodynamic-therapy,
photographic-skin-surveillance,Photographic skin surveillance,P,https://dermnetnz.org/topics/photographic-skin-surveillance,
phrynoderma,Phrynoderma,P,https://dermnetnz.org/topics/phrynoderma,
the-physiology-and-pharmacology-of-adrenaline,Physiology and pharmacology of adrenalin/epinephrine,P,https://dermnetnz.org/topics/the-physiology-and-pharmacology-of-adrenaline,The physiology and pharmacology of adrenaline
plant-dermatitis,Phytodermatosis,P,https://dermnetnz.org/topics/plant-dermatitis,Plant dermatitis
phytophotodermatitis,Phytophotodermatitis,P,https://dermnetnz.org/topics/phytophotodermatitis,
picosecond-laser,Picosecond laser,P,https://dermnetnz.org/topics/picosecond-laser,
piebaldism,Piebaldism,P,https://dermnetnz.org/topics/piebaldism,
piezogenic-papule-images,Piezogenic papule images,P,https://dermnetnz.org/topics/piezogenic-papule-images,
pigmentary-demarcation-lines,Pigmentary demarcation lines,P,https://dermnetnz.org/topics/pigmentary-demarcation-lines,
pigmentation-disorders,Pigmentation disorders,P,https://dermnetnz.org/topics/pigmentation-disorders,
pigmented-contact-cheilitis,Pigmented contact cheilitis,P,https://dermnetnz.org/topics/pigmented-contact-cheilitis,
pigmented-follicular-cyst-pathology,Pigmented follicular cyst pathology,P,https://dermnetnz.org/topics/pigmented-follicular-cyst-pathology,
trichilemmal-cyst-pathology,Pilar cyst pathology,P,https://dermnetnz.org/topics/trichilemmal-cyst-pathology,Trichilemmal cyst pathology
pilar-sheath-acanthoma,Pilar sheath acanthoma,P,https://dermnetnz.org/topics/pilar-sheath-acanthoma,
pilar-sheath-acanthoma-pathology,Pilar sheath acanthoma pathology,P,https://dermnetnz.org/topics/pilar-sheath-acanthoma-pathology,
pilomatrix-carcinoma,Pilomatrical carcinoma,P,https://dermnetnz.org/topics/pilomatrix-carcinoma,Pilomatricarcinoma | Pilomatrix carcinoma
pilomatricoma-pathology,Pilomatricoma pathology,P,https://dermnetnz.org/topics/pilomatricoma-pathology,Pilomatrixoma pathology
pilonidal-disease,Pilonidal disease,P,https://dermnetnz.org/topics/pilonidal-disease,
pilonidal-sinus-pathology,Pilonidal sinus pathology,P,https://dermnetnz.org/topics/pilonidal-sinus-pathology,
tapinarof,Pinarof,P,https://dermnetnz.org/topics/tapinarof,Tapinarof | VTAMA
lichen-nitidus,Pinkus' disease,P,https://dermnetnz.org/topics/lichen-nitidus,
radiata-pine,Pinus radiata,P,https://dermnetnz.org/topics/radiata-pine,Radiata pine
pitted-keratolysis-pathology,Pitted keratolysis pathology,P,https://dermnetnz.org/topics/pitted-keratolysis-pathology,
pityriasiform-seborrhoeide,Pityriasiform seborrhoeic dermatitis,P,https://dermnetnz.org/topics/pityriasiform-seborrhoeide,Pityriasiform seborrhoeide
pityriasis-alba,Pityriasis alba,P,https://dermnetnz.org/topics/pityriasis-alba,
pityriasis-amiantacea,Pityriasis amiantacea,P,https://dermnetnz.org/topics/pityriasis-amiantacea,Tinea amiantacea
pityriasis-rotunda,Pityriasis circinata,P,https://dermnetnz.org/topics/pityriasis-rotunda,Pityriasis rotunda
pityriasis-rosea,Pityriasis circinata et maculata,P,https://dermnetnz.org/topics/pityriasis-rosea,Pityriasis rosea
pityriasis-rubra-pilaris-pathology,Pityriasis rubra pilaris pathology,P,https://dermnetnz.org/topics/pityriasis-rubra-pilaris-pathology,PRP pathology
pityriasis-versicolor,Pityriasis versicolor,P,https://dermnetnz.org/topics/pityriasis-versicolor,Tinea flava | Tinea versicolor
pityriasis-versicolor-pathology,Pityriasis versicolor pathology,P,https://dermnetnz.org/topics/pityriasis-versicolor-pathology,Tinea flava pathology | Tinea versicolor histology
malassezia-infections,Pityrosporum and the skin,P,https://dermnetnz.org/topics/malassezia-infections,Skin conditions associated with malassezia
verruca-plana-pathology,Plane warts pathology,P,https://dermnetnz.org/topics/verruca-plana-pathology,Verruca plana pathology
plantar-fibromatosis,Plantar fibromatosis,P,https://dermnetnz.org/topics/plantar-fibromatosis,
plants-that-cause-skin-problems,Plants that cause skin problems,P,https://dermnetnz.org/topics/plants-that-cause-skin-problems,
reticular-erythematous-mucinosis,Plaque-like cutaneous mucinosis,P,https://dermnetnz.org/topics/reticular-erythematous-mucinosis,Reticular erythematous mucinosis
zoon-balanitisvulvitis-pathology,Plasma cell balanitis/vulvitis histology,P,https://dermnetnz.org/topics/zoon-balanitisvulvitis-pathology,Zoon balanitis/vulvitis pathology
plasma-cell-balanitisvulvitis-images,Plasma cell balanitis/vulvitis images,P,https://dermnetnz.org/topics/plasma-cell-balanitisvulvitis-images,
plasmapheresis-for-skin-disease,Plasma exchange for dermatological disorders,P,https://dermnetnz.org/topics/plasmapheresis-for-skin-disease,Plasmapheresis for skin disease
plasma-skin-regeneration,Plasma skin regeneration,P,https://dermnetnz.org/topics/plasma-skin-regeneration,Portrait®
plasmacytoma,Plasmacytoma,P,https://dermnetnz.org/topics/plasmacytoma,
pleomorphic-dermal-sarcoma,Pleomorphic dermal sarcoma,P,https://dermnetnz.org/topics/pleomorphic-dermal-sarcoma,
pleomorphic-lipoma-pathology,Pleomorphic lipoma pathology,P,https://dermnetnz.org/topics/pleomorphic-lipoma-pathology,
polymorphic-light-eruption-pathology,PMLE pathology,P,https://dermnetnz.org/topics/polymorphic-light-eruption-pathology,Polymorphic light eruption pathology
polymethyl-methacrylate-pmma,PMMA,P,https://dermnetnz.org/topics/polymethyl-methacrylate-pmma,Polymethyl-methacrylate
rothmund-thomson-syndrome,Poikiloderma congenitale,P,https://dermnetnz.org/topics/rothmund-thomson-syndrome,
poliosis,Poliosis circumscripta,P,https://dermnetnz.org/topics/poliosis,
polycystic-ovary-syndrome,Polycystic ovarian disease,P,https://dermnetnz.org/topics/polycystic-ovary-syndrome,"Polycystic ovary syndrome | Polycystic ovary syndrome (polyendocrinopathy metabolic ovarian syndrome, PMOS) | Polyendocrinopathy metabolic ovarian syndrome | Sclerocystic ovary syndrome | Stein Leventhal syndrome"
polyethylene-implant,Polyethylene implant,P,https://dermnetnz.org/topics/polyethylene-implant,
polymorphous-sweat-gland-carcinoma-pathology,Polymorphous sweat gland carcinoma pathology,P,https://dermnetnz.org/topics/polymorphous-sweat-gland-carcinoma-pathology,
poems-syndrome,Polyneuropathy organomegaly endocrinopathy monoclonal gammopathy and skin changes syndrome,P,https://dermnetnz.org/topics/poems-syndrome,
polypodium-leucotomos,Polypodium leucotomos extract,P,https://dermnetnz.org/topics/polypodium-leucotomos,
polytetrafluoroethylene-implant,Polytetrafluoroethylene implant,P,https://dermnetnz.org/topics/polytetrafluoroethylene-implant,PTFE implant
porokeratosis,Porokeratosis,P,https://dermnetnz.org/topics/porokeratosis,
porokeratosis-pathology,Porokeratosis pathology,P,https://dermnetnz.org/topics/porokeratosis-pathology,
porokeratosis-plantaris-palmaris-et-disseminata,"Porokeratosis plantaris, palmaris et disseminata",P,https://dermnetnz.org/topics/porokeratosis-plantaris-palmaris-et-disseminata,
porokeratotic-eccrine-ostial-and-dermal-duct-naevus,Porokeratotic adnexal ostial naevus,P,https://dermnetnz.org/topics/porokeratotic-eccrine-ostial-and-dermal-duct-naevus,Porokeratotic eccrine duct and hair follicle naevus | Porokeratotic eccrine ostial and dermal duct naevus
posaconazole,Posaconazole,P,https://dermnetnz.org/topics/posaconazole,
post-herpetic-neuralgia,Post-herpetic neuralgia,P,https://dermnetnz.org/topics/post-herpetic-neuralgia,Postherpetic neuralgia | Shingles pain
poststeroid-panniculitis-pathology,Poststeroid panniculitis pathology,P,https://dermnetnz.org/topics/poststeroid-panniculitis-pathology,
potassium-iodide,Potassium iodide,P,https://dermnetnz.org/topics/potassium-iodide,
prader-willi-syndrome,Prader Labhart Willi syndrome,P,https://dermnetnz.org/topics/prader-willi-syndrome,Prader-Willi syndrome | Willi Prader syndrome
sclerema-neonatorum,Preagonal induration,P,https://dermnetnz.org/topics/sclerema-neonatorum,Sclerema adiposum | Sclerema neonatorum | Underwoods disease
skin-changes-in-pregnancy,Pregnancy-related skin conditions,P,https://dermnetnz.org/topics/skin-changes-in-pregnancy,Skin changes in pregnancy
premature-ageing-syndromes-progeria,Premature ageing syndromes,P,https://dermnetnz.org/topics/premature-ageing-syndromes-progeria,Progeria
premature-infant-skin-and-care,Premature infant skin and care,P,https://dermnetnz.org/topics/premature-infant-skin-and-care,Preterm neonatal skin care and complications | Skin care and problems in premature babies
prenatal-diagnosis-of-inherited-skin-conditions,Prenatal diagnosis of inherited skin conditions,P,https://dermnetnz.org/topics/prenatal-diagnosis-of-inherited-skin-conditions,
pressure-ulcer,Pressure ulceration,P,https://dermnetnz.org/topics/pressure-ulcer,
pretibial-pruritic-papular-dermatitis,Pretibial pruritic papular dermatitis,P,https://dermnetnz.org/topics/pretibial-pruritic-papular-dermatitis,
primary-cutaneous-amyloidosis-pathology,Primary cutaneous amyloidosis pathology,P,https://dermnetnz.org/topics/primary-cutaneous-amyloidosis-pathology,
primary-cutaneous-anaplastic-large-cell-lymphoma,Primary cutaneous anaplastic large-cell lymphoma,P,https://dermnetnz.org/topics/primary-cutaneous-anaplastic-large-cell-lymphoma,
primary-cutaneous-cd30-positive-lymphoproliferative-disorders,Primary cutaneous CD30 antigen positive large T-cell lymphoma,P,https://dermnetnz.org/topics/primary-cutaneous-cd30-positive-lymphoproliferative-disorders,Primary cutaneous CD30+ lymphoproliferative disorders
primary-cutaneous-diffuse-large-b-cell-lymphoma-pathology,Primary cutaneous diffuse large B cell lymphoma pathology,P,https://dermnetnz.org/topics/primary-cutaneous-diffuse-large-b-cell-lymphoma-pathology,
primary-dermal-melanoma,Primary dermal melanoma,P,https://dermnetnz.org/topics/primary-dermal-melanoma,
direct-immunofluorescence,Primary immunofluorescence,P,https://dermnetnz.org/topics/direct-immunofluorescence,
primula,Primula,P,https://dermnetnz.org/topics/primula,Primula obconica
tacrolimus,Prograf,P,https://dermnetnz.org/topics/tacrolimus,Tacrolimus | Tacrolimus hydrate
progressive-macular-hypomelanosis,Progressive macular hypomelanosis,P,https://dermnetnz.org/topics/progressive-macular-hypomelanosis,
prolidase-deficiency,Prolidase deficiency,P,https://dermnetnz.org/topics/prolidase-deficiency,
proliferating-epidermoid-cyst-pathology,Proliferating epidermoid cyst pathology,P,https://dermnetnz.org/topics/proliferating-epidermoid-cyst-pathology,
proliferating-trichilemmal-cyst,Proliferating pilar cyst,P,https://dermnetnz.org/topics/proliferating-trichilemmal-cyst,Proliferating trichilemmal cyst
proliferating-trichilemmal-cyst-pathology,Proliferating trichilemmal cyst pathology,P,https://dermnetnz.org/topics/proliferating-trichilemmal-cyst-pathology,
propranolol-for-infantile-hemangioma,Propranolol for infantile haemangioma,P,https://dermnetnz.org/topics/propranolol-for-infantile-hemangioma,Propranolol treatment for infantile haemangioma
protein-energy-malnutrition,Protein malnutrition,P,https://dermnetnz.org/topics/protein-energy-malnutrition,Protein-energy malnutrition
protozoan-infections,Protozoan infections,P,https://dermnetnz.org/topics/protozoan-infections,
vestibulodynia,Provoked vulval vestibulitis,P,https://dermnetnz.org/topics/vestibulodynia,Vestibulodynia | Vulvar vestibulitis
polymorphic-light-eruption,Prurigo aestivalis,P,https://dermnetnz.org/topics/polymorphic-light-eruption,
prurigo-of-pregnancy-images,Prurigo of pregnancy images,P,https://dermnetnz.org/topics/prurigo-of-pregnancy-images,
prurigo-pigmentosa-pathology,Prurigo pigmentosa pathology,P,https://dermnetnz.org/topics/prurigo-pigmentosa-pathology,
winter-itch,Pruritus hiemalis,P,https://dermnetnz.org/topics/winter-itch,
psoriatic-arthritis,PsA,P,https://dermnetnz.org/topics/psoriatic-arthritis,Psoriatic arthritis
pseudocarcinomatous-hyperplasia-in-anaplastic-large-cell-lymphoma-pathology,Pseudocarcinomatous hyperplasia in anaplastic large cell lymphoma pathology,P,https://dermnetnz.org/topics/pseudocarcinomatous-hyperplasia-in-anaplastic-large-cell-lymphoma-pathology,
pseudoepitheliomatous-keratotic-and-micaceous-balanitis,Pseudoepitheliomatous keratotic and micaceous balanitis,P,https://dermnetnz.org/topics/pseudoepitheliomatous-keratotic-and-micaceous-balanitis,
pseudoepitheliomatous-keratotic-and-micaceous-balanitis-pathology,Pseudoepitheliomatous keratotic and micaceous balanitis pathology,P,https://dermnetnz.org/topics/pseudoepitheliomatous-keratotic-and-micaceous-balanitis-pathology,
pseudomonas-skin-infections,Pseudomonas skin infections,P,https://dermnetnz.org/topics/pseudomonas-skin-infections,
pseudopelade-of-brocq,Pseudopelade of Brocq,P,https://dermnetnz.org/topics/pseudopelade-of-brocq,
pseudoporphyria,Pseudoporphyria,P,https://dermnetnz.org/topics/pseudoporphyria,
pseudoxanthoma-elasticum-pathology,Pseudoxanthoma elasticum pathology,P,https://dermnetnz.org/topics/pseudoxanthoma-elasticum-pathology,
sebopsoriasis,Psoriasiform seborrheic dermatitis,P,https://dermnetnz.org/topics/sebopsoriasis,Sebopsoriasis | Seborrhiasis | Seborrhoeic psoriasis
psoriasis,Psoriasis,P,https://dermnetnz.org/topics/psoriasis,
systemic-therapy,Psoriasis medicines,P,https://dermnetnz.org/topics/systemic-therapy,Systemic therapy
psychological-effects-of-acne,Psychological effects of acne,P,https://dermnetnz.org/topics/psychological-effects-of-acne,Psychosocial impact of acne
psychological-effects-of-hair-loss,Psychological effects of alopecia,P,https://dermnetnz.org/topics/psychological-effects-of-hair-loss,Psychological effects of hair loss
psychological-effects-of-atopic-dermatitis,Psychological effects of atopic dermatitis,P,https://dermnetnz.org/topics/psychological-effects-of-atopic-dermatitis,Psychosocial impact of atopic dermatitis
psychological-effects-of-cutaneous-lupus-erythematosus,Psychological effects of cutaneous lupus erythematosus,P,https://dermnetnz.org/topics/psychological-effects-of-cutaneous-lupus-erythematosus,Psychosocial impact of cutaneous lupus erythematosus
psychological-effects-of-psoriasis,Psychological effects of psoriasis,P,https://dermnetnz.org/topics/psychological-effects-of-psoriasis,Psychosocial impact of psoriasis
tree-fern,Pterophyta,P,https://dermnetnz.org/topics/tree-fern,
pulsed-dye-laser-treatment,Pulsed dye laser treatment,P,https://dermnetnz.org/topics/pulsed-dye-laser-treatment,
punctate-type-palmoplantar-keratoderma,Punctate-type palmoplantar keratoderma,P,https://dermnetnz.org/topics/punctate-type-palmoplantar-keratoderma,
purpura,Purpura,P,https://dermnetnz.org/topics/purpura,
pustular-skin-conditions,Pustular skin conditions,P,https://dermnetnz.org/topics/pustular-skin-conditions,
pyoderma-faciale,Pyoderma faciale,P,https://dermnetnz.org/topics/pyoderma-faciale,Rosacea fulminans
pyoderma-gangrenosum,Pyoderma gangrenosum,P,https://dermnetnz.org/topics/pyoderma-gangrenosum,
pyodermatitis-pyostomatitis-vegetans,Pyodermatitis vegetans,P,https://dermnetnz.org/topics/pyodermatitis-pyostomatitis-vegetans,Pyodermatitis-pyostomatitis vegetans | Pyostomatitis vegetans
radiation-dermatitis,Radiation burn,R,https://dermnetnz.org/topics/radiation-dermatitis,Radiation dermatitis | Radiodermatitis | X-ray dermatitis
radiotherapy-for-malignant-skin-diseases,Radiation therapy,R,https://dermnetnz.org/topics/radiotherapy-for-malignant-skin-diseases,Radiation treatment for skin cancer | Radiotherapy for malignant skin diseases
radiographic-investigations-in-melanoma,Radiographic investigations in melanoma,R,https://dermnetnz.org/topics/radiographic-investigations-in-melanoma,Surveillance imaging for high risk melanoma patients
radiothermoplasty-and-thermage,Radiothermoplasty,R,https://dermnetnz.org/topics/radiothermoplasty-and-thermage,Thermal resurfacing
onychogryphosis,Ram's horn nail,R,https://dermnetnz.org/topics/onychogryphosis,
mucocoele-of-the-lip,Ranula,R,https://dermnetnz.org/topics/mucocoele-of-the-lip,Salivary mucocoele
sirolimus,Rapamune,R,https://dermnetnz.org/topics/sirolimus,Rapamycin
rashes-affecting-the-lower-legs,Rashes affecting the lower legs,R,https://dermnetnz.org/topics/rashes-affecting-the-lower-legs,
raynaud-phenomenon,Raynaud disease,R,https://dermnetnz.org/topics/raynaud-phenomenon,Raynaud phenomenon | Raynaud syndrome | Vasospastic disease
reactions-to-external-agents,Reactions to external agents,R,https://dermnetnz.org/topics/reactions-to-external-agents,
reactive-arthropathy,Reactive arthritis,R,https://dermnetnz.org/topics/reactive-arthropathy,Reactive arthropathy | Reiter disease
reactive-infectious-mucocutaneous-eruption,Reactive infectious mucocutaenous eruption,R,https://dermnetnz.org/topics/reactive-infectious-mucocutaneous-eruption,Reactive infectious mucocutaneous eruption (RIME)
reactive-perforating-collagenosis,Reactive perforating collagenosis,R,https://dermnetnz.org/topics/reactive-perforating-collagenosis,
reactive-perforating-collagenosis-pathology,Reactive perforating collagenosis pathology,R,https://dermnetnz.org/topics/reactive-perforating-collagenosis-pathology,
recurrent-cutaneous-necrotising-eosinophilic-vasculitis,Recurrent cutaneous necrotising eosinophilic vasculitis,R,https://dermnetnz.org/topics/recurrent-cutaneous-necrotising-eosinophilic-vasculitis,
job-syndrome,Recurring cold staphylococcal abscesses,R,https://dermnetnz.org/topics/job-syndrome,
red-ear-syndrome,Red ear syndrome,R,https://dermnetnz.org/topics/red-ear-syndrome,
reed-naevus-dermoscopy,Reed naevus dermoscopy,R,https://dermnetnz.org/topics/reed-naevus-dermoscopy,Spindle cell naevus of Reed
reflectance-confocal-microscopy,Reflectance confocal microscopy,R,https://dermnetnz.org/topics/reflectance-confocal-microscopy,
minoxidil-solution,Regaine,R,https://dermnetnz.org/topics/minoxidil-solution,Rogaine | Topical minoxidil
reticular-erythematous-mucinosis-pathology,REM pathology,R,https://dermnetnz.org/topics/reticular-erythematous-mucinosis-pathology,Reticular erythematous mucinosis pathology
reticulohistiocytoma-pathology,Reticulohistiocytoma pathology,R,https://dermnetnz.org/topics/reticulohistiocytoma-pathology,
retiform-purpura,Retiform purpura,R,https://dermnetnz.org/topics/retiform-purpura,
retrocuspid-papilla,Retrocuspid papilla,R,https://dermnetnz.org/topics/retrocuspid-papilla,Retrocuspid papule
rheumatic-fever,Rheumatic fever,R,https://dermnetnz.org/topics/rheumatic-fever,
rheumatoid-nodule-pathology,Rheumatoid nodule pathology,R,https://dermnetnz.org/topics/rheumatoid-nodule-pathology,
skin-signs-of-rheumatic-disease,Rheumatologic disease skin manifestations,R,https://dermnetnz.org/topics/skin-signs-of-rheumatic-disease,Skin signs of rheumatic disease
rhinophyma-images,Rhinophyma images,R,https://dermnetnz.org/topics/rhinophyma-images,
typhus,Rickettsia typhi,R,https://dermnetnz.org/topics/typhus,
rickettsial-diseases,Rickettsial diseases,R,https://dermnetnz.org/topics/rickettsial-diseases,
rifampicin,Rifadin,R,https://dermnetnz.org/topics/rifampicin,Rifampicin | Rifampin
riga-fede-disease,Riga-Fede disease,R,https://dermnetnz.org/topics/riga-fede-disease,
tinea-faciei,Ringworm of face,R,https://dermnetnz.org/topics/tinea-faciei,Tinea faciei
risankizumab,Risankizumab,R,https://dermnetnz.org/topics/risankizumab,
risks-and-complications-of-skin-surgery,Risks and complications of skin surgery,R,https://dermnetnz.org/topics/risks-and-complications-of-skin-surgery,
staphylococcal-scalded-skin-syndrome,Ritter disease,R,https://dermnetnz.org/topics/staphylococcal-scalded-skin-syndrome,Staphylococcal scalded skin syndrome
rituximab,Rituxan,R,https://dermnetnz.org/topics/rituximab,Rituximab
rosacea-image-spotlight,Rosacea image spotlight,R,https://dermnetnz.org/topics/rosacea/rosacea-image-spotlight,
rosai-dorfman-disease-pathology,Rosai-Dorfman disease pathology,R,https://dermnetnz.org/topics/rosai-dorfman-disease-pathology,Sinus histiocytosis with massive lymphadenopathy
sporotrichosis,Rose gardener disease,R,https://dermnetnz.org/topics/sporotrichosis,
roseola-images,Roseola images,R,https://dermnetnz.org/topics/roseola-images,
rubinstein-taybi-syndrome,Rubinstein-Taybi disorder,R,https://dermnetnz.org/topics/rubinstein-taybi-syndrome,Rubinstein-Taybi syndrome
ruby-laser-treatment,Ruby laser treatment,R,https://dermnetnz.org/topics/ruby-laser-treatment,
salicylic-acid,Salicylic acid,S,https://dermnetnz.org/topics/salicylic-acid,
sapho-syndrome,SAPHO syndrome,S,https://dermnetnz.org/topics/sapho-syndrome,Synovitis acne pustulosis hyperostosis osteomyelitis syndrome
sarcoidosis,Sarcoidosis,S,https://dermnetnz.org/topics/sarcoidosis,
sarcoidosis-pathology,Sarcoidosis pathology,S,https://dermnetnz.org/topics/sarcoidosis-pathology,
scabies-pathology,Scabies pathology,S,https://dermnetnz.org/topics/scabies-pathology,
scalp-folliculitis,Scalp folliculitis,S,https://dermnetnz.org/topics/scalp-folliculitis,
scalp-folliculitis-images,Scalp folliculitis images,S,https://dermnetnz.org/topics/scalp-folliculitis-images,
scalp-psoriasis,Scalp psoriasis,S,https://dermnetnz.org/topics/scalp-psoriasis,
scalp-tumours-and-cysts,Scalp tumours and cysts,S,https://dermnetnz.org/topics/scalp-tumours-and-cysts,
scaly-skin-conditions,Scaly skin conditions,S,https://dermnetnz.org/topics/scaly-skin-conditions,
severe-cutaneous-adverse-reaction,SCAR,S,https://dermnetnz.org/topics/severe-cutaneous-adverse-reaction,Severe cutaneous adverse reaction
scarlet-fever,Scarlatina,S,https://dermnetnz.org/topics/scarlet-fever,Scarlet fever
umbrella-tree,Schefflera actinophylla,S,https://dermnetnz.org/topics/umbrella-tree,Umbrella tree
schoepf-schulz-passarge-syndrome,Schopf Schulz Passarge syndrome,S,https://dermnetnz.org/topics/schoepf-schulz-passarge-syndrome,Schopf-Schulz-Passarge syndrome | Schöpf-Schulz-Passarge syndrome
sclerema-neonatorum-pathology,Sclerema neonatorum pathology,S,https://dermnetnz.org/topics/sclerema-neonatorum-pathology,
scleroderma,Scleroderma,S,https://dermnetnz.org/topics/scleroderma,
sclerosing-lipogranuloma-pathology,Sclerosing lipogranuloma pathology,S,https://dermnetnz.org/topics/sclerosing-lipogranuloma-pathology,
sclerotherapy,Sclerotherapy,S,https://dermnetnz.org/topics/sclerotherapy,
scorad,SCORAD,S,https://dermnetnz.org/topics/scorad,Scoring atopic dermatitis
scrotodynia,Scrotodynia,S,https://dermnetnz.org/topics/scrotodynia,
seaweed-dermatitis,Seaweed dermatitis,S,https://dermnetnz.org/topics/seaweed-dermatitis,
sebaceoma-pathology,Sebaceoma pathology,S,https://dermnetnz.org/topics/sebaceoma-pathology,Sebaceous epithelioma
sebaceous-carcinoma-pathology,Sebaceous carcinoma pathology,S,https://dermnetnz.org/topics/sebaceous-carcinoma-pathology,
sebaceous-hyperplasia-images,Sebaceous hyperplasia images,S,https://dermnetnz.org/topics/sebaceous-hyperplasia-images,
seborrhoeic-keratosis-dermoscopy-images,Seborrhoeic keratosis dermatoscopy images,S,https://dermnetnz.org/topics/seborrhoeic-keratosis-dermoscopy-images,Seborrhoeic keratosis dermoscopy images
seborrhoeic-keratosis-images,Seborrhoeic keratosis images,S,https://dermnetnz.org/topics/seborrhoeic-keratosis-images,
indirect-immunofluorescence,Secondary immune fluorescence,S,https://dermnetnz.org/topics/indirect-immunofluorescence,
secukinumab,Secukinumab,S,https://dermnetnz.org/topics/secukinumab,
see-your-doctor-for-a-skin-check,See your doctor for a skin check,S,https://dermnetnz.org/topics/see-your-doctor-for-a-skin-check,
selective-iga-deficiency,Selective IgA deficiency,S,https://dermnetnz.org/topics/selective-iga-deficiency,SIgAD
self-skin-examination,Self skin examination,S,https://dermnetnz.org/topics/self-skin-examination,Skin self-examination
self-skin-examination-video,Self skin examination video,S,https://dermnetnz.org/topics/self-skin-examination-video,
serum-sickness-like-reaction,Serum sickness-like reaction,S,https://dermnetnz.org/topics/serum-sickness-like-reaction,
sexually-acquired-human-papillomavirus,Sexually acquired HPV,S,https://dermnetnz.org/topics/sexually-acquired-human-papillomavirus,Sexually acquired human papillomavirus
sexually-transmitted-infections,Sexually transmitted disease,S,https://dermnetnz.org/topics/sexually-transmitted-infections,Sexually transmitted infections | Statutory venereal disease | Venereal disease
sezary-syndrome,Sezary disease,S,https://dermnetnz.org/topics/sezary-syndrome,Sezary erythroderma | Sezary lymphoma | Sezary syndrome | Sézary syndrome
shaving,Shaving,S,https://dermnetnz.org/topics/shaving,
shiitake-flagellate-dermatitis-images,Shiitake flagellate dermatitis images,S,https://dermnetnz.org/topics/shiitake-flagellate-dermatitis-images,
short-anagen-syndrome,Short anagen syndrome,S,https://dermnetnz.org/topics/short-anagen-syndrome,
silicone-implant,Silicone implant,S,https://dermnetnz.org/topics/silicone-implant,
silver-nitrate-pigmentation-pathology,Silver nitrate pigmentation pathology,S,https://dermnetnz.org/topics/silver-nitrate-pigmentation-pathology,
sinecatechins-ointment,Sinecatechins ointment,S,https://dermnetnz.org/topics/sinecatechins-ointment,
sister-mary-joseph-nodule-of-the-umbilicus,Sister Mary Joseph nodule of the umbilicus,S,https://dermnetnz.org/topics/sister-mary-joseph-nodule-of-the-umbilicus,
sjs-ten-images,SJS images,S,https://dermnetnz.org/topics/sjs-ten-images,SJS-TEN images | Stevens Johnson syndrome images | TEN images | Toxic epidermal necrolysis images
sjsten-triggers,SJS–TEN causes,S,https://dermnetnz.org/topics/sjsten-triggers,Triggers for Stevens Johnson syndrome / toxic epidermal necrolysis | Triggers for Stevens–Johnson syndrome / toxic epidermal necrolysis
ageing-skin,Skin ageing,S,https://dermnetnz.org/topics/ageing-skin,
skin-barrier-function,Skin barrier function,S,https://dermnetnz.org/topics/skin-barrier-function,
skin-cancer-and-self-exams,Skin cancer surveillance strategies,S,https://dermnetnz.org/topics/skin-cancer-and-self-exams,
soaps-and-cleansers,Skin cleansers,S,https://dermnetnz.org/topics/soaps-and-cleansers,Soaps and cleansers
skin-conditions-relating-to-hiv-infection,Skin conditions associated with AIDS,S,https://dermnetnz.org/topics/skin-conditions-relating-to-hiv-infection,Skin conditions relating to HIV infection
skin-health-in-people-experiencing-homelessness,Skin conditions associated with homelessness,S,https://dermnetnz.org/topics/skin-health-in-people-experiencing-homelessness,Skin health and homelessness | Skin health in people experiencing homelessness
skin-disease-and-schizophrenia,Skin disease and schizophrenia,S,https://dermnetnz.org/topics/skin-disease-and-schizophrenia,
skin-effects-associated-with-methamphetamine,Skin effects associated with methamphetamine,S,https://dermnetnz.org/topics/skin-effects-associated-with-methamphetamine,
skin-grafting,Skin grafting,S,https://dermnetnz.org/topics/skin-grafting,
skin-lesions-tumours-and-cancers,"Skin lesions, tumours, and cancers",S,https://dermnetnz.org/topics/skin-lesions-tumours-and-cancers,
skin-manifestations-of-haematological-diseases,Skin manifestations of haematological diseases,S,https://dermnetnz.org/topics/skin-manifestations-of-haematological-diseases,
skin-manifestations-of-systemic-mycoses,Skin manifestations of systemic mycoses,S,https://dermnetnz.org/topics/skin-manifestations-of-systemic-mycoses,Systemic fungal infections and the skin
skin-pigmentation-problems,Skin pigmentation problems,S,https://dermnetnz.org/topics/skin-pigmentation-problems,
skin-problems-associated-with-diabetes-mellitus,Skin problems associated with diabetes mellitus,S,https://dermnetnz.org/topics/skin-problems-associated-with-diabetes-mellitus,
skin-problems-associated-with-thyroid-disease,Skin problems associated with thyroid disease,S,https://dermnetnz.org/topics/skin-problems-associated-with-thyroid-disease,
skin-problems-due-to-caterpillars-and-moths,Skin problems due to caterpillars and moths,S,https://dermnetnz.org/topics/skin-problems-due-to-caterpillars-and-moths,
skin-problems-from-stomas,Skin problems from stomas,S,https://dermnetnz.org/topics/skin-problems-from-stomas,Stoma | Stoma skin problems
skin-problems-on-and-around-the-umbilicus,Skin problems on and around the umbilicus,S,https://dermnetnz.org/topics/skin-problems-on-and-around-the-umbilicus,
skin-problems-on-the-arms,Skin problems on the arms,S,https://dermnetnz.org/topics/skin-problems-on-the-arms,
skin-signs-and-systemic-disease,Skin signs and systemic disease,S,https://dermnetnz.org/topics/skin-signs-and-systemic-disease,
skin-signs-of-coma,Skin signs of coma,S,https://dermnetnz.org/topics/skin-signs-of-coma,
skin-manifestations-of-gastrointestinal-disease,Skin signs of gastrointestinal disease,S,https://dermnetnz.org/topics/skin-manifestations-of-gastrointestinal-disease,
skin-signs-of-neurological-diseases,Skin signs of neurological diseases,S,https://dermnetnz.org/topics/skin-signs-of-neurological-diseases,
skin-signs-of-non-accidental-injury,Skin signs of non-accidental injury,S,https://dermnetnz.org/topics/skin-signs-of-non-accidental-injury,
skin-signs-of-respiratory-disease,Skin signs of respiratory disease,S,https://dermnetnz.org/topics/skin-signs-of-respiratory-disease,
skin-surface-gene-expression,Skin surface gene expression,S,https://dermnetnz.org/topics/skin-surface-gene-expression,
skin-tag-images,Skin tag images,S,https://dermnetnz.org/topics/skin-tag-images,
systemic-lupus-erythematosus-images,SLE images,S,https://dermnetnz.org/topics/systemic-lupus-erythematosus-images,Systemic lupus erythematosus images
smallpox,Smallpox,S,https://dermnetnz.org/topics/smallpox,Variola
subcorneal-pustular-dermatosis,Sneddon Wilkinson disease,S,https://dermnetnz.org/topics/subcorneal-pustular-dermatosis,Subcorneal pustular dermatosis
sodium-dependent-multivitamin-transporter-deficiency,Sodium-dependent multivitamin transporter deficiency,S,https://dermnetnz.org/topics/sodium-dependent-multivitamin-transporter-deficiency,
solar-comedo,Solar comedo,S,https://dermnetnz.org/topics/solar-comedo,
solar-lentigo,Solar lentigo,S,https://dermnetnz.org/topics/solar-lentigo,
solar-urticaria,Solar urticaria,S,https://dermnetnz.org/topics/solar-urticaria,Sunlight-induced angiooedema-urticaria
solitary-neurofibroma,Solitary neurofibroma,S,https://dermnetnz.org/topics/solitary-neurofibroma,
spa-pool-folliculitis-images,Spa pool folliculitis images,S,https://dermnetnz.org/topics/spa-pool-folliculitis-images,
spectrophotometric-analysis-of-skin-lesions,Spectral analysis of pigmented skin lesions,S,https://dermnetnz.org/topics/spectrophotometric-analysis-of-skin-lesions,Spectrophotometric analysis of skin lesions
spider-telangiectasis-images,Spider angioma images,S,https://dermnetnz.org/topics/spider-telangiectasis-images,Spider naevus images | Spider telangiectasis images
spindle-cell-lipoma-pathology,Spindle cell lipoma pathology,S,https://dermnetnz.org/topics/spindle-cell-lipoma-pathology,
spitzoid-melanoma,Spindle cell malignant melanoma,S,https://dermnetnz.org/topics/spitzoid-melanoma,Spitzoid malignant melanoma | Spitzoid melanoma
spindle-cell-melanoma,Spindle cell melanoma,S,https://dermnetnz.org/topics/spindle-cell-melanoma,
spitz-naevus-and-reed-naevus-images,Spitz and Reed naevi images,S,https://dermnetnz.org/topics/spitz-naevus-and-reed-naevus-images,Spitz naevus and Reed naevus images
spitz-naevus-pathology,Spitz naevus pathology,S,https://dermnetnz.org/topics/spitz-naevus-pathology,
splinter-haemorrhage,Splinter haemorrhage,S,https://dermnetnz.org/topics/splinter-haemorrhage,
spondyloarthropathy,Spondyloarthritides,S,https://dermnetnz.org/topics/spondyloarthropathy,Spondyloarthritis | Spondyloarthropathies | Spondyloarthropathy
sporotrichosis-pathology,Sporotrichosis pathology,S,https://dermnetnz.org/topics/sporotrichosis-pathology,
spotted-fever,Spotted fever group rickettsial disease,S,https://dermnetnz.org/topics/spotted-fever,
squamous-cell-carcinoma-of-limbs-images,Squamous cell carcinoma of limbs images,S,https://dermnetnz.org/topics/squamous-cell-carcinoma-of-limbs-images,
squamous-cell-carcinoma-of-the-ear-images,Squamous cell carcinoma of the ear images,S,https://dermnetnz.org/topics/squamous-cell-carcinoma-of-the-ear-images,
squamous-cell-carcinoma-of-the-lip-images,Squamous cell carcinoma of the lip images,S,https://dermnetnz.org/topics/squamous-cell-carcinoma-of-the-lip-images,
squamous-cell-carcinoma-on-the-face-images,Squamous cell carcinoma on the face images,S,https://dermnetnz.org/topics/squamous-cell-carcinoma-on-the-face-images,
squamous-cell-papilloma,Squamous cell papilloma,S,https://dermnetnz.org/topics/squamous-cell-papilloma,
squamous-intraepithelial-lesion,Squamous intraepithelial lesion,S,https://dermnetnz.org/topics/squamous-intraepithelial-lesion,
staphylococcal-skin-infection,Staphylococcal skin infection,S,https://dermnetnz.org/topics/staphylococcal-skin-infection,
steroid-acne,Steroid acne,S,https://dermnetnz.org/topics/steroid-acne,
steroid-acne-images,Steroid acne images,S,https://dermnetnz.org/topics/steroid-acne-images,
steroid-rosacea,Steroid rosacea,S,https://dermnetnz.org/topics/steroid-rosacea,
topical-corticosteroid-withdrawal,Steroid withdrawal syndrome,S,https://dermnetnz.org/topics/topical-corticosteroid-withdrawal,Topical corticosteroid withdrawal | Topical steroid addiction
strawflower,Strawflower,S,https://dermnetnz.org/topics/strawflower,
streptococcal-skin-infections,Streptococcal skin infection,S,https://dermnetnz.org/topics/streptococcal-skin-infections,
subacute-cutaneous-lupus-erythematosus,Subacute cutaneous lupus erythematosus,S,https://dermnetnz.org/topics/subacute-cutaneous-lupus-erythematosus,Subacute lupus erythematosus
subcutaneous-fat-necrosis-of-the-newborn-pathology,Subcutaneous fat necrosis of the newborn pathology,S,https://dermnetnz.org/topics/subcutaneous-fat-necrosis-of-the-newborn-pathology,
subcision,Subcutaneous incisional surgery,S,https://dermnetnz.org/topics/subcision,
subcutaneous-panniculitis-like-t-cell-lymphoma-pathology,Subcutaneous panniculitis-like T-cell lymphoma pathology,S,https://dermnetnz.org/topics/subcutaneous-panniculitis-like-t-cell-lymphoma-pathology,
subepidermal-calcified-nodule,Subepidermal calcified nodule,S,https://dermnetnz.org/topics/subepidermal-calcified-nodule,
subtypes-of-ehlers-danlos-syndrome,Subtypes of Ehlers Danlos syndrome,S,https://dermnetnz.org/topics/subtypes-of-ehlers-danlos-syndrome,Subtypes of Ehlers-Danlos syndrome | Subtypes of Ehlers–Danlos syndrome
subungual-exostosis,Subungual exostosis,S,https://dermnetnz.org/topics/subungual-exostosis,
sulfa-drugs-and-the-skin,Sulfonamides (sulfa drugs) and the skin,S,https://dermnetnz.org/topics/sulfa-drugs-and-the-skin,Sulphonamide-containing drugs
sunscreen-allergy,Sunscreen allergy,S,https://dermnetnz.org/topics/sunscreen-allergy,
superficial-acral-fibromyxoma-pathology,Superficial acral fibromyxoma pathology,S,https://dermnetnz.org/topics/superficial-acral-fibromyxoma-pathology,
superficial-thrombophlebitis,Superficial phlebitis,S,https://dermnetnz.org/topics/superficial-thrombophlebitis,Superficial thrombophlebitis | Thrombosis of superficial veins
superficial-spreading-melanoma,Superficial spreading melanoma,S,https://dermnetnz.org/topics/superficial-spreading-melanoma,
superimposed-segmental-manifestation-of-polygenic-skin-disorders,Superimposed segmental manifestation of polygenic skin disorders,S,https://dermnetnz.org/topics/superimposed-segmental-manifestation-of-polygenic-skin-disorders,
supernumerary-nipple-images,Supernumerary nipple images,S,https://dermnetnz.org/topics/supernumerary-nipple-images,
kerion,Suppurative dermatophytosis,S,https://dermnetnz.org/topics/kerion,Suppurative ringworm | Tinea kerion
surgical-gloves,Surgical gloves,S,https://dermnetnz.org/topics/surgical-gloves,
wound-infections,Surgical site infection,S,https://dermnetnz.org/topics/wound-infections,
surgical-treatment-of-stable-vitiligo,Surgical treatment of stable vitiligo,S,https://dermnetnz.org/topics/surgical-treatment-of-stable-vitiligo,
wound-closure,Surgical wound closure,S,https://dermnetnz.org/topics/wound-closure,
surviving-melanoma,Surviving melanoma,S,https://dermnetnz.org/topics/surviving-melanoma,
suture-materials,Suture materials,S,https://dermnetnz.org/topics/suture-materials,
sweat-gland-lesions,Sweat gland lesions,S,https://dermnetnz.org/topics/sweat-gland-lesions,Tumours of apocrine sweat glands | Tumours of eccrine sweat glands
synovial-metaplasia-pathology,Synovial metaplasia pathology,S,https://dermnetnz.org/topics/synovial-metaplasia-pathology,
syphilis-images,Syphilis images,S,https://dermnetnz.org/topics/syphilis-images,
syphilis-pathology,Syphilis pathology,S,https://dermnetnz.org/topics/syphilis-pathology,
syringoma,Syringoma,S,https://dermnetnz.org/topics/syringoma,
systemic-amyloidosis-pathology,Systemic amyloidosis pathology,S,https://dermnetnz.org/topics/systemic-amyloidosis-pathology,
systemic-contact-dermatitis,Systemic contact dermatitis,S,https://dermnetnz.org/topics/systemic-contact-dermatitis,
systemic-lupus-erythematosus,Systemic lupus erythematosus,S,https://dermnetnz.org/topics/systemic-lupus-erythematosus,
tapeworm-infection,Taeniasis,T,https://dermnetnz.org/topics/tapeworm-infection,Tapeworm infection
talimogene-laherparepvec,Talimogene laherparepvec (T-VEC),T,https://dermnetnz.org/topics/talimogene-laherparepvec,
target-and-targetoid-lesions,Target and targetoid lesions,T,https://dermnetnz.org/topics/target-and-targetoid-lesions,
targeted-cancer-therapies,Targeted cancer therapies,T,https://dermnetnz.org/topics/targeted-cancer-therapies,
tattoo-associated-skin-reactions,Tattoo-associated skin reactions,T,https://dermnetnz.org/topics/tattoo-associated-skin-reactions,
taxanes,Taxane derivatives,T,https://dermnetnz.org/topics/taxanes,Taxanes
tca-cross,TCA CROSS,T,https://dermnetnz.org/topics/tca-cross,Trichloroacetic acid chemical reconstruction of skin scars
teledermatology,Teledermatology,T,https://dermnetnz.org/topics/teledermatology,
terminology,Terminology in dermatology,T,https://dermnetnz.org/topics/terminology,
tetracycline,Tetracycline group,T,https://dermnetnz.org/topics/tetracycline,Tetracycline hydrochloride | Tetracyclines
thalidomide,Thalidomide,T,https://dermnetnz.org/topics/thalidomide,
thallium-poisoning,Thallium poisoning,T,https://dermnetnz.org/topics/thallium-poisoning,Toxic effects of thallium
the-immune-system,The immune system summarised,T,https://dermnetnz.org/topics/the-immune-system,
the-role-of-surgery-in-dermatology,The role of surgery in dermatology,T,https://dermnetnz.org/topics/the-role-of-surgery-in-dermatology,Use of dermatological surgery
treatment-of-atopic-dermatitis,Therapies for atopic eczema,T,https://dermnetnz.org/topics/treatment-of-atopic-dermatitis,Treatment of atopic dermatitis
treatment-of-fungal-infection,Therapies for dermatophytosis,T,https://dermnetnz.org/topics/treatment-of-fungal-infection,Treatment of fungal infection | Treatment of tinea
thermal-burn,Thermal burn,T,https://dermnetnz.org/topics/thermal-burn,
western-red-cedar,Thuya plicata,T,https://dermnetnz.org/topics/western-red-cedar,Western red cedar
tick-borne-relapsing-fever,Tick-borne relapsing fever,T,https://dermnetnz.org/topics/tick-borne-relapsing-fever,
tinea-capitis-pathology,Tinea capitis pathology,T,https://dermnetnz.org/topics/tinea-capitis-pathology,
trichophyton-mentagrophytes-genotype-vii-infection,Tinea caused by Trichophyton mentagrophytes,T,https://dermnetnz.org/topics/trichophyton-mentagrophytes-genotype-vii-infection,Trichophyton mentagrophytes genotype VII infection | Trichophyton mentagrophytes internal transcribed region genotype VIII | Trichophyton mentagrophytes ITS genotype VIII
tinea-corporis-images,Tinea corporis images,T,https://dermnetnz.org/topics/tinea-corporis-images,
tinea-corporis-pathology,Tinea corporis pathology,T,https://dermnetnz.org/topics/tinea-corporis-pathology,
tinea-incognito-pathology,Tinea incognito pathology,T,https://dermnetnz.org/topics/tinea-incognito-pathology,
tinea-nigra-pathology,Tinea nigra pathology,T,https://dermnetnz.org/topics/tinea-nigra-pathology,
tinea-pedis-images,Tinea pedis images,T,https://dermnetnz.org/topics/tinea-pedis-images,
tirbanibulin-ointment,Tirbanibulin,T,https://dermnetnz.org/topics/tirbanibulin-ointment,Tirbanibulin ointment
topical-treatment-for-acne,Topical acne treatments,T,https://dermnetnz.org/topics/topical-treatment-for-acne,Topical treatment for acne
topical-and-intralesional-immunotherapy-for-melanoma-metastases,Topical and intralesional immunotherapy for melanoma metastases,T,https://dermnetnz.org/topics/topical-and-intralesional-immunotherapy-for-melanoma-metastases,
topical-antifungal-medication,Topical antifungal medication,T,https://dermnetnz.org/topics/topical-antifungal-medication,
topical-steroid,Topical corticosteroid,T,https://dermnetnz.org/topics/topical-steroid,Topical steroid
topical-formulations,Topical formulations,T,https://dermnetnz.org/topics/topical-formulations,
topical-fusidic-acid,Topical fusidic acid,T,https://dermnetnz.org/topics/topical-fusidic-acid,
topical-nitrogen-mustard,Topical mechlorethamine,T,https://dermnetnz.org/topics/topical-nitrogen-mustard,Topical mustine | Topical nitrogen mustard
topical-medications-for-skin-conditions,Topical medications for skin conditions,T,https://dermnetnz.org/topics/topical-medications-for-skin-conditions,
topical-retinoids,Topical retinoids,T,https://dermnetnz.org/topics/topical-retinoids,
topical-silver-therapy,Topical silver therapy,T,https://dermnetnz.org/topics/topical-silver-therapy,
topical-vitamin-c,Topical vitamin C,T,https://dermnetnz.org/topics/topical-vitamin-c,
toxic-epidermal-necrolysis-pathology,Toxic epidermal necrolysis pathology,T,https://dermnetnz.org/topics/toxic-epidermal-necrolysis-pathology,
rhus-tree,Toxicodendron succedaneum,T,https://dermnetnz.org/topics/rhus-tree,
toxocariasis,Toxocara infection,T,https://dermnetnz.org/topics/toxocariasis,Toxocariasis
toxoplasmosis-pathology,Toxoplasmosis pathology,T,https://dermnetnz.org/topics/toxoplasmosis-pathology,
traction-alopecia,Traction alopecia,T,https://dermnetnz.org/topics/traction-alopecia,Traumatic alopecia
tralokinumab,Tralokinumab,T,https://dermnetnz.org/topics/tralokinumab,
trametinib,Trametinib,T,https://dermnetnz.org/topics/trametinib,
transient-lingual-papillitis,Transient lingual papillitis,T,https://dermnetnz.org/topics/transient-lingual-papillitis,
transient-neonatal-pustular-melanosis,Transient neonatal pustular dermatosis,T,https://dermnetnz.org/topics/transient-neonatal-pustular-melanosis,Transient neonatal pustular melanosis | Transient neonatal pustulosis
treated-melanoma-pathology,Treated melanoma pathology,T,https://dermnetnz.org/topics/treated-melanoma-pathology,
treatment-of-psoriasis,Treatment of psoriasis,T,https://dermnetnz.org/topics/treatment-of-psoriasis,
treatment-of-psoriasis-in-pregnancy,Treatment of psoriasis in pregnancy,T,https://dermnetnz.org/topics/treatment-of-psoriasis-in-pregnancy,
treatment-of-psychodermatological-disorders,Treatment of psychodermatological disorders,T,https://dermnetnz.org/topics/treatment-of-psychodermatological-disorders,
treatment-of-skin-diseases,Treatment of skin diseases,T,https://dermnetnz.org/topics/treatment-of-skin-diseases,
trichilemmal-carcinoma,Trichilemmal carcinoma,T,https://dermnetnz.org/topics/trichilemmal-carcinoma,
trichilemmal-carcinoma-pathology,Trichilemmal carcinoma pathology,T,https://dermnetnz.org/topics/trichilemmal-carcinoma-pathology,
trichilemmoma,Trichilemmoma,T,https://dermnetnz.org/topics/trichilemmoma,Tricholemmoma
trichilemmoma-pathology,Trichilemmoma pathology,T,https://dermnetnz.org/topics/trichilemmoma-pathology,
trichoadenoma-pathology,Trichoadenoma of Nikolowski histology,T,https://dermnetnz.org/topics/trichoadenoma-pathology,Trichoadenoma pathology
trichoblastic-carcinoma,Trichoblastic carcinoma,T,https://dermnetnz.org/topics/trichoblastic-carcinoma,
trichoblastoma,Trichoblastoma,T,https://dermnetnz.org/topics/trichoblastoma,
trichuriasis,Trichocephaliasis,T,https://dermnetnz.org/topics/trichuriasis,Trichuriasis
trichodysplasia-spinulosa,Trichodysplasia spinulosa,T,https://dermnetnz.org/topics/trichodysplasia-spinulosa,
trichoepithelioma-pathology,Trichoepithelioma pathology,T,https://dermnetnz.org/topics/trichoepithelioma-pathology,
trichofolliculoma-pathology,Trichofolliculoma pathology,T,https://dermnetnz.org/topics/trichofolliculoma-pathology,
trichomoniasis,Trichomoniasis,T,https://dermnetnz.org/topics/trichomoniasis,
trichomycosis-axillaris,Trichomycosis axillaris,T,https://dermnetnz.org/topics/trichomycosis-axillaris,
trichophagia,Trichophagia,T,https://dermnetnz.org/topics/trichophagia,
trichoscopy-of-generalised-noncicatricial-hair-loss,Trichoscopy of generalised noncicatricial hair loss,T,https://dermnetnz.org/topics/trichoscopy-of-generalised-noncicatricial-hair-loss,
trichoscopy-of-genetic-hair-shaft-disorders,Trichoscopy of genetic hair shaft disorders,T,https://dermnetnz.org/topics/trichoscopy-of-genetic-hair-shaft-disorders,
trichoscopy-of-scalp-infestations,Trichoscopy of head lice,T,https://dermnetnz.org/topics/trichoscopy-of-scalp-infestations,Trichoscopy of pediculosis capitis | Trichoscopy of scabies | Trichoscopy of scalp infestations
trichoscopy-of-localised-cicatricial-hair-loss,Trichoscopy of localised cicatricial hair loss,T,https://dermnetnz.org/topics/trichoscopy-of-localised-cicatricial-hair-loss,
trichoscopy-of-localised-noncicatricial-hair-loss,Trichoscopy of localised noncicatricial hair loss,T,https://dermnetnz.org/topics/trichoscopy-of-localised-noncicatricial-hair-loss,
trichostasis-spinulosa,Trichostasis spinulosa,T,https://dermnetnz.org/topics/trichostasis-spinulosa,
trichotillomania-images,Trichotillomania images,T,https://dermnetnz.org/topics/trichotillomania-images,
tricyclic-antidepressants,Tricyclic antidepressants,T,https://dermnetnz.org/topics/tricyclic-antidepressants,
trigeminal-trophic-syndrome,Trigeminal trophic syndrome,T,https://dermnetnz.org/topics/trigeminal-trophic-syndrome,
tropical-pyomyositis,Tropical myositis,T,https://dermnetnz.org/topics/tropical-pyomyositis,Tropical pyomyositis
tropical-skin-diseases,Tropical skin diseases,T,https://dermnetnz.org/topics/tropical-skin-diseases,Tropical skin infections
tuberculids,Tuberculosis with hypersensitivity reaction,T,https://dermnetnz.org/topics/tuberculids,
tuberous-sclerosis-images,Tuberous sclerosis images,T,https://dermnetnz.org/topics/tuberous-sclerosis-images,
tulip,Tulipa gesneriana,T,https://dermnetnz.org/topics/tulip,
tzanck-smear,Tzanck smear,T,https://dermnetnz.org/topics/tzanck-smear,
upadacitinib,Upadacitinib,U,https://dermnetnz.org/topics/upadacitinib,
urachal-cyst-pathology,Urachal cyst pathology,U,https://dermnetnz.org/topics/urachal-cyst-pathology,
urticaria-an-overview,Urticaria,U,https://dermnetnz.org/topics/urticaria-an-overview,Urticaria - an overview | Urticaria – an overview
urticaria-and-urticaria-like-conditions,Urticaria and urticaria-like conditions,U,https://dermnetnz.org/topics/urticaria-and-urticaria-like-conditions,
urticaria-images,Urticaria images,U,https://dermnetnz.org/topics/urticaria-images,
urticaria-in-children,Urticaria in children,U,https://dermnetnz.org/topics/urticaria-in-children,
urticarial-vasculitis,Urticarial vasculitis,U,https://dermnetnz.org/topics/urticarial-vasculitis,
urticarial-vasculitis-images,Urticarial vasculitis images,U,https://dermnetnz.org/topics/urticarial-vasculitis-images,
ustekinumab-for-psoriasis,Ustekinumab for psoriasis,U,https://dermnetnz.org/topics/ustekinumab-for-psoriasis,
ustekinumab-trials,Ustekinumab placebo-controlled and comparative clinical trials,U,https://dermnetnz.org/topics/ustekinumab-trials,Ustekinumab trials
uva1-phototherapy,UVA1 phototherapy,U,https://dermnetnz.org/topics/uva1-phototherapy,
vexas-syndrome,"Vacuoles. E1 enzyme, X-linked, Autoinflammatory, Somatic syndrome",V,https://dermnetnz.org/topics/vexas-syndrome,VEXAS syndrome
vaginitis,Vaginal mucositis,V,https://dermnetnz.org/topics/vaginitis,Vaginitis
valaciclovir,Valaciclovir,V,https://dermnetnz.org/topics/valaciclovir,Valacyclovir | Valtrex
varicose-veins,Varices,V,https://dermnetnz.org/topics/varicose-veins,Varicose veins | Varicosities
vascular-malformation,Vascular malformation images,V,https://dermnetnz.org/topics/vascular-malformation,
vascular-malformations-associated-with-steal-phenomena,Vascular malformations associated with steal phenomena,V,https://dermnetnz.org/topics/vascular-malformations-associated-with-steal-phenomena,
vascular-proliferations-and-abnormalities-of-blood-vessels,Vascular proliferations and abnormalities of blood vessels,V,https://dermnetnz.org/topics/vascular-proliferations-and-abnormalities-of-blood-vessels,
vascular-skin-problems,Vascular skin problems,V,https://dermnetnz.org/topics/vascular-skin-problems,
vasculitis-images,Vasculitis images,V,https://dermnetnz.org/topics/vasculitis-images,
vemurafenib,Vemurafenib,V,https://dermnetnz.org/topics/vemurafenib,
venous-lake-images,Venous lake images,V,https://dermnetnz.org/topics/venous-lake-images,
venous-malformation,Venous malformation,V,https://dermnetnz.org/topics/venous-malformation,
verrucous-haemangioma-pathology,Verrucous haemangioma pathology,V,https://dermnetnz.org/topics/verrucous-haemangioma-pathology,
vibratory-angioedema,Vibratory angioedema,V,https://dermnetnz.org/topics/vibratory-angioedema,
vibratory-urticaria,Vibratory urticaria,V,https://dermnetnz.org/topics/vibratory-urticaria,
videos-about-melanoma,Videos about Melanoma,V,https://dermnetnz.org/topics/videos-about-melanoma,
viral-conjunctivitis,Viral conjunctivitis,V,https://dermnetnz.org/topics/viral-conjunctivitis,
viral-skin-infections,Viral infections and the skin,V,https://dermnetnz.org/topics/viral-skin-infections,
viral-warts-images,Viral warts images,V,https://dermnetnz.org/topics/viral-warts-images,
voriconazole,Voriconazole,V,https://dermnetnz.org/topics/voriconazole,
vulval-and-vaginal-problems-in-prepubertal-females,Vulval and vaginal problems in prepubertal females,V,https://dermnetnz.org/topics/vulval-and-vaginal-problems-in-prepubertal-females,Vulvovaginal problems in girls
vulval-biopsy,Vulval biopsy,V,https://dermnetnz.org/topics/vulval-biopsy,Vulvar biopsy
vulval-intraepithelial-neoplasia-images,Vulval intraepithelial neoplasia images,V,https://dermnetnz.org/topics/vulval-intraepithelial-neoplasia-images,
vulval-lumps-and-bumps,Vulval lesions,V,https://dermnetnz.org/topics/vulval-lumps-and-bumps,Vulval lumps and bumps
vulval-lichen-sclerosus-images,Vulval lichen sclerosus images,V,https://dermnetnz.org/topics/vulval-lichen-sclerosus-images,
vulval-lichen-simplex-images,Vulval lichen simplex images,V,https://dermnetnz.org/topics/vulval-lichen-simplex-images,
vulvodynia,Vulval pain,V,https://dermnetnz.org/topics/vulvodynia,Vulvodynia
vulval-ulcer-images,Vulval ulcer images,V,https://dermnetnz.org/topics/vulval-ulcer-images,Vulval ulceration images
recurrent-fissuring-of-posterior-fourchette,Vulvar granuloma fissuratum,V,https://dermnetnz.org/topics/recurrent-fissuring-of-posterior-fourchette,
herpes-zoster,VZV reactivaton,V,https://dermnetnz.org/topics/herpes-zoster,
waardenburg-syndrome,Waardenburg syndrome,W,https://dermnetnz.org/topics/waardenburg-syndrome,
waldenstroem-macroglobulinaemia,Waldenstrom macroglobulinaemia,W,https://dermnetnz.org/topics/waldenstroem-macroglobulinaemia,Waldenström macroglobulinaemia
warfarin-induced-skin-necrosis,Warfarin necrosis,W,https://dermnetnz.org/topics/warfarin-induced-skin-necrosis,Warfarin-induced skin necrosis
warfarin-necrosis-pathology,Warfarin necrosis pathology,W,https://dermnetnz.org/topics/warfarin-necrosis-pathology,Warfarin-induced skin necrosis pathology
podophyllotoxin,Wartec,W,https://dermnetnz.org/topics/podophyllotoxin,
wet-gangrene,Wet gangrene,W,https://dermnetnz.org/topics/wet-gangrene,
wet-wraps,Wet wrap dressings,W,https://dermnetnz.org/topics/wet-wraps,Wet wraps
what-causes-acne,What causes acne?,W,https://dermnetnz.org/topics/what-causes-acne,
what-causes-melanoma-sunlight,What causes melanoma? Sunlight!,W,https://dermnetnz.org/topics/what-causes-melanoma-sunlight,
what-does-basal-cell-carcinoma-look-like,What does basal cell carcinoma look like?,W,https://dermnetnz.org/topics/basal-cell-carcinoma/what-does-basal-cell-carcinoma-look-like,
what-does-squamous-cell-carcinoma-look-like,What does squamous cell carcinoma look like?,W,https://dermnetnz.org/topics/cutaneous-squamous-cell-carcinoma/what-does-squamous-cell-carcinoma-look-like,
what-is-a-dermatologist,What is a dermatologist?,W,https://dermnetnz.org/topics/what-is-a-dermatologist,
what-is-melanoma-an-introduction,What is melanoma? An introduction,W,https://dermnetnz.org/topics/what-is-melanoma-an-introduction,
whats-triggering-my-rosacea,What’s triggering my rosacea?,W,https://dermnetnz.org/topics/rosacea/whats-triggering-my-rosacea,
whipple-disease,Whipple disease,W,https://dermnetnz.org/topics/whipple-disease,
who-gets-melanoma,Who gets melanoma?,W,https://dermnetnz.org/topics/who-gets-melanoma,
wood-lamp-skin-examination,Wood lamp skin examination,W,https://dermnetnz.org/topics/wood-lamp-skin-examination,Wood light examination
worldwide-dermatology-links-for-doctors,Worldwide dermatology links for doctors,W,https://dermnetnz.org/topics/worldwide-dermatology-links-for-doctors,
worldwide-links,Worldwide dermatology links for patients,W,https://dermnetnz.org/topics/worldwide-links,
wound-care,Wound care,W,https://dermnetnz.org/topics/wound-care,
wound-cleansers,Wound cleansers,W,https://dermnetnz.org/topics/wound-cleansers,
recessive-x-linked-ichthyosis,X-linked ichythosis with steryl sulfatase deficiency,X,https://dermnetnz.org/topics/recessive-x-linked-ichthyosis,
xanthelasma-images,Xanthelasma images,X,https://dermnetnz.org/topics/xanthelasma-images,Xanthelasma palpebrum images
xanthoma,Xanthoma,X,https://dermnetnz.org/topics/xanthoma,Xanthomatosis
xeroderma-pigmentosum-images,Xeroderma pigmentosum images,X,https://dermnetnz.org/topics/xeroderma-pigmentosum-images,
xylazine-induced-skin-ulcers,Xylazine drug ulcers,X,https://dermnetnz.org/topics/xylazine-induced-skin-ulcers,Xylazine ulcers | Xylazine-induced skin ulcers
yeasts-on-human-skin,Yeasts on human skin,Y,https://dermnetnz.org/topics/yeasts-on-human-skin,
yellow-nail-syndrome,Yellow nail syndrome,Y,https://dermnetnz.org/topics/yellow-nail-syndrome,
zika-virus,Zika fever,Z,https://dermnetnz.org/topics/zika-virus,Zika virus | Zika virus disease
