id,name,type,source
5984,tinea pedis,disease,MONDO
2954,superficial multifocal basal cell carcinoma,disease,MONDO
5173,actinic keratosis (disease),disease,MONDO
5093,skin disease,disease,MONDO
8420,seborrheic keratosis,disease,MONDO
6563,inverted follicular keratosis,disease,MONDO
15288,herpes simplex virus keratitis,disease,MONDO
16384,hypogonadotropic hypogonadism-frontoparietal alopecia syndrome,disease,MONDO
6594,pemphigus,disease,MONDO
5608,varicella zoster infection,disease,MONDO
4980,atopic eczema,disease,MONDO
11292,"dermatitis, atopic",disease,MONDO
7915,systemic lupus erythematosus (disease),disease,MONDO
19725,pediatric systemic lupus erythematosus,disease,MONDO
5480,contact dermatitis,disease,MONDO
6589,occupational dermatitis,disease,MONDO
4678_18335,dermatophytosis,disease,MONDO_grouped
43233,exfoliative dermatitis,disease,MONDO
15758,primary cutaneous T-cell lymphoma,disease,MONDO
18031,granulomatous slack skin disease,disease,MONDO
6545_44719,erythema multiforme,disease,MONDO_grouped
18229,Stevens-Johnson syndrome,disease,MONDO
15614_6565,dermatitis herpetiformis,disease,MONDO_grouped
5083,psoriasis,disease,MONDO
4609,herpes simplex infectious disease,disease,MONDO
19338,sarcoidosis,disease,MONDO
5105_5012,melanoma,disease,MONDO_grouped
11438,acne (disease),disease,MONDO
19975,pellagra,disease,MONDO
6608_6609,seborrheic dermatitis,disease,MONDO_grouped
6552,folliculitis,disease,MONDO
2406,dermatitis,disease,MONDO
20804,basal cell carcinoma,disease,MONDO
18534,squamous cell carcinoma of liver and intrahepatic biliary tract,disease,MONDO
5191,metastatic melanoma,disease,MONDO
5769,geniculate herpes zoster,disease,MONDO
1461,tinea corporis,disease,MONDO
5982,tinea infection,disease,MONDO
879,cutaneous candidiasis,disease,MONDO
5492,urticaria (disease),disease,MONDO
1628,tinea unguium,disease,MONDO
5915,pityriasis versicolor,disease,MONDO
44211_44212_44213,idiopathic urticaria,disease,MONDO_grouped
19340,scleroderma (disease),disease,MONDO
19562,localized scleroderma,disease,MONDO
4277,gonorrhea,disease,MONDO
5717,contagious pustular dermatitis,disease,MONDO
6544,erythema infectiosum,disease,MONDO
1699,tinea manuum,disease,MONDO
6014,vulvovaginal candidiasis,disease,MONDO
4215,cutaneous anthrax,disease,MONDO
24294_24295,skin disease caused by infection,disease,MONDO_grouped
5609,herpes zoster,disease,MONDO
607,primary cutaneous T-cell non-Hodgkin lymphoma,disease,MONDO
6570,lichen disease,disease,MONDO
19558_4706,discoid lupus erythematosus,disease,MONDO_grouped
15574,chronic cutaneous lupus erythematosus,disease,MONDO
4670_5282_19561,lupus erythematosus,disease,MONDO_grouped
19082,bullous pemphigoid,disease,MONDO
6604,rosacea,disease,MONDO
5883,ophthalmic herpes zoster,disease,MONDO
41008,obsolete contact dermatitis caused by poison oak,disease,MONDO
5124,leprosy,disease,MONDO
6617,vesiculobullous skin disease,disease,MONDO
18746,mucous membrane pemphigoid,disease,MONDO
20548,ocular pemphigoid,disease,MONDO
4497_6718_5976_2897_2896,syphilis,disease,MONDO_grouped
8713,acrodermatitis enteropathica,disease,MONDO
6521,acneiform dermatitis,disease,MONDO
7082_12551_5340,alopecia areata,disease,MONDO_grouped
18056_6572_16767_43923_16769_16770,lichen planus,disease,MONDO_grouped
5983,tinea favosa,disease,MONDO
19476,primary cutaneous peripheral T-cell lymphoma not otherwise specified,disease,MONDO
15810,primary cutaneous CD4+ small/medium-sized pleomorphic T-cell lymphoma,disease,MONDO
15811,primary cutaneous aggressive epidermotropic CD8+ T-cell lymphoma,disease,MONDO
15812,primary cutaneous gamma/delta-positive T-cell lymphoma,disease,MONDO
18513,squamous cell carcinoma of colon,disease,MONDO
5898,paronychia (disease),disease,MONDO
6522,acquired keratosis,disease,MONDO
6383,"primary cutaneous diffuse large B-cell lymphoma, Leg type",disease,MONDO
43653,herpes labialis,disease,MONDO
8054_16367_1907,dermatomyositis,disease,MONDO_grouped
4592,impetigo,disease,MONDO
18182,bullous impetigo,disease,MONDO
5714_5821_333,congenital syphilis,disease,MONDO_grouped
5822_40923_40922,latent syphilis,disease,MONDO_grouped
7039_7245_18975_21061_8075,neurofibromatosis,disease,MONDO_grouped
12521,herpes simplex encephalitis,disease,MONDO
5770,genital herpes,disease,MONDO
6598,phototoxic dermatitis,disease,MONDO
4525,scabies,disease,MONDO
1951,Norwegian scabies,disease,MONDO
11026_11218_14011_33091_11680_14009_9441_15018_12847_11485_33092_9439_14010_13495_9443_17265,autosomal recessive congenital ichthyosis,disease,MONDO_grouped
19269,ichthyosis (disease),disease,MONDO
15947_17262_17263,inherited ichthyosis,disease,MONDO_grouped
7417,Darier disease,disease,MONDO
23297,guttate psoriasis,disease,MONDO
22205,pustular psoriasis,disease,MONDO
17778,lamellar ichthyosis,disease,MONDO
15085,bathing suit ichthyosis,disease,MONDO
8273,actinic prurigo,disease,MONDO
20576,cutaneous vasculitis,disease,MONDO
2898,skin cancer,disease,MONDO
16266,squamous cell carcinoma of the corpus uteri,disease,MONDO
21948,cutaneous tuberculosis,disease,MONDO
15573,subacute cutaneous lupus erythematosus,disease,MONDO
4907,alopecia,disease,MONDO
2154,trichomoniasis,disease,MONDO
8661,vitiligo,disease,MONDO
254,cutaneous mycosis,disease,MONDO
6559,hidradenitis suppurativa,disease,MONDO
2260,hidradenitis,disease,MONDO
19509,cutaneous leukocytoclastic angiitis,disease,MONDO
1290,allergic cutaneous vasculitis,disease,MONDO
10150_4958_5096_6082_500_514,squamous cell carcinoma,disease,MONDO_grouped
242,tinea barbae,disease,MONDO
536,pharyngeal squamous cell carcinoma,disease,MONDO
5595,laryngeal squamous cell carcinoma,disease,MONDO
41751,multibacillary leprosy,disease,MONDO
19210,cutaneous neuroendocrine carcinoma,disease,MONDO
18500,cutaneous larva migrans,disease,MONDO
4712,herpes simplex dermatitis,disease,MONDO
43106,ichthyosis linearis circumflexa,disease,MONDO
41752,paucibacillary leprosy,disease,MONDO
19810,toxic epidermal necrolysis,disease,MONDO
18352,squamous cell carcinoma of penis,disease,MONDO
6526,allergic urticaria,disease,MONDO
11870,annular epidermolytic ichthyosis,disease,MONDO
7447,autosomal dominant vibratory urticaria,disease,MONDO
18855_21036,keratosis pilaris,disease,MONDO_grouped
11881_13034,keratosis palmoplantaris striata,disease,MONDO_grouped
12500_13739_19557,chilblain lupus,disease,MONDO_grouped
10032,Sjogren-Larsson-like ichthyosis without CNS or eye involvement,disease,MONDO
10229,"alopecia, congenital",disease,MONDO
24522_54765_13502_15301,primary cutaneous amyloidosis,disease,MONDO_grouped
8121,"onychogryposis, pedal, with keratosis plantaris and coarse hair",disease,MONDO
12258,epidermolysis bullosa simplex with circinate migratory erythema,disease,MONDO
10652,X-linked intellectual disability-seizures-psoriasis syndrome,disease,MONDO
18360,neonatal lupus erythematosus,disease,MONDO
19560,lupus erythematosus tumidus,disease,MONDO
9444,ichthyosis-alopecia-eclabion-ectropion-intellectual disability syndrome,disease,MONDO
8109,ocular cicatricial pemphigoid,disease,MONDO
7965,"melanoma, malignant familial intraocular",disease,MONDO
7084,familial focal alopecia,disease,MONDO
7782,"hyperthermia, cutaneous, with headaches and nausea",disease,MONDO
7314,"chemodectoma, intraabdominal, with cutaneous angiolipomas",disease,MONDO
8160,osteosclerosis with ichthyosis and fractures,disease,MONDO
7967,melanoma and neural system tumor syndrome,disease,MONDO
9420,primary hypergonadotropic hypogonadism-partial alopecia syndrome,disease,MONDO
7809,ichthyosis hystrix gravior,disease,MONDO
12446,seborrhea-like dermatitis with psoriasiform elements,disease,MONDO
13806,familial cutaneous telangiectasia and oropharyngeal predisposition cancer syndrome,disease,MONDO
9902,cutaneous porphyria,disease,MONDO
8778,"amyloidosis, cutaneous bullous",disease,MONDO
8757_19080,alopecia universalis,disease,MONDO_grouped
14218,severe dermatitis-multiple allergies-metabolic wasting syndrome,disease,MONDO
9085,deafness-vitiligo-achalasia syndrome,disease,MONDO
13176,ichthyosis-short stature-brachydactyly-microspherophakia syndrome,disease,MONDO
8634,"urticaria, familial localized heat",disease,MONDO
9848,dissecting cellulitis of the scalp,disease,MONDO
7857,keratosis palmaris et plantaris-clinodactyly syndrome,disease,MONDO
9446,ichthyosis-intellectual disability-dwarfism-renal impairment syndrome,disease,MONDO
9518_11860_12358_12595_13185_13257,"leprosy, susceptibility to",disease,MONDO_grouped
13398_7728_13397_24516,familial acne inversa,disease,MONDO_grouped
9051,cutaneous photosensitivity-lethal colitis syndrome,disease,MONDO
11169,keratosis linearis-ichthyosis congenita-sclerosing keratoderma syndrome,disease,MONDO
14368_14056_12183_7963_13133_11954_13510,"melanoma, cutaneous malignant, susceptibility to",disease,MONDO_grouped
14680_13075_24563_13921_13920,"herpes simplex encephalitis, susceptibility to",disease,MONDO_grouped
9792,ichthyosis-oral and digital anomalies syndrome,disease,MONDO
7850,autosomal dominant keratitis-ichthyosis-deafness syndrome,disease,MONDO
13743,autosomal systemic lupus erythematosus type 16,disease,MONDO
7184_5339_10410_12899,androgenetic alopecia,disease,MONDO_grouped
7966,susceptibility to uveal melanoma,disease,MONDO
8418,"scleroderma, familial progressive",disease,MONDO
11713,melanoma-pancreatic cancer syndrome,disease,MONDO
10622_17264,recessive X-linked ichthyosis,disease,MONDO_grouped
11462,pyogenic arthritis-pyoderma gangrenosum-acne syndrome,disease,MONDO
7811,ichthyosis-cheek-eyebrow syndrome,disease,MONDO
11245,"ichthyosis, hystrix-like, with deafness",disease,MONDO
7083_8923,palmoplantar keratoderma and congenital alopecia,disease,MONDO_grouped
10189,"vitiligo, progressive, with intellectual disability and urethral duplication",disease,MONDO
9445,ichthyosis-hepatosplenomegaly-cerebellar degeneration syndrome,disease,MONDO
9773_17134,odonto-onycho dysplasia-alopecia,disease,MONDO_grouped
10982,ichthyosis-intellectual disability syndrome with large keratohyalin granules in the skin,disease,MONDO
8562,thumb deformity-alopecia-pigmentation anomaly syndrome,disease,MONDO
54754,"encephalopathy, acute, infection-induced (herpes-specific), susceptibility to, 8",disease,MONDO
11874,neonatal ichthyosis-sclerosing cholangitis syndrome,disease,MONDO
8924,congenital cataract-ichthyosis syndrome,disease,MONDO
8251,pityriasis rubra pilaris,disease,MONDO
10623,ichthyosis and male hypogonadism,disease,MONDO
13626,"psoriasis 14, pustular",disease,MONDO
7569,"erythema nodosum, familial",disease,MONDO
13759,MITF-related melanoma and renal cell carcinoma predisposition syndrome,disease,MONDO
9195,erythema of acral regions,disease,MONDO
7271,familial cutaneous collagenoma,disease,MONDO
11269,psoriasis 2,disease,MONDO
9328,"hemangiomatosis, cutaneous, with associated features",disease,MONDO
14793,microcephaly-congenital cataract-psoriasiform dermatitis syndrome,disease,MONDO
10638,keratosis follicularis-dwarfism-cerebral atrophy syndrome,disease,MONDO
33642,neurodevelopmental disorder with alopecia and brain abnormalities,disease,MONDO
11132,"T-cell immunodeficiency, congenital alopecia, and nail dystrophy",disease,MONDO
21035_13492_12487_30009,alopecia-intellectual disability syndrome,disease,MONDO_grouped
7810,autosomal dominant ichthyosis vulgaris,disease,MONDO
9088,"deafness, neural, with atypical atopic dermatitis",disease,MONDO
9447,"ichthyosis, split hairs, and amino aciduria",disease,MONDO
22113,central centrifugal cicatricial alopecia,disease,MONDO
7902,"lichen planus, familial",disease,MONDO
7854,keratolytic winter erythema,disease,MONDO
7855,"keratosis, familial actinic",disease,MONDO
7085,alopecia-epilepsy-pyorrhea-intellectual disability syndrome,disease,MONDO
13268,frontonasal dysplasia with alopecia and genital anomaly,disease,MONDO
7812,"ichthyosis, lamellar, autosomal dominant",disease,MONDO
11019,alopecia-intellectual disability-hypergonadotropic hypogonadism syndrome,disease,MONDO
7187,nevoid basal cell carcinoma syndrome,disease,MONDO
9513,laryngo-onycho-cutaneous syndrome,disease,MONDO
8219,pemphigus vulgaris,disease,MONDO
7128,annular erythema,disease,MONDO
14494,"psoriasis 15, pustular, susceptibility to",disease,MONDO
7899,lichen sclerosus et atrophicus,disease,MONDO
7813,ichthyosis bullosa of Siemens,disease,MONDO
8632,"urticaria, aquagenic",disease,MONDO
12530,palmoplantar keratoderma-XX sex reversal-predisposition to squamous cell carcinoma syndrome,disease,MONDO
7570,erythema palmare hereditarium,disease,MONDO
8754,alopecia - contractures - dwarfism - intellectual disability syndrome,disease,MONDO
10842,multiple cutaneous and mucosal venous malformations,disease,MONDO
11024,"dermatitis herpetiformis, familial",disease,MONDO
8334_13554_11084_11387_11434_11542_11573_11926_12542_12896_12959_13057,psoriasis susceptibility to,disease,MONDO_grouped
54697,immunodeficiency 11b with atopic dermatitis,disease,MONDO
12369_12835_10433_11138_11520_11560_11807_11942_11943_11944_12036_12361_12403_12404_12584_12834_12836_12884_13152,"systemic lupus erythematosus, susceptibility to",disease,MONDO_grouped
13760,congenital ichthyosis-intellectual disability-spastic quadriplegia syndrome,disease,MONDO
7808,ichthyosis hystrix of Curth-Macklin,disease,MONDO
12387,osteosclerosis-ichthyosis-premature ovarian failure syndrome,disease,MONDO
10637,"keratosis follicularis spinulosa decalvans, X-linked",disease,MONDO
13018,"keratosis follicularis spinulosa decalvans, autosomal dominant",disease,MONDO
8321,"pruritus, hereditary localized",disease,MONDO
11684,vitiligo-associated multiple autoimmune disease susceptibility 1,disease,MONDO
16474,drug-induced lupus erythematosus,disease,MONDO
18103,Quinquaud's folliculitis decalvans,disease,MONDO
19314_19023_2726,cutaneous mastocytosis,disease,MONDO_grouped
19315_17243,diffuse cutaneous mastocytosis,disease,MONDO_grouped
19316,maculopapular cutaneous mastocytosis,disease,MONDO
16358,limited cutaneous systemic sclerosis,disease,MONDO
19945_6599,urticaria,disease,MONDO_grouped
18025,chronic actinic dermatitis,disease,MONDO
17837,multiple sclerosis-ichthyosis-factor VIII deficiency syndrome,disease,MONDO
18873,anterior cutaneous nerve entrapment syndrome,disease,MONDO
15428,choroidal atrophy-alopecia syndrome,disease,MONDO
16356,diffuse cutaneous systemic sclerosis,disease,MONDO
8756,alopecia - intellectual disability syndrome,disease,MONDO
17381_42971,congenital herpes virus infection,disease,MONDO_grouped
17275,spastic paraplegia-facial-cutaneous lesions syndrome,disease,MONDO
5580,esophageal squamous cell carcinoma,disease,MONDO
19323,pemphigus erythematosus,disease,MONDO
19324,pemphigus foliaceus,disease,MONDO
16775,lichen planus pemphigoides,disease,MONDO
19526,erythema elevatum diutinum,disease,MONDO
18856,lichen amyloidosis,disease,MONDO
6558,pemphigoid gestationis,disease,MONDO
19436,psoriasis-related juvenile idiopathic arthritis,disease,MONDO
12508,agammaglobulinemia-microcephaly-craniosynostosis-severe dermatitis syndrome,disease,MONDO
12089,ichthyosis prematurity syndrome,disease,MONDO
17614,X-linked intellectual disability-hypogonadism-ichthyosis-obesity-short stature syndrome,disease,MONDO
34104,global developmental delay-alopecia-macrocephaly-facial dysmorphism-structural brain anomalies syndrome,disease,MONDO
18974,paraneoplastic pemphigus,disease,MONDO
4132,anal canal squamous cell carcinoma,disease,MONDO
15082,alopecia antibody deficiency,disease,MONDO
17772,oral erosive lichen,disease,MONDO
6486,uveal melanoma,disease,MONDO
18961,familial melanoma,disease,MONDO
19199,interstitial granulomatous dermatitis with arthritis,disease,MONDO
16574,hypo- and hypermelanotic cutaneous macules-retarded growth-intellectual disability syndrome,disease,MONDO
17242,cutaneous collagenous vasculopathy,disease,MONDO
17244,pseudoxanthomatous diffuse cutaneous mastocytosis,disease,MONDO
18887,obsolete rare cutaneous lupus erythematosus,disease,MONDO
18879,lichen planopilaris,disease,MONDO
18683,acquired ichthyosis,disease,MONDO
16417,congenital ichthyosis-microcephalus-tetraplegia syndrome,disease,MONDO
3362,cutaneous leiomyosarcoma (disease),disease,MONDO
2205,vulvar melanoma (disease),disease,MONDO
5230,cellulitis (disease),disease,MONDO
6525,allergic contact dermatitis,disease,MONDO
6060,nasopharyngeal squamous cell carcinoma,disease,MONDO
6590,palmoplantar keratosis,disease,MONDO
17269,X-linked ichthyosis syndrome,disease,MONDO
44704,oropharynx squamous cell carcinoma,disease,MONDO
18537,squamous cell carcinoma of gallbladder and extrahepatic biliary tract,disease,MONDO
18453,familial atypical multiple mole melanoma syndrome,disease,MONDO
2191,syringoma,disease,MONDO
6717,cutaneous fibrous histiocytoma,disease,MONDO
5556,lupus nephritis,disease,MONDO
6838,lupus vulgaris,disease,MONDO
6564,irritant dermatitis,disease,MONDO
16164,herpetiform pemphigus,disease,MONDO
18745,superficial pemphigus,disease,MONDO
6566,keratosis,disease,MONDO
6832,limited scleroderma,disease,MONDO
5019,diffuse scleroderma,disease,MONDO
6491,vulvar lichen sclerosus,disease,MONDO
43294,linear scleroderma,disease,MONDO
17339,exfoliative ichthyosis,disease,MONDO
43985,central nervous system lupus,disease,MONDO
15554,typical urticaria pigmentosa,disease,MONDO
15555,plaque-form urticaria pigmentosa,disease,MONDO
15556,nodular urticaria pigmentosa,disease,MONDO
24304,ichthyosis vulgaris,disease,MONDO
11596_11597_11598_11608_11609_13107_13294_13295,atopic dermatitis,disease,MONDO_grouped
22417,alopecia congenita keratosis palmoplantaris,disease,MONDO
4064,iris melanoma,disease,MONDO
3878,malignant choroid melanoma,disease,MONDO
16776,frontal fibrosing alopecia,disease,MONDO
2971_5208,amelanotic skin melanoma,disease,MONDO_grouped
1470,anal margin squamous cell carcinoma,disease,MONDO
21427,squamous cell carcinoma of lip,disease,MONDO
44638,hypopharynx squamous cell carcinoma,disease,MONDO
544,mucosal melanoma,disease,MONDO
136,keratosis follicularis spinulosa decalvans,disease,MONDO
17598,primary cutaneous anaplastic large cell lymphoma,disease,MONDO
18897,primary cutaneous CD30+ T-cell lymphoproliferative disease,disease,MONDO
11556_13876_13101_13102_13104_13105_13106,"basal cell carcinoma, susceptibility to",disease,MONDO_grouped
3865,acral lentiginous melanoma (disease),disease,MONDO
6749,mixed epithelioid and spindle cell melanoma,disease,MONDO
6596,photoallergic dermatitis,disease,MONDO
7101,familial primary localized cutaneous amyloidosis,disease,MONDO
4591,impetigo herpetiformis,disease,MONDO
16597,generalized pustular psoriasis,disease,MONDO
6618,vibratory urticaria,disease,MONDO
1698,tinea profunda,disease,MONDO
18346,ferro-cerebro-cutaneous syndrome,disease,MONDO
21034,genetic alopecia,disease,MONDO
5,"alopecia, isolated",disease,MONDO
17273,autosomal ichthyosis syndrome with fatal disease course,disease,MONDO
17272,autosomal ichthyosis syndrome with prominent neurologics signs,disease,MONDO
245,tinea imbricata,disease,MONDO
363,gummatous syphilis,disease,MONDO
535,tonsil squamous cell carcinoma,disease,MONDO
543,ovarian melanoma,disease,MONDO
6320,non-cutaneous melanoma,disease,MONDO
18898,primary cutaneous lymphoma,disease,MONDO
687,diffuse alopecia areata,disease,MONDO
24255,genetic skin disease,disease,MONDO
6325,ocular melanoma,disease,MONDO
928,eyelid melanoma,disease,MONDO
929,balloon cell malignant melanoma,disease,MONDO
930,nodular malignant melanoma,disease,MONDO
993,prostate squamous cell carcinoma,disease,MONDO
45070,digestive system melanoma,disease,MONDO
1192,esophageal melanoma,disease,MONDO
1260,cercarial dermatitis,disease,MONDO
24610,parasitic skin disease,disease,MONDO
1287,endometriosis in cutaneous scar,disease,MONDO
1337,inflamed seborrheic keratosis,disease,MONDO
1391,indeterminate leprosy,disease,MONDO
1419,trachea squamous cell carcinoma,disease,MONDO
1651,scrotum squamous cell carcinoma,disease,MONDO
1652,scrotum melanoma,disease,MONDO
1740,cornea squamous cell carcinoma,disease,MONDO
16747,primary melanoma of the central nervous system,disease,MONDO
1893,spinal cord melanoma,disease,MONDO
1984,candidal paronychia,disease,MONDO
1995,sphenoid sinus squamous cell carcinoma,disease,MONDO
44705,paranasal sinus squamous cell carcinoma,disease,MONDO
2096,malignant conjunctival melanoma,disease,MONDO
2136,eczematous dermatitis of eyelid,disease,MONDO
2138,allergic contact dermatitis of eyelid,disease,MONDO
2141,cutaneous undifferentiated pleomorphic sarcoma,disease,MONDO
2167,rectum malignant melanoma,disease,MONDO
2237,carbuncle,disease,MONDO
2291,cutaneous granular cell tumor,disease,MONDO
2293,cutaneous ganglioneuroma,disease,MONDO
2299_2298,cutaneous glomangioma,disease,MONDO_grouped
2301,frontal sinus squamous cell carcinoma,disease,MONDO
2416,ethmoid sinus squamous cell carcinoma,disease,MONDO
2523,cutaneous mucinosis,disease,MONDO
2655,cutaneous Paget disease,disease,MONDO
24609,vulvar squamous cell carcinoma,disease,MONDO
2760,bladder squamous cell carcinoma,disease,MONDO
6143,cervical squamous cell carcinoma,disease,MONDO
2764,urethra squamous cell carcinoma,disease,MONDO
44787,nasal cavity and paranasal sinus squamous cell carcinoma,disease,MONDO
2831,non-keratinizing sinonasal squamous cell carcinoma,disease,MONDO
2935,penis basal cell carcinoma,disease,MONDO
2936,scrotum basal cell carcinoma,disease,MONDO
2937,nodular basal cell carcinoma,disease,MONDO
2938,metatypical basal cell carcinoma,disease,MONDO
2940,anal margin basal cell carcinoma,disease,MONDO
2942,sebaceous basal cell carcinoma,disease,MONDO
2943,external ear basal cell carcinoma,disease,MONDO
3501,external ear squamous cell carcinoma,disease,MONDO
2945,micronodular basal cell carcinoma,disease,MONDO
2948,skin fibroepithelial basal cell carcinoma,disease,MONDO
2949,morpheaform basal cell carcinoma,disease,MONDO
2950,skin clear cell basal cell carcinoma,disease,MONDO
2951,skin adenoid basal cell carcinoma,disease,MONDO
2952,follicular basal cell carcinoma,disease,MONDO
2953,skin infiltrative basal cell carcinoma,disease,MONDO
2955,vulva basal cell carcinoma,disease,MONDO
2957,sarcomatoid basal cell carcinoma,disease,MONDO
21663,sarcomatoid squamous cell carcinoma,disease,MONDO
2958,signet ring basal cell carcinoma,disease,MONDO
2973,epithelioid cell melanoma,disease,MONDO
2975,malignant breast melanoma,disease,MONDO
2987,spongiotic dermatitis,disease,MONDO
2988,cervix melanoma,disease,MONDO
3091,cutaneous mucoepidermoid carcinoma,disease,MONDO
3180,cutaneous adenocystic carcinoma,disease,MONDO
3486,basaloid squamous cell carcinoma,disease,MONDO
3487,pseudoglandular squamous cell carcinoma,disease,MONDO
3490,ampulla of vater squamous cell carcinoma,disease,MONDO
18509,squamous cell carcinoma of the small intestine,disease,MONDO
6203,extrahepatic bile duct squamous cell carcinoma,disease,MONDO
3492,lacrimal gland squamous cell carcinoma,disease,MONDO
3493,thymus squamous cell carcinoma,disease,MONDO
3494,ovarian squamous cell carcinoma,disease,MONDO
3497,renal pelvis squamous cell carcinoma,disease,MONDO
5056,keratinizing squamous cell carcinoma,disease,MONDO
3502,ureter squamous cell carcinoma,disease,MONDO
3503,fallopian tube squamous cell carcinoma,disease,MONDO
4053,bartholin gland squamous cell carcinoma,disease,MONDO
6198,endometrial squamous cell carcinoma,disease,MONDO
3600,cutaneous liposarcoma,disease,MONDO
3714,bladder urachal squamous cell carcinoma,disease,MONDO
6427,spindle cell melanoma,disease,MONDO
3744,spindle cell intraocular melanoma,disease,MONDO
3745,choroid spindle cell melanoma,disease,MONDO
3912,malignant ciliary body melanoma,disease,MONDO
3746,ciliary body spindle cell melanoma,disease,MONDO
4188,iris spindle cell melanoma,disease,MONDO
3761_3765,leptomeningeal melanoma,disease,MONDO_grouped
3764,pediatric leptomeningeal melanoma,disease,MONDO
42494,childhood malignant melanoma,disease,MONDO
3904,lung occult squamous cell carcinoma,disease,MONDO
3910,mixed cell uveal melanoma,disease,MONDO
3911,ciliary body mixed cell melanoma,disease,MONDO
3913,choroid mixed cell melanoma,disease,MONDO
3927,posterior uveal melanoma,disease,MONDO
6603,reactive cutaneous fibrous lesion,disease,MONDO
18515,squamous cell carcinoma of rectum,disease,MONDO
4062,intermediate cell type uveal melanoma,disease,MONDO
4063,intermediate cell type iris melanoma,disease,MONDO
4065,intermediate cell type choroid melanoma,disease,MONDO
4066,intermediate cell type ciliary body melanoma,disease,MONDO
4080,glottis squamous cell carcinoma,disease,MONDO
4085,choroid epithelioid cell melanoma,disease,MONDO
6200,epithelioid cell uveal melanoma,disease,MONDO
4086,ciliary body epithelioid cell melanoma,disease,MONDO
20656,human papillomavirus-related penile squamous cell carcinoma,disease,MONDO
4090,vulvar basaloid squamous cell carcinoma,disease,MONDO
4100,lung mixed small cell and squamous cell carcinoma,disease,MONDO
4199,vulvar keratinizing squamous cell carcinoma,disease,MONDO
4213,vulvar non-keratinizing squamous cell carcinoma,disease,MONDO
4239,cervical keratinizing squamous cell carcinoma,disease,MONDO
4291,subglottis squamous cell carcinoma,disease,MONDO
4293,supraglottis squamous cell carcinoma,disease,MONDO
4314,malignant cutaneous granular cell skin tumor,disease,MONDO
4364,choroid necrotic melanoma,disease,MONDO
4365,necrotic uveal melanoma,disease,MONDO
4394,maxillary sinus squamous cell carcinoma,disease,MONDO
4410,sarcomatoid penile squamous cell carcinoma,disease,MONDO
4413,cervical non-keratinizing squamous cell carcinoma,disease,MONDO
4430,penis mixed squamous cell carcinoma,disease,MONDO
4469,pseudovascular skin squamous cell carcinoma,disease,MONDO
4484,gallbladder melanoma,disease,MONDO
4550,malignant cornea melanoma,disease,MONDO
4552,microinvasive cervical squamous cell carcinoma,disease,MONDO
4561,retinal melanoma,disease,MONDO
4677,tinea nigra,disease,MONDO
4856,rosacea conjunctivitis,disease,MONDO
4911,cardiovascular syphilis,disease,MONDO
44710,lip and oral cavity squamous cell carcinoma,disease,MONDO
5125,borderline leprosy,disease,MONDO
5126,tuberculoid leprosy,disease,MONDO
5127,lepromatous leprosy,disease,MONDO
21208,endocrine alopecia,disease,MONDO
5481,contact dermatitis due to nickel,disease,MONDO
5483,chemotherapy-induced alopecia,disease,MONDO
5594,severe cutaneous adverse reaction,disease,MONDO
18521,squamous cell carcinoma of pancreas,disease,MONDO
5792,herpes simplex virus gingivostomatitis,disease,MONDO
5830,lumpy skin disease,disease,MONDO
5855,molluscum contagiosum,disease,MONDO
6230,gastric squamous cell carcinoma,disease,MONDO
6059,nasal cavity squamous cell carcinoma,disease,MONDO
6081,anal melanoma,disease,MONDO
6165,colorectal squamous cell carcinoma,disease,MONDO
6173,conjunctival squamous cell carcinoma,disease,MONDO
6220,gallbladder squamous cell carcinoma,disease,MONDO
6303,middle ear squamous cell carcinoma,disease,MONDO
6326,ocular melanoma with extraocular extension,disease,MONDO
44740,salivary gland squamous cell carcinoma,disease,MONDO
6358,parotid gland squamous cell carcinoma,disease,MONDO
15818,aggressive primary cutaneous B-cell lymphoma,disease,MONDO
6385,primary intraosseous squamous cell carcinoma,disease,MONDO
6470,tonsillar squamous cell carcinoma,disease,MONDO
6489,vaginal melanoma,disease,MONDO
6490,vaginal squamous cell carcinoma,disease,MONDO
6514,recalcitrant atopic dermatitis,disease,MONDO
6534,cholinergic urticaria,disease,MONDO
6551,alopecia mucinosa,disease,MONDO
21653,cutaneous focal mucinosis,disease,MONDO
6555,granulomatous dermatitis,disease,MONDO
6571,lichen nitidus,disease,MONDO
19337,autoimmune bullous skin disease,disease,MONDO
6601,pityriasis rosea,disease,MONDO
6616,toxicodendron dermatitis,disease,MONDO
6621,vulvar inverted follicular keratosis,disease,MONDO
6622,vulvar seborrheic keratosis,disease,MONDO
6881,orbital cellulitis,disease,MONDO
17266,keratinopathic ichthyosis,disease,MONDO
19299,unclassified genetic skin disorder,disease,MONDO
17274,autosomal ichthyosis syndrome with other associated signs,disease,MONDO
24462,familial cutaneous melanoma,disease,MONDO
7968,melanoma tumor antigen Gp90,disease,MONDO
8902,camptodactyly-ichthyosis syndrome,disease,MONDO
9442,ichthyosis congenita with biliary atresia,disease,MONDO
17271,autosomal ichthyosis syndrome with prominent hair abnormalities,disease,MONDO
10223,"ichthyosis, X-linked, without steroid sulfatase deficiency",disease,MONDO
11228,"creases, infra-auricular cutaneous, with tall stature and advanced bone age",disease,MONDO
11465,infundibulocystic basal cell carcinoma,disease,MONDO
11695_11696,"melanoma, uveal, susceptibility to",disease,MONDO_grouped
20702_44742,epidermolytic ichthyosis,disease,MONDO_grouped
12047,"alopecia universalis congenita, 10Y gonadal dysgenesis, and laryngomalacia",disease,MONDO
18827,familial chilblain lupus,disease,MONDO
25513,autoimmune urticaria,disease,MONDO
15302,nodular cutaneous amyloidosis,disease,MONDO
20568,cutaneous myiasis,disease,MONDO
18432_19446_19447_19578,lichen myxedematosus,disease,MONDO_grouped
15694,malignant melanoma of the mucosa,disease,MONDO
15816,indolent primary cutaneous T-cell lymphoma,disease,MONDO
15817,aggressive primary cutaneous T-cell lymphoma,disease,MONDO
15819,indolent primary cutaneous B-cell lymphoma,disease,MONDO
15813,primary cutaneous marginal zone B-cell lymphoma,disease,MONDO
15814,primary cutaneous follicle center lymphoma,disease,MONDO
15820,primary cutaneous B-cell lymphoma,disease,MONDO
16771_16772_16773,annular atrophic lichen planus,disease,MONDO_grouped
16774,lichen planus pigmentosus,disease,MONDO
17270,autosomal ichthyosis syndrome,disease,MONDO
17326,infective dermatitis associated with HTLV-1,disease,MONDO
17332,pyoderma gangrenosum-acne-suppurative hidradenitis syndrome,disease,MONDO
17395,fixed pigmented erythema,disease,MONDO
17606,facial nerve palsy due to herpes zoster infection,disease,MONDO
18107,idiopathic recurrent and disabling cutaneous herpes,disease,MONDO
18181,staphylococcal scalded skin syndrome,disease,MONDO
18361,neonatal scleroderma,disease,MONDO
18586,zinc-responsive necrolytic acral erythema,disease,MONDO
18679,primary cutaneous plasmacytosis,disease,MONDO
18680,cutaneous pseudolymphoma,disease,MONDO
18688,anti-p200 pemphigoid,disease,MONDO
18708,squamous cell carcinoma of the oral tongue,disease,MONDO
19317,follicular atrophoderma-basal cell carcinoma,disease,MONDO
19322,pemphigus vegetans,disease,MONDO
19559,hypertrophic or verrucous lupus erythematosus,disease,MONDO
19579,discrete papular lichen myxedematosus,disease,MONDO
19583,localized lichen myxedematosus with mixed features of different subtypes,disease,MONDO
19584,localized lichen myxedematosus with monoclonal gammopathy or systemic symptoms,disease,MONDO
19971,melanoma of soft tissue,disease,MONDO
20638,superficial spreading melanoma,disease,MONDO
20657,human papillomavirus-related squamous cell carcinoma,disease,MONDO
20760,skin squamous cell carcinoma in situ,disease,MONDO
21033_21032,herpes zoster dermatitis,disease,MONDO_grouped
21377,hypertrophic lichen planus,disease,MONDO
21429,squamous cell carcinoma of floor of mouth,disease,MONDO
21431,squamous cell carcinoma of buccal mucosa,disease,MONDO
21607,eyelid seborrheic keratosis,disease,MONDO
21654,diffuse cutaneous mucinosis,disease,MONDO
21739,prurigo,disease,MONDO
21849,alopecia macular degeneration growth retardation syndrome,disease,MONDO
21851,alopecia universalis onychodystrophy vitiligo,disease,MONDO
21913,aquagenic pruritus,disease,MONDO
21952,autoimmune progesterone dermatitis,disease,MONDO
22623,CDK4 linked melanoma,disease,MONDO
22770,circumscribed cutaneous aplasia of the vertex,disease,MONDO
22771,circumscribed disseminated keratosis Jadassohn lew type,disease,MONDO
22799,cold urticaria,disease,MONDO
22865,corneal dystrophy ichthyosis microcephaly intellectual disability,disease,MONDO
22892,craniosynostosis alopecia brain defect,disease,MONDO
22907,cutaneous sclerosis,disease,MONDO
23043,ectodermal dysplasia alopecia preaxial polydactyly,disease,MONDO
23076,eosinophilic pustular folliculitis,disease,MONDO
23167,focal alopecia congenital megalencephaly,disease,MONDO
23221,Gaucher ichthyosis restrictive dermopathy,disease,MONDO
23619,lentigo maligna melanoma,disease,MONDO
23868,melanoma associated retinopathy,disease,MONDO
24283,Demodex folliculitis,disease,MONDO
24414,anaerobic cellulitis,disease,MONDO
24863,small size posterior uveal melanoma,disease,MONDO
24864,medium/large size posterior uveal melanoma,disease,MONDO
25030,digital dermatitis in cattle,disease,MONDO
26045,prurigo nodularis,disease,MONDO
34127,IgA pemphigus,disease,MONDO
43094,"ichthyosis, follicular",disease,MONDO
43254,papular urticaria,disease,MONDO
43257,pemphigus and fogo selvagem,disease,MONDO
43468,acne keloid,disease,MONDO
43904,"leishmaniasis, diffuse cutaneous",disease,MONDO
43988,zoster sine herpete,disease,MONDO
44113,bullous systemic lupus erythematosus,disease,MONDO
44785,desmoplastic melanoma,disease,MONDO
44907,metastatic squamous cell carcinoma,disease,MONDO
100113,hearing loss with skin disease,disease,MONDO
DB01153,Sertaconazole,drug,DrugBank
DB01086,Benzocaine,drug,DrugBank
DB00857,Terbinafine,drug,DrugBank
DB00196,Fluconazole,drug,DrugBank
DB00793,Haloprogin,drug,DrugBank
DB00936,Salicylic acid,drug,DrugBank
DB00735,Naftifine,drug,DrugBank
DB01026,Ketoconazole,drug,DrugBank
DB00239,Oxiconazole,drug,DrugBank
DB06820,Sulconazole,drug,DrugBank
DB00741,Hydrocortisone,drug,DrugBank
DB01380,Cortisone acetate,drug,DrugBank
DB00443,Betamethasone,drug,DrugBank
DB01188,Ciclopirox,drug,DrugBank
DB01127,Econazole,drug,DrugBank
DB00525,Tolnaftate,drug,DrugBank
DB00257,Clotrimazole,drug,DrugBank
DB01110,Miconazole,drug,DrugBank
DB08933,Luliconazole,drug,DrugBank
DB09345,Pramocaine,drug,DrugBank
DB09321,Zinc oxide,drug,DrugBank
DB04815,Clioquinol,drug,DrugBank
DB00400,Griseofulvin,drug,DrugBank
DB11117,Undecylenic acid,drug,DrugBank
DB01091,Butenafine,drug,DrugBank
DB00724,Imiquimod,drug,DrugBank
DB00544,Fluorouracil,drug,DrugBank
DB05013,Ingenol mebutate,drug,DrugBank
DB00179,Masoprocol,drug,DrugBank
DB00586,Diclofenac,drug,DrugBank
DB00855,Aminolevulinic acid,drug,DrugBank
DB00938,Salmeterol,drug,DrugBank
DB14512,Mometasone furoate,drug,DrugBank
DB00959,Methylprednisolone,drug,DrugBank
DB00588,Fluticasone propionate,drug,DrugBank
DB00983,Formoterol,drug,DrugBank
DB00432,Trifluridine,drug,DrugBank
DB02703,Fusidic acid,drug,DrugBank
DB00591,Fluocinolone acetonide,drug,DrugBank
DB01260,Desonide,drug,DrugBank
DB00394,Beclomethasone dipropionate,drug,DrugBank
DB00249,Idoxuridine,drug,DrugBank
DB00635,Prednisone,drug,DrugBank
DB15566,Prednisolone acetate,drug,DrugBank
DB01222,Budesonide,drug,DrugBank
DB00860,Prednisolone,drug,DrugBank
DB14539,Hydrocortisone acetate,drug,DrugBank
DB01234,Dexamethasone,drug,DrugBank
DB00896,Rimexolone,drug,DrugBank
DB00324,Fluorometholone,drug,DrugBank
DB08906,Fluticasone furoate,drug,DrugBank
DB00180,Flunisolide,drug,DrugBank
DB00684,Tobramycin,drug,DrugBank
DB00634,Sulfacetamide,drug,DrugBank
DB00626,Bacitracin,drug,DrugBank
DB00281,Lidocaine,drug,DrugBank
DB01410,Ciclesonide,drug,DrugBank
DB00620,Triamcinolone,drug,DrugBank
DB00672,Chlorpropamide,drug,DrugBank
DB00222,Glimepiride,drug,DrugBank
DB00279,Liothyronine,drug,DrugBank
DB00331,Metformin,drug,DrugBank
DB01124,Tolbutamide,drug,DrugBank
DB00624,Testosterone,drug,DrugBank
DB06768,Ammonium lactate,drug,DrugBank
DB00451,Levothyroxine,drug,DrugBank
DB01261,Sitagliptin,drug,DrugBank
DB00547,Desoximetasone,drug,DrugBank
DB06335,Saxagliptin,drug,DrugBank
DB01047,Fluocinonide,drug,DrugBank
DB01067,Glipizide,drug,DrugBank
DB08869,Tesamorelin,drug,DrugBank
DB00663,Flumethasone,drug,DrugBank
DB00912,Repaglinide,drug,DrugBank
DB00412,Rosiglitazone,drug,DrugBank
DB00839,Tolazamide,drug,DrugBank
DB01132,Pioglitazone,drug,DrugBank
DB00731,Nateglinide,drug,DrugBank
DB01016,Glyburide,drug,DrugBank
DB03793,Benzoic acid,drug,DrugBank
DB00859,Penicillamine,drug,DrugBank
DB00993,Azathioprine,drug,DrugBank
DB02362,Aminobenzoic acid,drug,DrugBank
DB00970,Dactinomycin,drug,DrugBank
DB09096,Benzoyl peroxide,drug,DrugBank
DB05219,Crisaborole,drug,DrugBank
DB00341,Cetirizine,drug,DrugBank
DB09115,Diiodohydroxyquinoline,drug,DrugBank
DB01130,Prednicarbate,drug,DrugBank
DB00557,Hydroxyzine,drug,DrugBank
DB00431,Lindane,drug,DrugBank
DB03904,Urea,drug,DrugBank
DB07615,Tranilast,drug,DrugBank
DB00288,Amcinonide,drug,DrugBank
DB06786,Halcinonide,drug,DrugBank
DB00755,Tretinoin,drug,DrugBank
DB01013,Clobetasol propionate,drug,DrugBank
DB01190,Clindamycin,drug,DrugBank
DB01142,Doxepin,drug,DrugBank
DB00846,Flurandrenolide,drug,DrugBank
DB00337,Pimecrolimus,drug,DrugBank
DB06282,Levocetirizine,drug,DrugBank
DB00410,Mupirocin,drug,DrugBank
DB12159,Dupilumab,drug,DrugBank
DB00864,Tacrolimus,drug,DrugBank
DB00492,Fosinopril,drug,DrugBank
DB13956,Estradiol valerate,drug,DrugBank
DB01320,Fosphenytoin,drug,DrugBank
DB00381,Amlodipine,drug,DrugBank
DB00178,Ramipril,drug,DrugBank
DB00542,Benazepril,drug,DrugBank
DB01275,Hydralazine,drug,DrugBank
DB00754,Ethotoin,drug,DrugBank
DB00881,Quinapril,drug,DrugBank
DB00250,Dapsone,drug,DrugBank
DB00367,Levonorgestrel,drug,DrugBank
DB00593,Ethosuximide,drug,DrugBank
DB05246,Methsuximide,drug,DrugBank
DB00310,Chlorthalidone,drug,DrugBank
DB00722,Lisinopril,drug,DrugBank
DB01185,Fluoxymesterone,drug,DrugBank
DB00436,Bendroflumethiazide,drug,DrugBank
DB01065,Melatonin,drug,DrugBank
DB00150,Tryptophan,drug,DrugBank
DB00603,Medroxyprogesterone acetate,drug,DrugBank
DB13719,Trolnitrate,drug,DrugBank
DB00717,Norethisterone,drug,DrugBank
DB01395,Drospirenone,drug,DrugBank
DB00612,Bisoprolol,drug,DrugBank
DB09123,Dienogest,drug,DrugBank
DB00165,Pyridoxine,drug,DrugBank
DB01197,Captopril,drug,DrugBank
DB00721,Procaine,drug,DrugBank
DB00563,Methotrexate,drug,DrugBank
DB00880,Chlorothiazide,drug,DrugBank
DB00999,Hydrochlorothiazide,drug,DrugBank
DB00475,Chlordiazepoxide,drug,DrugBank
DB13943,Testosterone cypionate,drug,DrugBank
DB06710,Methyltestosterone,drug,DrugBank
DB00396,Progesterone,drug,DrugBank
DB00977,Ethinylestradiol,drug,DrugBank
DB00371,Meprobamate,drug,DrugBank
DB00252,Phenytoin,drug,DrugBank
DB00269,Chlorotrianisene,drug,DrugBank
DB00255,Diethylstilbestrol,drug,DrugBank
DB00968,Methyldopa,drug,DrugBank
DB01170,Guanethidine,drug,DrugBank
DB00294,Etonogestrel,drug,DrugBank
DB00304,Desogestrel,drug,DrugBank
DB00695,Furosemide,drug,DrugBank
DB00608,Chloroquine,drug,DrugBank
DB06713,Norelgestromin,drug,DrugBank
DB01708,Prasterone,drug,DrugBank
DB00655,Estrone,drug,DrugBank
DB00571,Propranolol,drug,DrugBank
DB00421,Spironolactone,drug,DrugBank
DB00264,Metoprolol,drug,DrugBank
DB01035,Procainamide,drug,DrugBank
DB00126,Ascorbic acid,drug,DrugBank
DB00206,Reserpine,drug,DrugBank
DB00783,Estradiol,drug,DrugBank
DB01174,Phenobarbital,drug,DrugBank
DB00982,Isotretinoin,drug,DrugBank
DB11248,Zinc gluconate,drug,DrugBank
DB01203,Nadolol,drug,DrugBank
DB00575,Clonidine,drug,DrugBank
DB00384,Triamterene,drug,DrugBank
DB00605,Sulindac,drug,DrugBank
DB00598,Labetalol,drug,DrugBank
DB08879,Belimumab,drug,DrugBank
DB00957,Norgestimate,drug,DrugBank
DB00995,Auranofin,drug,DrugBank
DB11256,Levomefolic acid,drug,DrugBank
DB13944,Testosterone enanthate,drug,DrugBank
DB13954,Estradiol cypionate,drug,DrugBank
DB00553,Methoxsalen,drug,DrugBank
DB00335,Atenolol,drug,DrugBank
DB00373,Timolol,drug,DrugBank
DB00594,Amiloride,drug,DrugBank
DB00524,Metolazone,drug,DrugBank
DB09026,Aliskiren,drug,DrugBank
DB01050,Ibuprofen,drug,DrugBank
DB04575,Quinestrol,drug,DrugBank
DB00796,Candesartan cilexetil,drug,DrugBank
DB00966,Telmisartan,drug,DrugBank
DB01029,Irbesartan,drug,DrugBank
DB00177,Valsartan,drug,DrugBank
DB00232,Methyclothiazide,drug,DrugBank
DB00876,Eprosartan,drug,DrugBank
DB01089,Deserpidine,drug,DrugBank
DB09121,Aurothioglucose,drug,DrugBank
DB01611,Hydroxychloroquine,drug,DrugBank
DB00678,Losartan,drug,DrugBank
DB00691,Moexipril,drug,DrugBank
DB06770,Benzyl alcohol,drug,DrugBank
DB00570,Vinblastine,drug,DrugBank
DB01168,Procarbazine,drug,DrugBank
DB01204,Mitoxantrone,drug,DrugBank
DB00541,Vincristine,drug,DrugBank
DB01008,Busulfan,drug,DrugBank
DB00997,Doxorubicin,drug,DrugBank
DB00694,Daunorubicin,drug,DrugBank
DB00428,Streptozocin,drug,DrugBank
DB00262,Carmustine,drug,DrugBank
DB00987,Cytarabine,drug,DrugBank
DB01206,Lomustine,drug,DrugBank
DB00631,Clofarabine,drug,DrugBank
DB00199,Erythromycin,drug,DrugBank
DB00210,Adapalene,drug,DrugBank
DB00523,Alitretinoin,drug,DrugBank
DB00888,Mechlorethamine,drug,DrugBank
DB00531,Cyclophosphamide,drug,DrugBank
DB00291,Chlorambucil,drug,DrugBank
DB12498,Mogamulizumab,drug,DrugBank
DB00290,Bleomycin,drug,DrugBank
DB02701,Nicotinamide,drug,DrugBank
DB01620,Pheniramine,drug,DrugBank
DB06715,Potassium Iodide,drug,DrugBank
DB00318,Codeine,drug,DrugBank
DB00388,Phenylephrine,drug,DrugBank
DB00277,Theophylline,drug,DrugBank
DB01364,Ephedrine,drug,DrugBank
DB00891,Sulfapyridine,drug,DrugBank
DB01114,Chlorpheniramine,drug,DrugBank
DB00514,Dextromethorphan,drug,DrugBank
DB11100,Allantoin,drug,DrugBank
DB14507,Lithium citrate,drug,DrugBank
DB05679,Ustekinumab,drug,DrugBank
DB11118,Ammonia,drug,DrugBank
DB00195,Betaxolol,drug,DrugBank
DB00908,Quinidine,drug,DrugBank
DB14509,Lithium carbonate,drug,DrugBank
DB00926,Etretinate,drug,DrugBank
DB01193,Acebutolol,drug,DrugBank
DB01229,Paclitaxel,drug,DrugBank
DB14762,Risankizumab,drug,DrugBank
DB00799,Tazarotene,drug,DrugBank
DB11157,Anthralin,drug,DrugBank
DB02300,Calcipotriol,drug,DrugBank
DB06824,Triethylenetetramine,drug,DrugBank
DB01677,Fumaric Acid,drug,DrugBank
DB03166,Acetic acid,drug,DrugBank
DB00787,Acyclovir,drug,DrugBank
DB00688,Mycophenolate mofetil,drug,DrugBank
DB03255,Phenol,drug,DrugBank
DB00803,Colistin,drug,DrugBank
DB00638,Inulin,drug,DrugBank
DB01022,Phylloquinone,drug,DrugBank
DB13231,Calcium lactate,drug,DrugBank
DB00175,Pravastatin,drug,DrugBank
DB09407,Magnesium chloride,drug,DrugBank
DB09414,Dipotassium phosphate,drug,DrugBank
DB09322,Zinc sulfate,drug,DrugBank
DB00927,Famotidine,drug,DrugBank
DB09325,Sodium fluoride,drug,DrugBank
DB00761,Potassium chloride,drug,DrugBank
DB00125,Arginine,drug,DrugBank
DB00167,Isoleucine,drug,DrugBank
DB00117,Histidine,drug,DrugBank
DB00900,Didanosine,drug,DrugBank
DB00162,Vitamin A,drug,DrugBank
DB00169,Cholecalciferol,drug,DrugBank
DB01070,Dihydrotachysterol,drug,DrugBank
DB00630,Alendronic acid,drug,DrugBank
DB00120,Phenylalanine,drug,DrugBank
DB00134,Methionine,drug,DrugBank
DB00258,Calcium acetate,drug,DrugBank
DB00149,Leucine,drug,DrugBank
DB00158,Folic acid,drug,DrugBank
DB00121,Biotin,drug,DrugBank
DB00123,L-Lysine,drug,DrugBank
DB00142,Glutamic acid,drug,DrugBank
DB00133,Serine,drug,DrugBank
DB00160,Alanine,drug,DrugBank
DB00145,Glycine,drug,DrugBank
DB09481,Magnesium carbonate,drug,DrugBank
DB00153,Ergocalciferol,drug,DrugBank
DB00811,Ribavirin,drug,DrugBank
DB01296,Glucosamine,drug,DrugBank
DB11110,Magnesium citrate,drug,DrugBank
DB00136,Calcitriol,drug,DrugBank
DB11126,Calcium gluconate,drug,DrugBank
DB00326,Calcium glucoheptonate,drug,DrugBank
DB11264,Calcium glycerophosphate,drug,DrugBank
DB00146,Calcifediol,drug,DrugBank
DB14086,Cianidanol,drug,DrugBank
DB00172,Proline,drug,DrugBank
DB11255,Chromium picolinate,drug,DrugBank
DB14491,Ferrous fumarate,drug,DrugBank
DB01377,Magnesium oxide,drug,DrugBank
DB09104,Magnesium hydroxide,drug,DrugBank
DB09395,Sodium acetate,drug,DrugBank
DB00884,Risedronic acid,drug,DrugBank
DB09484,Sodium fluorophosphate,drug,DrugBank
DB01164,Calcium chloride,drug,DrugBank
DB00105,Interferon alfa-2b,drug,DrugBank
DB00915,Amantadine,drug,DrugBank
DB01235,Levodopa,drug,DrugBank
DB00309,Vindesine,drug,DrugBank
DB00190,Carbidopa,drug,DrugBank
DB01037,Selegiline,drug,DrugBank
DB01367,Rasagiline,drug,DrugBank
DB00323,Tolcapone,drug,DrugBank
DB00494,Entacapone,drug,DrugBank
DB01005,Hydroxyurea,drug,DrugBank
DB13896,Talimogene laherparepvec,drug,DrugBank
DB00413,Pramipexole,drug,DrugBank
DB12808,Trifarotene,drug,DrugBank
DB00759,Tetracycline,drug,DrugBank
DB00254,Doxycycline,drug,DrugBank
DB13368,Motretinide,drug,DrugBank
DB12924,Ozenoxacin,drug,DrugBank
DB13092,Meclocycline,drug,DrugBank
DB00681,Amphotericin B,drug,DrugBank
DB12447,Nadifloxacin,drug,DrugBank
DB00548,Azelaic acid,drug,DrugBank
DB11085,Resorcinol,drug,DrugBank
DB12035,Sarecycline,drug,DrugBank
DB01017,Minocycline,drug,DrugBank
DB13178,Inositol,drug,DrugBank
DB08949,Inositol nicotinate,drug,DrugBank
DB00184,Nicotine,drug,DrugBank
DB04145,Nicotinyl alcohol,drug,DrugBank
DB14123,Racementhol,drug,DrugBank
DB01243,Chloroxine,drug,DrugBank
DB00971,Selenium Sulfide,drug,DrugBank
DB11148,Butamben,drug,DrugBank
DB09085,Tetracaine,drug,DrugBank
DB00527,Cinchocaine,drug,DrugBank
DB09357,Dexpanthenol,drug,DrugBank
DB00497,Oxycodone,drug,DrugBank
DB14156,Synthetic camphor,drug,DrugBank
DB06243,Eflornithine,drug,DrugBank
DB00129,Ornithine,drug,DrugBank
DB00645,Dyclonine,drug,DrugBank
DB14487,Zinc acetate,drug,DrugBank
DB00916,Metronidazole,drug,DrugBank
DB00297,Bupivacaine,drug,DrugBank
DB00871,Terbutaline,drug,DrugBank
DB01256,Retapamulin,drug,DrugBank
DB14518,Aluminum acetate,drug,DrugBank
DB00772,Malathion,drug,DrugBank
DB15580,Climbazole,drug,DrugBank
DB11081,Aluminum chloride,drug,DrugBank
DB09350,Piperonyl butoxide,drug,DrugBank
DB00265,Crotamiton,drug,DrugBank
DB09143,Sonidegib,drug,DrugBank
DB08828,Vismodegib,drug,DrugBank
DB05578,Ramucirumab,drug,DrugBank
DB08896,Regorafenib,drug,DrugBank
DB00398,Sorafenib,drug,DrugBank
DB09035,Nivolumab,drug,DrugBank
DB05239,Cobimetinib,drug,DrugBank
DB08911,Trametinib,drug,DrugBank
DB00853,Temozolomide,drug,DrugBank
DB11967,Binimetinib,drug,DrugBank
DB06186,Ipilimumab,drug,DrugBank
DB00851,Dacarbazine,drug,DrugBank
DB09037,Pembrolizumab,drug,DrugBank
DB11718,Encorafenib,drug,DrugBank
DB08912,Dabrafenib,drug,DrugBank
DB00041,Aldesleukin,drug,DrugBank
DB00847,Cysteamine,drug,DrugBank
DB06774,Capsaicin,drug,DrugBank
DB09543,Methyl salicylate,drug,DrugBank
DB01123,Proflavine,drug,DrugBank
DB13684,Omoconazole,drug,DrugBank
DB00646,Nystatin,drug,DrugBank
DB11160,Phenyltoloxamine,drug,DrugBank
DB06691,Mepyramine,drug,DrugBank
DB00792,Tripelennamine,drug,DrugBank
DB04819,Methapyrilene,drug,DrugBank
DB08799,Antazoline,drug,DrugBank
DB01084,Emedastine,drug,DrugBank
DB00835,Brompheniramine,drug,DrugBank
DB01246,Alimemazine,drug,DrugBank
DB00950,Fexofenadine,drug,DrugBank
DB01619,Phenindamine,drug,DrugBank
DB00455,Loratadine,drug,DrugBank
DB00637,Astemizole,drug,DrugBank
DB01069,Promethazine,drug,DrugBank
DB00420,Promazine,drug,DrugBank
DB00501,Cimetidine,drug,DrugBank
DB00342,Terfenadine,drug,DrugBank
DB13489,Bamipine,drug,DrugBank
DB00748,Carbinoxamine,drug,DrugBank
DB00427,Triprolidine,drug,DrugBank
DB00366,Doxylamine,drug,DrugBank
DB00719,Azatadine,drug,DrugBank
DB13679,Dexchlorpheniramine,drug,DrugBank
DB11591,Bilastine,drug,DrugBank
DB00902,Methdilazine,drug,DrugBank
DB11614,Rupatadine,drug,DrugBank
DB00283,Clemastine,drug,DrugBank
DB01146,Diphenylpyraline,drug,DrugBank
DB00405,Dexbrompheniramine,drug,DrugBank
DB00434,Cyproheptadine,drug,DrugBank
DB01167,Itraconazole,drug,DrugBank
DB09041,Tavaborole,drug,DrugBank
DB09040,Efinaconazole,drug,DrugBank
DB11742,Ebastine,drug,DrugBank
DB01151,Desipramine,drug,DrugBank
DB00043,Omalizumab,drug,DrugBank
DB00967,Desloratadine,drug,DrugBank
DB00238,Nevirapine,drug,DrugBank
DB00359,Sulfadiazine,drug,DrugBank
DB00795,Sulfasalazine,drug,DrugBank
DB00559,Bosentan,drug,DrugBank
DB01165,Ofloxacin,drug,DrugBank
DB00671,Cefixime,drug,DrugBank
DB00467,Enoxacin,drug,DrugBank
DB01212,Ceftriaxone,drug,DrugBank
DB01059,Norfloxacin,drug,DrugBank
DB00415,Ampicillin,drug,DrugBank
DB01332,Ceftizoxime,drug,DrugBank
DB01112,Cefuroxime,drug,DrugBank
DB00948,Mezlocillin,drug,DrugBank
DB01602,Bacampicillin,drug,DrugBank
DB01331,Cefoxitin,drug,DrugBank
DB00919,Spectinomycin,drug,DrugBank
DB00618,Demeclocycline,drug,DrugBank
DB00365,Grepafloxacin,drug,DrugBank
DB12020,Tecovirimat,drug,DrugBank
DB13434,Fenticonazole,drug,DrugBank
DB00251,Terconazole,drug,DrugBank
DB01007,Tioconazole,drug,DrugBank
DB00259,Sulfanilamide,drug,DrugBank
DB00537,Ciprofloxacin,drug,DrugBank
DB01597,Cilastatin,drug,DrugBank
DB01598,Imipenem,drug,DrugBank
DB01053,Benzylpenicillin,drug,DrugBank
DB00512,Vancomycin,drug,DrugBank
DB01045,Rifampicin,drug,DrugBank
DB09042,Tedizolid phosphate,drug,DrugBank
DB00446,Chloramphenicol,drug,DrugBank
DB12455,Omadacycline,drug,DrugBank
DB11943,Delafloxacin,drug,DrugBank
DB06219,Dalbavancin,drug,DrugBank
DB04911,Oritavancin,drug,DrugBank
DB05659,Faropenem medoxomil,drug,DrugBank
DB12190,Faropenem,drug,DrugBank
DB11701,Amenamevir,drug,DrugBank
DB00426,Famciclovir,drug,DrugBank
DB00459,Acitretin,drug,DrugBank
DB06603,Panobinostat,drug,DrugBank
DB00004,Denileukin diftitox,drug,DrugBank
DB00307,Bexarotene,drug,DrugBank
DB02546,Vorinostat,drug,DrugBank
DB06176,Romidepsin,drug,DrugBank
DB01103,Quinacrine,drug,DrugBank
DB01041,Thalidomide,drug,DrugBank
DB09516,Mequinol,drug,DrugBank
DB09526,Hydroquinone,drug,DrugBank
DB01004,Ganciclovir,drug,DrugBank
DB14596,Loteprednol etabonate,drug,DrugBank
DB00870,Suprofen,drug,DrugBank
DB06781,Difluprednate,drug,DrugBank
DB00484,Brimonidine,drug,DrugBank
DB00253,Medrysone,drug,DrugBank
DB00595,Oxytetracycline,drug,DrugBank
DB09093,Chlortetracycline,drug,DrugBank
DB00609,Ethionamide,drug,DrugBank
DB00845,Clofazimine,drug,DrugBank
DB09320,Procaine benzylpenicillin,drug,DrugBank
DB14533,Zinc chloride,drug,DrugBank
DB06185,Forodesine,drug,DrugBank
DB06813,Pralatrexate,drug,DrugBank
DB00526,Oxaliplatin,drug,DrugBank
DB09010,Carmofur,drug,DrugBank
DB00328,Indomethacin,drug,DrugBank
DB00002,Cetuximab,drug,DrugBank
DB09343,Tipiracil,drug,DrugBank
DB00260,Cycloserine,drug,DrugBank
DB00445,Epirubicin,drug,DrugBank
DB00773,Etoposide,drug,DrugBank
DB01042,Melphalan,drug,DrugBank
DB00632,Docosanol,drug,DrugBank
DB00299,Penciclovir,drug,DrugBank
DB11689,Selumetinib,drug,DrugBank
DB12789,Dinoprost,drug,DrugBank
DB00917,Dinoprostone,drug,DrugBank
DB00159,Icosapent,drug,DrugBank
DB04930,Permethrin,drug,DrugBank
DB13717,Phenothrin,drug,DrugBank
DB06272,Maxacalcitol,drug,DrugBank
DB00471,Montelukast,drug,DrugBank
DB00877,Sirolimus,drug,DrugBank
DB14655,Drostanolone propionate,drug,DrugBank
DB00112,Bevacizumab,drug,DrugBank
DB01039,Fenofibrate,drug,DrugBank
DB13873,Fenofibric acid,drug,DrugBank
DB01265,Telbivudine,drug,DrugBank
DB00495,Zidovudine,drug,DrugBank
DB01048,Abacavir,drug,DrugBank
DB00709,Lamivudine,drug,DrugBank
DB00350,Minoxidil,drug,DrugBank
DB13659,Tenonitrozole,drug,DrugBank
DB12834,Secnidazole,drug,DrugBank
DB00911,Tinidazole,drug,DrugBank
DB13302,Hachimycin,drug,DrugBank
DB04571,Trioxsalen,drug,DrugBank
DB13671,Sulbentine,drug,DrugBank
DB00051,Adalimumab,drug,DrugBank
DB00437,Allopurinol,drug,DrugBank
DB14707,Cemiplimab,drug,DrugBank
DB11630,Temoporfin,drug,DrugBank
DB11945,Avelumab,drug,DrugBank
DB00730,Thiabendazole,drug,DrugBank
DB01152,Candicidin,drug,DrugBank
1595,Abnormal hair morphology,effect/phenotype,HPO
1597,Abnormality of the nail,effect/phenotype,HPO
11971,Dermatographic urticaria,effect/phenotype,HPO
504,Abnormality of vision,effect/phenotype,HPO
1249,Intellectual disability,effect/phenotype,HPO
9737,Lisch nodules,effect/phenotype,HPO
992,Cutaneous photosensitivity,effect/phenotype,HPO
30880,Raynaud phenomenon,effect/phenotype,HPO
707,Abnormality of the nervous system,effect/phenotype,HPO
975,Hyperhidrosis,effect/phenotype,HPO
971,Abnormal sweat gland morphology,effect/phenotype,HPO
478,Abnormality of the eye,effect/phenotype,HPO
499,Abnormal eyelash morphology,effect/phenotype,HPO
534,Abnormal eyebrow morphology,effect/phenotype,HPO
12332,Abnormal autonomic nervous system physiology,effect/phenotype,HPO
9830,Peripheral neuropathy,effect/phenotype,HPO
1258,Spastic paraplegia,effect/phenotype,HPO
1433,Hepatosplenomegaly,effect/phenotype,HPO
164,Abnormality of the dentition,effect/phenotype,HPO
1067,Neurofibromas,effect/phenotype,HPO
1231,Abnormal fingernail morphology,effect/phenotype,HPO
972,CD74,gene/protein,NCBI
8404,Nail dystrophy,effect/phenotype,HPO
200097,Oral mucosal blisters,effect/phenotype,HPO
3538,Increased serum iduronate sulfatase level,effect/phenotype,HPO
1396,Cholestasis,effect/phenotype,HPO
7483,Depigmentation/hyperpigmentation of skin,effect/phenotype,HPO
40189,Scaling skin,effect/phenotype,HPO
100699,Scarring,effect/phenotype,HPO
25524,Palmoplantar scaling skin,effect/phenotype,HPO
12531,Pain,effect/phenotype,HPO
135,Hypogonadism,effect/phenotype,HPO
1103,Abnormal macular morphology,effect/phenotype,HPO
1250,Seizure,effect/phenotype,HPO
1257,Spasticity,effect/phenotype,HPO
2063,NR2F6,gene/protein,NCBI
10550,Paraplegia,effect/phenotype,HPO
30182,Tetraplegia/tetraparesis,effect/phenotype,HPO
6,Autosomal dominant inheritance,effect/phenotype,HPO
7716,Uveal melanoma,effect/phenotype,HPO
969,Edema,effect/phenotype,HPO
2633,Vasculitis,effect/phenotype,HPO
1417,X-linked inheritance,effect/phenotype,HPO
3765,Psoriasiform dermatitis,effect/phenotype,HPO
2232,Patchy alopecia,effect/phenotype,HPO
2013,Vomiting,effect/phenotype,HPO
1945,Fever,effect/phenotype,HPO
2018,Nausea,effect/phenotype,HPO
2315,MLANA,gene/protein,NCBI
7475,Congenital bullous ichthyosiform erythroderma,effect/phenotype,HPO
10783,Erythema,effect/phenotype,HPO
6729,Retroperitoneal chemodectomas,effect/phenotype,HPO
6773,Cutaneous angiolipomas,effect/phenotype,HPO
30074,Chemodectoma,effect/phenotype,HPO
1041,Facial erythema,effect/phenotype,HPO
31284,Flushing,effect/phenotype,HPO
2982,GUCY1A1,gene/protein,NCBI
2980,Femoral bowing,effect/phenotype,HPO
11001,Increased bone mineral density,effect/phenotype,HPO
5791,Cortical thickening of long bone diaphyses,effect/phenotype,HPO
2757,Recurrent fractures,effect/phenotype,HPO
9592,Astrocytoma,effect/phenotype,HPO
1596,Alopecia,effect/phenotype,HPO
815,Hypergonadotropic hypogonadism,effect/phenotype,HPO
7,Autosomal recessive inheritance,effect/phenotype,HPO
10464,Streak ovary,effect/phenotype,HPO
25114,Hypergranulosis,effect/phenotype,HPO
1019,CDK4,gene/protein,NCBI
982,Palmoplantar keratoderma,effect/phenotype,HPO
962,Hyperkeratosis,effect/phenotype,HPO
670,Carious teeth,effect/phenotype,HPO
3002,GZMB,gene/protein,NCBI
1807,Ridged nail,effect/phenotype,HPO
6297,Hypoplasia of dental enamel,effect/phenotype,HPO
1009,Telangiectasia,effect/phenotype,HPO
444,Convex nasal ridge,effect/phenotype,HPO
2223,Absent eyebrow,effect/phenotype,HPO
3577,Congenital onset,effect/phenotype,HPO
4322,Short stature,effect/phenotype,HPO
11457,Loss of eyelashes,effect/phenotype,HPO
1072,CFL1,gene/protein,NCBI
30756,Erythrodontia,effect/phenotype,HPO
938,Osteopenia,effect/phenotype,HPO
32001,Pink urine,effect/phenotype,HPO
559,Corneal scarring,effect/phenotype,HPO
2756,Pathologic fracture,effect/phenotype,HPO
1744,Splenomegaly,effect/phenotype,HPO
2797,Osteolysis,effect/phenotype,HPO
153,Abnormality of the mouth,effect/phenotype,HPO
1081,Cholelithiasis,effect/phenotype,HPO
9473,THEMIS2,gene/protein,NCBI
987,LRBA,gene/protein,NCBI
1878,Hemolytic anemia,effect/phenotype,HPO
1873,Thrombocytopenia,effect/phenotype,HPO
951,Abnormality of the skin,effect/phenotype,HPO
25080,Orthokeratotic hyperkeratosis,effect/phenotype,HPO
989,Pruritus,effect/phenotype,HPO
2289,Alopecia universalis,effect/phenotype,HPO
1939,Abnormality of metabolism/homeostasis,effect/phenotype,HPO
1581,Recurrent skin infections,effect/phenotype,HPO
40162,Orthokeratosis,effect/phenotype,HPO
8070,Sparse hair,effect/phenotype,HPO
100792,Acantholysis,effect/phenotype,HPO
3228,Hypernatremia,effect/phenotype,HPO
1510,Growth delay,effect/phenotype,HPO
1045,CDX2,gene/protein,NCBI
3202,HOXA5,gene/protein,NCBI
365,Hearing impairment,effect/phenotype,HPO
12472,Eclabion,effect/phenotype,HPO
7479,Congenital nonbullous ichthyosiform erythroderma,effect/phenotype,HPO
9926,Epiphora,effect/phenotype,HPO
561,Absent eyelashes,effect/phenotype,HPO
9938,Sunken cheeks,effect/phenotype,HPO
32152,Keratosis pilaris,effect/phenotype,HPO
31285,Abnormal perifollicular morphology,effect/phenotype,HPO
25249,Comedo,effect/phenotype,HPO
200034,Papule,effect/phenotype,HPO
45075,Sparse eyebrow,effect/phenotype,HPO
7906,Ocular hypertension,effect/phenotype,HPO
12629,Phakodonesis,effect/phenotype,HPO
100693,Iridodonesis,effect/phenotype,HPO
12322,Perifolliculitis,effect/phenotype,HPO
4209,Clinodactyly of the 5th finger,effect/phenotype,HPO
3510,Severe short stature,effect/phenotype,HPO
112,Nephropathy,effect/phenotype,HPO
12213,Decreased glomerular filtration rate,effect/phenotype,HPO
3259,Elevated serum creatinine,effect/phenotype,HPO
2715,Abnormality of the immune system,effect/phenotype,HPO
100614,Myositis,effect/phenotype,HPO
3701,Proximal muscle weakness,effect/phenotype,HPO
7935,Juvenile posterior subcapsular lenticular opacities,effect/phenotype,HPO
2321,FLT1,gene/protein,NCBI
360,AQP3,gene/protein,NCBI
1251,Ataxia,effect/phenotype,HPO
100014,Epiretinal membrane,effect/phenotype,HPO
9590,AKAP12,gene/protein,NCBI
9593,Peripheral Schwannoma,effect/phenotype,HPO
9595,Occasional neurofibromas,effect/phenotype,HPO
957,Cafe-au-lait spot,effect/phenotype,HPO
9594,Retinal hamartoma,effect/phenotype,HPO
100019,Cortical cataract,effect/phenotype,HPO
9589,Bilateral vestibular Schwannoma,effect/phenotype,HPO
2888,Ependymoma,effect/phenotype,HPO
40154,Acne inversa,effect/phenotype,HPO
100838,Recurrent cutaneous abscess formation,effect/phenotype,HPO
7396,Early cutaneous photosensitivity,effect/phenotype,HPO
1522,Death in infancy,effect/phenotype,HPO
7490,WT1,gene/protein,NCBI
1036,Parakeratosis,effect/phenotype,HPO
1795,plantar wart,disease,MONDO
9775,Amniotic constriction ring,effect/phenotype,HPO
7465,WEE1,gene/protein,NCBI
3581,Adult onset,effect/phenotype,HPO
3829,Incomplete penetrance,effect/phenotype,HPO
2383,Encephalitis,effect/phenotype,HPO
31179,Nuchal rigidity,effect/phenotype,HPO
160,Narrow mouth,effect/phenotype,HPO
7395,Postnatal-onset ichthyosiform erythroderma,effect/phenotype,HPO
1032,Absent distal interphalangeal creases,effect/phenotype,HPO
219,ALDH1B1,gene/protein,NCBI
1182,CLCN3,gene/protein,NCBI
25092,Epidermal acanthosis,effect/phenotype,HPO
2102,Pleuritis,effect/phenotype,HPO
123,Nephritis,effect/phenotype,HPO
1882,Leukopenia,effect/phenotype,HPO
25300,Malar rash,effect/phenotype,HPO
3613,Antiphospholipid antibody positivity,effect/phenotype,HPO
1369,Arthritis,effect/phenotype,HPO
221,Furrowed tongue,effect/phenotype,HPO
1761,Pes cavus,effect/phenotype,HPO
2860,Squamous cell carcinoma,effect/phenotype,HPO
2164,Nail dysplasia,effect/phenotype,HPO
12804,Corneal ulceration,effect/phenotype,HPO
1097,Keratoconjunctivitis sicca,effect/phenotype,HPO
11492,Abnormality of corneal stroma,effect/phenotype,HPO
6380,Knee flexion contracture,effect/phenotype,HPO
618,Blindness,effect/phenotype,HPO
613,Photophobia,effect/phenotype,HPO
653,integumentary system cancer,disease,MONDO
2745,Oral leukoplakia,effect/phenotype,HPO
5406,Recurrent bacterial skin infections,effect/phenotype,HPO
1128,Trichiasis,effect/phenotype,HPO
3220,gallbladder carcinoma,disease,MONDO
11838,Sclerodactyly,effect/phenotype,HPO
40012,Chromosome breakage,effect/phenotype,HPO
1438,Abnormal abdomen morphology,effect/phenotype,HPO
6725,Pancreatic adenocarcinoma,effect/phenotype,HPO
12142,Pancreatic squamous cell carcinoma,effect/phenotype,HPO
12182,Oropharyngeal squamous cell carcinoma,effect/phenotype,HPO
100242,Sarcoma,effect/phenotype,HPO
7759,Opacification of the corneal stroma,effect/phenotype,HPO
25452,Pyoderma gangrenosum,effect/phenotype,HPO
1894,ECT2,gene/protein,NCBI
11227,GALNT5,gene/protein,NCBI
12393,Allergy,effect/phenotype,HPO
40310,Sterile arthritis,effect/phenotype,HPO
33188,Cystic acne,effect/phenotype,HPO
1876,Pancytopenia,effect/phenotype,HPO
25616,Sterile abscess,effect/phenotype,HPO
2751,Kyphoscoliosis,effect/phenotype,HPO
293,Full cheeks,effect/phenotype,HPO
218,High palate,effect/phenotype,HPO
1763,ethmoid sinus cancer,disease,MONDO
765,Abnormal thorax morphology,effect/phenotype,HPO
5338,PLD2,gene/protein,NCBI
2521,FUS,gene/protein,NCBI
1256,"Intellectual disability, mild",effect/phenotype,HPO
20073,Hypopigmented macule,effect/phenotype,HPO
1548,CYP2A6,gene/protein,NCBI
1328,Specific learning disability,effect/phenotype,HPO
997,Axillary freckling,effect/phenotype,HPO
238,ALK,gene/protein,NCBI
7565,Multiple cafe-au-lait spots,effect/phenotype,HPO
2857,Genu valgum,effect/phenotype,HPO
256,Macrocephaly,effect/phenotype,HPO
1920,Renal artery stenosis,effect/phenotype,HPO
2410,Aqueductal stenosis,effect/phenotype,HPO
100697,Neurofibrosarcoma,effect/phenotype,HPO
30052,Inguinal freckling,effect/phenotype,HPO
9735,Netherton syndrome,disease,MONDO
9734,Optic nerve glioma,effect/phenotype,HPO
2666,Pheochromocytoma,effect/phenotype,HPO
9736,Tibial pseudarthrosis,effect/phenotype,HPO
11859,Punctate keratitis,effect/phenotype,HPO
3593,IL12B,gene/protein,NCBI
2299,Brittle hair,effect/phenotype,HPO
25493,Palmoplantar erythema,effect/phenotype,HPO
7543,Epidermal hyperkeratosis,effect/phenotype,HPO
7556,Plantar hyperkeratosis,effect/phenotype,HPO
1820,Leukonychia,effect/phenotype,HPO
3621,ING1,gene/protein,NCBI
8706,Distal urethral duplication,effect/phenotype,HPO
11463,Childhood onset,effect/phenotype,HPO
1263,Global developmental delay,effect/phenotype,HPO
2705,GJB1,gene/protein,NCBI
5602,Progressive vitiligo,effect/phenotype,HPO
11359,Dry hair,effect/phenotype,HPO
8391,Dystrophic fingernails,effect/phenotype,HPO
958,CD40,gene/protein,NCBI
10298,Smooth tongue,effect/phenotype,HPO
2213,FCGR2B,gene/protein,NCBI
2231,Sparse body hair,effect/phenotype,HPO
6481,ureter carcinoma,disease,MONDO
2209,FCGR1A,gene/protein,NCBI
668,Hypodontia,effect/phenotype,HPO
7410,Palmoplantar hyperhidrosis,effect/phenotype,HPO
1810,Dystrophic toenail,effect/phenotype,HPO
6349,Agenesis of permanent teeth,effect/phenotype,HPO
1798,DPAGT1,gene/protein,NCBI
7503,Generalized ichthyosis,effect/phenotype,HPO
7549,Desquamation of skin soon after birth,effect/phenotype,HPO
232,Everted lower lip vermilion,effect/phenotype,HPO
1371,Flexion contracture,effect/phenotype,HPO
2829,bartholin gland carcinoma,disease,MONDO
200042,Skin ulcer,effect/phenotype,HPO
2960,Autoimmunity,effect/phenotype,HPO
7418,Alopecia totalis,effect/phenotype,HPO
1426,Multifactorial inheritance,effect/phenotype,HPO
1803,Nail pits,effect/phenotype,HPO
30804,Trachyonychia,effect/phenotype,HPO
7450,VWF,gene/protein,NCBI
9778,Short thumb,effect/phenotype,HPO
6315,Single median maxillary incisor,effect/phenotype,HPO
1047,Atopic dermatitis,effect/phenotype,HPO
980,Pallor,effect/phenotype,HPO
12537,Food intolerance,effect/phenotype,HPO
11232,Infra-orbital fold,effect/phenotype,HPO
7453,WARS1,gene/protein,NCBI
964,Eczema,effect/phenotype,HPO
1254,Lethargy,effect/phenotype,HPO
1289,Confusion,effect/phenotype,HPO
2353,FOS,gene/protein,NCBI
1269,CNR2,gene/protein,NCBI
1268,CNR1,gene/protein,NCBI
12302,Herpes simplex encephalitis,effect/phenotype,HPO
40190,White scaling skin,effect/phenotype,HPO
1871,Abnormality of blood and blood-forming tissues,effect/phenotype,HPO
2240,Hepatomegaly,effect/phenotype,HPO
100874,Thick hair,effect/phenotype,HPO
30151,Cholangitis,effect/phenotype,HPO
677,Oligodontia,effect/phenotype,HPO
952,Jaundice,effect/phenotype,HPO
100490,Camptodactyly of finger,effect/phenotype,HPO
519,Developmental cataract,effect/phenotype,HPO
8392,Subungual hyperkeratosis,effect/phenotype,HPO
25474,Erythematous plaque,effect/phenotype,HPO
8213,Gonadotropin deficiency,effect/phenotype,HPO
510,Rod-cone dystrophy,effect/phenotype,HPO
4857,Hyperchromic macrocytic anemia,effect/phenotype,HPO
26,Male hypogonadism,effect/phenotype,HPO
25252,Geographic tongue,effect/phenotype,HPO
5764,Polyarticular arthritis,effect/phenotype,HPO
200039,Pustule,effect/phenotype,HPO
11897,Neutrophilia,effect/phenotype,HPO
40313,Oligoarthritis,effect/phenotype,HPO
3623,Neonatal onset,effect/phenotype,HPO
1974,EIF4A2,gene/protein,NCBI
12219,Erythema nodosum,effect/phenotype,HPO
1762,Talipes equinovarus,effect/phenotype,HPO
1089,Iris atrophy,effect/phenotype,HPO
1635,Congestive heart failure,effect/phenotype,HPO
1638,Cardiomyopathy,effect/phenotype,HPO
8720,MBTPS1,gene/protein,NCBI
11663,Right ventricular cardiomyopathy,effect/phenotype,HPO
7534,Congenital posterior occipital alopecia,effect/phenotype,HPO
5180,Tricuspid regurgitation,effect/phenotype,HPO
2171,FABP5,gene/protein,NCBI
1388,Joint laxity,effect/phenotype,HPO
925,Abnormality of the vertebral column,effect/phenotype,HPO
1063,CENPF,gene/protein,NCBI
7461,Hemangiomatosis,effect/phenotype,HPO
5692,Joint hyperflexibility,effect/phenotype,HPO
10302,Spinal cord tumor,effect/phenotype,HPO
1741,Phimosis,effect/phenotype,HPO
3468,Abnormal vertebral morphology,effect/phenotype,HPO
3563,Decreased LDL cholesterol concentration,effect/phenotype,HPO
2750,Delayed skeletal maturation,effect/phenotype,HPO
3146,HMGB1,gene/protein,NCBI
1508,CTSB,gene/protein,NCBI
823,CAPN1,gene/protein,NCBI
498,Blepharitis,effect/phenotype,HPO
1927,Acanthocytosis,effect/phenotype,HPO
7439,Generalized keratosis follicularis,effect/phenotype,HPO
2059,Cerebral atrophy,effect/phenotype,HPO
2298,Absent hair,effect/phenotype,HPO
3819,Death in childhood,effect/phenotype,HPO
1792,Small nail,effect/phenotype,HPO
4488,Macrocephaly at birth,effect/phenotype,HPO
2061,Lower limb spasticity,effect/phenotype,HPO
718,C3,gene/protein,NCBI
1943,Hypoglycemia,effect/phenotype,HPO
8872,Feeding difficulties in infancy,effect/phenotype,HPO
378,Cupped ear,effect/phenotype,HPO
2514,Cerebral calcification,effect/phenotype,HPO
7109,Periventricular cysts,effect/phenotype,HPO
494,Downslanted palpebral fissures,effect/phenotype,HPO
1520,CTSS,gene/protein,NCBI
750,Delayed speech and language development,effect/phenotype,HPO
31936,Delayed ability to walk,effect/phenotype,HPO
2195,vulvar squamous neoplasm,disease,MONDO
12520,Perivascular spaces,effect/phenotype,HPO
32471,Focal polymicrogyria,effect/phenotype,HPO
2904,Hyperbilirubinemia,effect/phenotype,HPO
1558,CYP2C8,gene/protein,NCBI
348,APOE,gene/protein,NCBI
1319,Neonatal hypotonia,effect/phenotype,HPO
7018,Attention deficit hyperactivity disorder,effect/phenotype,HPO
12203,Onychomycosis,effect/phenotype,HPO
5403,T lymphocytopenia,effect/phenotype,HPO
8165,Decreased helper T cell proportion,effect/phenotype,HPO
5352,PLOD2,gene/protein,NCBI
6887,"Intellectual disability, progressive",effect/phenotype,HPO
10864,"Intellectual disability, severe",effect/phenotype,HPO
33252,Palmar hyperlinearity,effect/phenotype,HPO
976,Eczematoid dermatitis,effect/phenotype,HPO
3212,Increased circulating IgE level,effect/phenotype,HPO
7573,Late onset atopic dermatitis,effect/phenotype,HPO
3355,Aminoaciduria,effect/phenotype,HPO
1034,Hypermelanotic macule,effect/phenotype,HPO
100725,Lichenification,effect/phenotype,HPO
1291,Abnormal cranial nerve morphology,effect/phenotype,HPO
973,CD79A,gene/protein,NCBI
30731,Carcinoma,effect/phenotype,HPO
10784,Uterine neoplasm,effect/phenotype,HPO
5353,Recurrent herpes,effect/phenotype,HPO
5597,Congenital alopecia totalis,effect/phenotype,HPO
704,Periodontitis,effect/phenotype,HPO
1320,Cerebellar vermis hypoplasia,effect/phenotype,HPO
582,Upslanted palpebral fissure,effect/phenotype,HPO
1363,Craniosynostosis,effect/phenotype,HPO
431,Wide nasal bridge,effect/phenotype,HPO
2079,Hypoplasia of the corpus callosum,effect/phenotype,HPO
12745,Short palpebral fissure,effect/phenotype,HPO
2084,Encephalocele,effect/phenotype,HPO
10761,Broad columella,effect/phenotype,HPO
5280,Depressed nasal bridge,effect/phenotype,HPO
3828,Variable expressivity,effect/phenotype,HPO
457,Depressed nasal ridge,effect/phenotype,HPO
633,BGN,gene/protein,NCBI
456,Bifid nasal tip,effect/phenotype,HPO
7502,Follicular hyperkeratosis,effect/phenotype,HPO
2069,EREG,gene/protein,NCBI
54,Micropenis,effect/phenotype,HPO
40149,Woolly scalp hair,effect/phenotype,HPO
8734,Decreased testicular size,effect/phenotype,HPO
1056,Milia,effect/phenotype,HPO
486,Strabismus,effect/phenotype,HPO
10609,Skin tags,effect/phenotype,HPO
283,Broad face,effect/phenotype,HPO
280,Coarse facial features,effect/phenotype,HPO
10603,Odontogenic keratocysts of the jaw,effect/phenotype,HPO
4280,Irregular ossification of hand bones,effect/phenotype,HPO
200021,Down-sloping shoulders,effect/phenotype,HPO
5449,Bridged sella turcica,effect/phenotype,HPO
175,Cleft palate,effect/phenotype,HPO
892,Bifid ribs,effect/phenotype,HPO
5462,Calcification of falx cerebri,effect/phenotype,HPO
9650,Short distal phalanx of the thumb,effect/phenotype,HPO
10044,Short 4th metacarpal,effect/phenotype,HPO
9730,Rhabdomyoma,effect/phenotype,HPO
766,Abnormal sternum morphology,effect/phenotype,HPO
5815,Supernumerary ribs,effect/phenotype,HPO
204,Cleft upper lip,effect/phenotype,HPO
1270,Motor delay,effect/phenotype,HPO
773,Short ribs,effect/phenotype,HPO
1425,Heterogeneous,effect/phenotype,HPO
25318,Ovarian carcinoma,effect/phenotype,HPO
10617,Cardiac fibroma,effect/phenotype,HPO
4795,Hamartomatous stomach polyps,effect/phenotype,HPO
10610,Palmar pits,effect/phenotype,HPO
10612,Plantar pits,effect/phenotype,HPO
8422,Vertebral wedging,effect/phenotype,HPO
2007,Frontal bossing,effect/phenotype,HPO
2885,Medulloblastoma,effect/phenotype,HPO
303,conidiobolomycosis,disease,MONDO
705,Amelogenesis imperfecta,effect/phenotype,HPO
1615,Hoarse cry,effect/phenotype,HPO
1612,DAPK1,gene/protein,NCBI
8390,Recurrent loss of toenails and fingernails,effect/phenotype,HPO
30057,Autoimmune antibody positivity,effect/phenotype,HPO
8066,Abnormal blistering of the skin,effect/phenotype,HPO
1217,Clubbing,effect/phenotype,HPO
200016,Acrokeratosis,effect/phenotype,HPO
11801,Enlargement of parotid gland,effect/phenotype,HPO
8410,Subungual hyperkeratotic fragments,effect/phenotype,HPO
7302,Bipolar affective disorder,effect/phenotype,HPO
3241,External genital hypoplasia,effect/phenotype,HPO
3470,Paralysis,effect/phenotype,HPO
9381,OTOF,gene/protein,NCBI
1816,Thin nail,effect/phenotype,HPO
1831,Short toe,effect/phenotype,HPO
12309,Cutaneous amyloidosis,effect/phenotype,HPO
3124,Hypercholesterolemia,effect/phenotype,HPO
62,Ambiguous genitalia,effect/phenotype,HPO
12118,Laryngeal carcinoma,effect/phenotype,HPO
12861,Ovotestis,effect/phenotype,HPO
8665,Clitoral hypertrophy,effect/phenotype,HPO
6357,Premature loss of permanent teeth,effect/phenotype,HPO
2265,Large fleshy ears,effect/phenotype,HPO
4220,Short middle phalanx of the 5th finger,effect/phenotype,HPO
262,otomycosis,disease,MONDO
10554,Cutaneous finger syndactyly,effect/phenotype,HPO
6282,Generalized hypoplasia of dental enamel,effect/phenotype,HPO
506,Telecanthus,effect/phenotype,HPO
2827,Hip dislocation,effect/phenotype,HPO
448,Prominent nose,effect/phenotype,HPO
8850,Severe postnatal growth retardation,effect/phenotype,HPO
268,Dolichocephaly,effect/phenotype,HPO
5659,Thoracic kyphoscoliosis,effect/phenotype,HPO
2584,Intestinal bleeding,effect/phenotype,HPO
12721,Venous malformation,effect/phenotype,HPO
25088,Onychomadesis,effect/phenotype,HPO
1806,vaginal squamous tumor,disease,MONDO
999,CDH1,gene/protein,NCBI
1880,Eosinophilia,effect/phenotype,HPO
2090,Pneumonia,effect/phenotype,HPO
77,Abnormality of the kidney,effect/phenotype,HPO
5268,SERPINB5,gene/protein,NCBI
12211,Abnormal renal physiology,effect/phenotype,HPO
1276,Hypertonia,effect/phenotype,HPO
2510,Spastic tetraplegia,effect/phenotype,HPO
2123,Generalized myoclonic seizure,effect/phenotype,HPO
2187,"Intellectual disability, profound",effect/phenotype,HPO
12448,Delayed myelination,effect/phenotype,HPO
11003,High myopia,effect/phenotype,HPO
12444,Brain atrophy,effect/phenotype,HPO
649,BMP1,gene/protein,NCBI
2977,GUCY1A2,gene/protein,NCBI
2212,FCGR2A,gene/protein,NCBI
7957,Corneal opacity,effect/phenotype,HPO
10816,Epidermal nevus,effect/phenotype,HPO
31287,Seborrheic keratosis,effect/phenotype,HPO
1428,Somatic mutation,effect/phenotype,HPO
1622,Premature birth,effect/phenotype,HPO
8209,Premature ovarian insufficiency,effect/phenotype,HPO
8401,Onychogryposis of toenails,effect/phenotype,HPO
2208,Coarse hair,effect/phenotype,HPO
1074,Atypical nevi in non-sun exposed areas,effect/phenotype,HPO
1062,CENPE,gene/protein,NCBI
1054,Numerous nevi,effect/phenotype,HPO
491,Keratitis,effect/phenotype,HPO
25084,Folliculitis,effect/phenotype,HPO
30054,Perifollicular fibrosis,effect/phenotype,HPO
5435,POLR2F,gene/protein,NCBI
5401,Recurrent candida infections,effect/phenotype,HPO
4396,Poor appetite,effect/phenotype,HPO
3282,Low alkaline phosphatase,effect/phenotype,HPO
40171,Decreased serum testosterone level,effect/phenotype,HPO
737,Irritability,effect/phenotype,HPO
712,C1QA,gene/protein,NCBI
224,Hypogeusia,effect/phenotype,HPO
1423,X-linked dominant inheritance,effect/phenotype,HPO
729,Autistic behavior,effect/phenotype,HPO
713,C1QB,gene/protein,NCBI
8689,Bilateral cryptorchidism,effect/phenotype,HPO
691,Microdontia,effect/phenotype,HPO
692,Misalignment of teeth,effect/phenotype,HPO
1800,Hypoplastic toenails,effect/phenotype,HPO
6482,Abnormality of dental morphology,effect/phenotype,HPO
9804,Reduced number of teeth,effect/phenotype,HPO
790,Hematuria,effect/phenotype,HPO
967,Petechiae,effect/phenotype,HPO
2094,Dyspnea,effect/phenotype,HPO
3138,Increased blood urea nitrogen,effect/phenotype,HPO
3236,HOXD10,gene/protein,NCBI
3326,Myalgia,effect/phenotype,HPO
3565,IL4,gene/protein,NCBI
5184,Prolonged QTc interval,effect/phenotype,HPO
5421,Decreased serum complement C3,effect/phenotype,HPO
25343,Lupus anticoagulant,effect/phenotype,HPO
45042,Decreased serum complement C4,effect/phenotype,HPO
45073,Serositis,effect/phenotype,HPO
25142,Constitutional symptom,effect/phenotype,HPO
1482,Subcutaneous nodule,effect/phenotype,HPO
100809,Scalp tenderness,effect/phenotype,HPO
1000,CDH2,gene/protein,NCBI
2027,Abdominal pain,effect/phenotype,HPO
2024,Malabsorption,effect/phenotype,HPO
2239,Gastrointestinal hemorrhage,effect/phenotype,HPO
100845,Anaphylactic shock,effect/phenotype,HPO
1695,Cardiac arrest,effect/phenotype,HPO
2017,CTTN,gene/protein,NCBI
12384,Rhinitis,effect/phenotype,HPO
12733,Macule,effect/phenotype,HPO
100585,Telangiectasia of the skin,effect/phenotype,HPO
200035,NUDT17,gene/protein,NCBI
200036,Skin nodule,effect/phenotype,HPO
248,Brachycephaly,effect/phenotype,HPO
286,ANK1,gene/protein,NCBI
464,Abnormality of the neck,effect/phenotype,HPO
995,CDC25C,gene/protein,NCBI
1166,Arachnodactyly,effect/phenotype,HPO
4408,Abnormality of the sense of smell,effect/phenotype,HPO
46,Scrotal hypoplasia,effect/phenotype,HPO
289,Broad philtrum,effect/phenotype,HPO
369,ARAF,gene/protein,NCBI
430,ASCL2,gene/protein,NCBI
463,Anteverted nares,effect/phenotype,HPO
698,Conical tooth,effect/phenotype,HPO
1274,Agenesis of corpus callosum,effect/phenotype,HPO
1362,Calvarial skull defect,effect/phenotype,HPO
1511,Intrauterine growth retardation,effect/phenotype,HPO
2335,FN1,gene/protein,NCBI
2342,"Intellectual disability, moderate",effect/phenotype,HPO
4440,MSI1,gene/protein,NCBI
11803,Bifid nose,effect/phenotype,HPO
1053,Hypopigmented skin patches,effect/phenotype,HPO
2015,Dysphagia,effect/phenotype,HPO
2020,Gastroesophageal reflux,effect/phenotype,HPO
2092,Pulmonary arterial hypertension,effect/phenotype,HPO
2206,sweat gland cancer,disease,MONDO
8366,Contractures involving the joints of the feet,effect/phenotype,HPO
100579,Mucosal telangiectasiae,effect/phenotype,HPO
100958,Narrow foramen obturatorium,effect/phenotype,HPO
157,Abnormality of the tongue,effect/phenotype,HPO
206,Glossitis,effect/phenotype,HPO
492,Abnormal eyelid morphology,effect/phenotype,HPO
505,Visual impairment,effect/phenotype,HPO
1824,Weight loss,effect/phenotype,HPO
2028,ENPEP,gene/protein,NCBI
2039,Anorexia,effect/phenotype,HPO
2120,neuroendocrine carcinoma,disease,MONDO
8402,Ridged fingernail,effect/phenotype,HPO
11354,Generalized abnormality of skin,effect/phenotype,HPO
159,Abnormal lip morphology,effect/phenotype,HPO
1279,Syncope,effect/phenotype,HPO
30809,Abnormal tongue morphology,effect/phenotype,HPO
30828,Wheezing,effect/phenotype,HPO
100326,Immunologic hypersensitivity,effect/phenotype,HPO
100539,Periorbital edema,effect/phenotype,HPO
30350,Erythematous papule,effect/phenotype,HPO
7505,Progressive hyperpigmentation,effect/phenotype,HPO
83,Renal insufficiency,effect/phenotype,HPO
389,Chronic otitis media,effect/phenotype,HPO
1944,Dehydration,effect/phenotype,HPO
11039,Abnormality of the helix,effect/phenotype,HPO
100543,Cognitive impairment,effect/phenotype,HPO
100679,Lack of skin elasticity,effect/phenotype,HPO
100758,Gangrene,effect/phenotype,HPO
100806,Sepsis,effect/phenotype,HPO
100840,Aplasia/Hypoplasia of the eyebrow,effect/phenotype,HPO
648,Optic atrophy,effect/phenotype,HPO
651,Diplopia,effect/phenotype,HPO
763,Sensory neuropathy,effect/phenotype,HPO
1288,Gait disturbance,effect/phenotype,HPO
1881,Abnormal leukocyte morphology,effect/phenotype,HPO
1928,Abnormality of coagulation,effect/phenotype,HPO
4374,Hemiplegia/hemiparesis,effect/phenotype,HPO
7256,Abnormal pyramidal sign,effect/phenotype,HPO
100654,Retrobulbar optic neuritis,effect/phenotype,HPO
11123,Inflammatory abnormality of the skin,effect/phenotype,HPO
12378,Fatigue,effect/phenotype,HPO
30953,Conjunctival hyperemia,effect/phenotype,HPO
600,Abnormality of the pharynx,effect/phenotype,HPO
739,Anxiety,effect/phenotype,HPO
2098,Respiratory distress,effect/phenotype,HPO
2910,Elevated hepatic transaminase,effect/phenotype,HPO
12735,Cough,effect/phenotype,HPO
25426,Abnormal bronchus morphology,effect/phenotype,HPO
25439,Pharyngitis,effect/phenotype,HPO
31464,Genital blistering,effect/phenotype,HPO
200136,Oral-pharyngeal dysphagia,effect/phenotype,HPO
36,Abnormal penis morphology,effect/phenotype,HPO
217,ALDH2,gene/protein,NCBI
572,Visual loss,effect/phenotype,HPO
716,C1S,gene/protein,NCBI
1600,Abnormality of the larynx,effect/phenotype,HPO
1875,Neutropenia,effect/phenotype,HPO
1919,Acute kidney injury,effect/phenotype,HPO
3270,Abdominal distention,effect/phenotype,HPO
4378,Abnormality of the anus,effect/phenotype,HPO
4386,Gastrointestinal inflammation,effect/phenotype,HPO
4887,Respiratory failure requiring assisted ventilation,effect/phenotype,HPO
10285,Oral synechia,effect/phenotype,HPO
12375,Chemosis,effect/phenotype,HPO
12594,Moderate albuminuria,effect/phenotype,HPO
25416,Vaginal stricture,effect/phenotype,HPO
30943,Vulvodynia,effect/phenotype,HPO
31088,Vaginal dryness,effect/phenotype,HPO
31731,Increased tear production,effect/phenotype,HPO
100518,Dysuria,effect/phenotype,HPO
430007,Symblepharon,effect/phenotype,HPO
6528,bacterial exanthem,disease,MONDO
31368,Intestinal perforation,effect/phenotype,HPO
3474,Sensory impairment,effect/phenotype,HPO
10830,Impaired tactile sensation,effect/phenotype,HPO
3418,IDH2,gene/protein,NCBI
12533,Allodynia,effect/phenotype,HPO
100963,Hyperesthesia,effect/phenotype,HPO
10,NAT2,gene/protein,NCBI
4325,Decreased body weight,effect/phenotype,HPO
4798,Recurrent infection of the gastrointestinal tract,effect/phenotype,HPO
1029,CDKN2A,gene/protein,NCBI
1252,Hypotonia,effect/phenotype,HPO
1324,Muscle weakness,effect/phenotype,HPO
1376,Limitation of joint mobility,effect/phenotype,HPO
1609,Hoarse voice,effect/phenotype,HPO
1618,Dysphonia,effect/phenotype,HPO
1681,Angina pectoris,effect/phenotype,HPO
2091,FBL,gene/protein,NCBI
3394,IRF8,gene/protein,NCBI
3457,EMG abnormality,effect/phenotype,HPO
11675,Arrhythmia,effect/phenotype,HPO
11710,Bundle branch block,effect/phenotype,HPO
100540,Palpebral edema,effect/phenotype,HPO
230,Gingivitis,effect/phenotype,HPO
2558,Supernumerary nipple,effect/phenotype,HPO
6101,Finger syndactyly,effect/phenotype,HPO
7703,Abnormality of retinal pigmentation,effect/phenotype,HPO
8388,Abnormal toenail morphology,effect/phenotype,HPO
100804,Ungual fibroma,effect/phenotype,HPO
200102,Sparse or absent eyelashes,effect/phenotype,HPO
3095,Septic arthritis,effect/phenotype,HPO
100763,Abnormality of the lymphatic system,effect/phenotype,HPO
100820,Glomerulopathy,effect/phenotype,HPO
93,Proteinuria,effect/phenotype,HPO
2716,Lymphadenopathy,effect/phenotype,HPO
10702,Increased circulating antibody level,effect/phenotype,HPO
12649,Increased inflammatory response,effect/phenotype,HPO
100280,Crohn's disease,effect/phenotype,HPO
100651,Type I diabetes mellitus,effect/phenotype,HPO
2113,ETS1,gene/protein,NCBI
30016,Dyspareunia,effect/phenotype,HPO
30142,Abnormal bowel sounds,effect/phenotype,HPO
100520,Oliguria,effect/phenotype,HPO
100735,Hypertensive crisis,effect/phenotype,HPO
400,Macrotia,effect/phenotype,HPO
5105,PCK1,gene/protein,NCBI
11842,Abnormality of skeletal morphology,effect/phenotype,HPO
200012,Short corpus callosum,effect/phenotype,HPO
7460,Autoamputation of digits,effect/phenotype,HPO
11889,Bleeding with minor or no trauma,effect/phenotype,HPO
1608,DGKG,gene/protein,NCBI
1879,Abnormal eosinophil morphology,effect/phenotype,HPO
2093,Respiratory insufficiency,effect/phenotype,HPO
2207,Diffuse reticular or finely nodular infiltrations,effect/phenotype,HPO
2665,GDI2,gene/protein,NCBI
6530,cholesteatoma (disease),disease,MONDO
8065,CUL5,gene/protein,NCBI
9071,Inflammatory myopathy,effect/phenotype,HPO
11362,Abnormal hair quantity,effect/phenotype,HPO
11703,Sinus tachycardia,effect/phenotype,HPO
12819,Myocarditis,effect/phenotype,HPO
30078,Lung adenocarcinoma,effect/phenotype,HPO
100723,Gastrointestinal stroma tumor,effect/phenotype,HPO
5212,Anal mucosal leukoplakia,effect/phenotype,HPO
200037,Skin vesicle,effect/phenotype,HPO
3341,Junctional split,effect/phenotype,HPO
5585,PKN1,gene/protein,NCBI
7513,Generalized hypopigmentation,effect/phenotype,HPO
7585,Skin fragility with non-scarring blistering,effect/phenotype,HPO
31045,Acral blistering,effect/phenotype,HPO
31180,Erythema migrans,effect/phenotype,HPO
2815,Abnormality of the knee,effect/phenotype,HPO
7599,Generalized reticulate brown pigmentation,effect/phenotype,HPO
12221,Pretibial blistering,effect/phenotype,HPO
1864,Clinodactyly of the 5th toe,effect/phenotype,HPO
11459,Esophageal carcinoma,effect/phenotype,HPO
100749,Chest pain,effect/phenotype,HPO
7473,Crusting erythematous dermatitis,effect/phenotype,HPO
200041,Skin erosion,effect/phenotype,HPO
163,Abnormal oral cavity morphology,effect/phenotype,HPO
7400,Irregular hyperpigmentation,effect/phenotype,HPO
100783,Breast aplasia,effect/phenotype,HPO
7535,Hypopigmented streaks,effect/phenotype,HPO
11830,Abnormal oral mucosa morphology,effect/phenotype,HPO
200029,Vasculitis in the skin,effect/phenotype,HPO
11118,BTN3A2,gene/protein,NCBI
31090,Finger dactylitis,effect/phenotype,HPO
31091,Toe dactylitis,effect/phenotype,HPO
100686,Enthesitis,effect/phenotype,HPO
3019,Abnormality of the wrist,effect/phenotype,HPO
3043,Abnormal shoulder morphology,effect/phenotype,HPO
5197,Generalized morning stiffness,effect/phenotype,HPO
7663,Reduced visual acuity,effect/phenotype,HPO
25526,Psoriasiform lesion,effect/phenotype,HPO
10754,van den Bosch syndrome,disease,MONDO
12317,Sacroiliac arthritis,effect/phenotype,HPO
795,Abnormality of the urethra,effect/phenotype,HPO
1637,Abnormal myocardium morphology,effect/phenotype,HPO
1645,Sudden cardiac death,effect/phenotype,HPO
1733,Pancreatitis,effect/phenotype,HPO
1874,Abnormality of neutrophils,effect/phenotype,HPO
1960,Hypokalemic metabolic alkalosis,effect/phenotype,HPO
2043,EPHA4,gene/protein,NCBI
2103,Abnormal pleura morphology,effect/phenotype,HPO
3781,KCNN2,gene/protein,NCBI
6554,granuloma annulare,disease,MONDO
10976,B lymphocytopenia,effect/phenotype,HPO
347,Micrognathia,effect/phenotype,HPO
452,Choanal stenosis,effect/phenotype,HPO
2850,Decreased circulating total IgM,effect/phenotype,HPO
8897,MTMR3,gene/protein,NCBI
11471,Gastrostomy tube feeding in infancy,effect/phenotype,HPO
31190,Superficial dermal perivascular inflammatory infiltrate,effect/phenotype,HPO
126,Hydronephrosis,effect/phenotype,HPO
244,endothrix infectious disease,disease,MONDO
278,Retrognathia,effect/phenotype,HPO
883,Thin ribs,effect/phenotype,HPO
890,CCNA2,gene/protein,NCBI
954,Single transverse palmar crease,effect/phenotype,HPO
1344,Absent speech,effect/phenotype,HPO
1845,Overlapping toe,effect/phenotype,HPO
2089,Pulmonary hypoplasia,effect/phenotype,HPO
2506,Diffuse cerebral atrophy,effect/phenotype,HPO
2594,Pancreatic hypoplasia,effect/phenotype,HPO
4425,Flat forehead,effect/phenotype,HPO
4616,herpetic whitlow,disease,MONDO
5365,Severe B lymphocytopenia,effect/phenotype,HPO
6560,Biliary hyperplasia,effect/phenotype,HPO
9697,Contracture of the distal interphalangeal joint of the fingers,effect/phenotype,HPO
11682,Perimembranous ventricular septal defect,effect/phenotype,HPO
10741,Pedal edema,effect/phenotype,HPO
2643,Neonatal respiratory distress,effect/phenotype,HPO
368,ABCC6,gene/protein,NCBI
708,C1QBP,gene/protein,NCBI
8736,Hypoplasia of penis,effect/phenotype,HPO
10468,FST,gene/protein,NCBI
4299,AFF1,gene/protein,NCBI
965,CD58,gene/protein,NCBI
1387,CREBBP,gene/protein,NCBI
414,Bulbous nose,effect/phenotype,HPO
1488,Bilateral ptosis,effect/phenotype,HPO
2003,Large forehead,effect/phenotype,HPO
30890,Hyperintensity of cerebral white matter on MRI,effect/phenotype,HPO
337,exanthema subitum,disease,MONDO
384,Preauricular skin tag,effect/phenotype,HPO
902,CCNH,gene/protein,NCBI
960,CD44,gene/protein,NCBI
2334,Abnormality of the cerebellar vermis,effect/phenotype,HPO
2465,Poor speech,effect/phenotype,HPO
2608,Celiac disease,effect/phenotype,HPO
6956,Dilation of lateral ventricles,effect/phenotype,HPO
6989,Dysplastic corpus callosum,effect/phenotype,HPO
7074,TIAM1,gene/protein,NCBI
7082,Dilated third ventricle,effect/phenotype,HPO
10880,Increased nuchal translucency,effect/phenotype,HPO
11276,Vascular skin abnormality,effect/phenotype,HPO
11309,SLCO2B1,gene/protein,NCBI
12450,Chronic constipation,effect/phenotype,HPO
32671,Non-convulsive status epilepticus without coma,effect/phenotype,HPO
100716,Self-injurious behavior,effect/phenotype,HPO
410018,Recurrent ear infections,effect/phenotype,HPO
1480,Freckling,effect/phenotype,HPO
1631,Atrial septal defect,effect/phenotype,HPO
155,Oral ulcer,effect/phenotype,HPO
12191,B-cell lymphoma,effect/phenotype,HPO
1386,ATF2,gene/protein,NCBI
1410,CRYAB,gene/protein,NCBI
2088,Abnormal lung morphology,effect/phenotype,HPO
2202,EFEMP1,gene/protein,NCBI
3011,Abnormality of the musculature,effect/phenotype,HPO
11121,Abnormality of skin morphology,effect/phenotype,HPO
100828,Increased T cell count,effect/phenotype,HPO
121,Nephrocalcinosis,effect/phenotype,HPO
433,Abnormal nasal mucosa morphology,effect/phenotype,HPO
502,Abnormal conjunctiva morphology,effect/phenotype,HPO
620,Dacryocystitis,effect/phenotype,HPO
787,Nephrolithiasis,effect/phenotype,HPO
873,CBR1,gene/protein,NCBI
1399,Hepatic failure,effect/phenotype,HPO
1409,CRYAA,gene/protein,NCBI
1970,Tubulointerstitial nephritis,effect/phenotype,HPO
2097,Emphysema,effect/phenotype,HPO
2110,Bronchiectasis,effect/phenotype,HPO
2150,F2RL1,gene/protein,NCBI
2733,Abnormality of the lymph nodes,effect/phenotype,HPO
2781,GNAZ,gene/protein,NCBI
2921,CXCL3,gene/protein,NCBI
2922,pyoderma,disease,MONDO
4756,Ventricular tachycardia,effect/phenotype,HPO
7734,Enlarged lacrimal glands,effect/phenotype,HPO
10310,Chylothorax,effect/phenotype,HPO
10628,TXNIP,gene/protein,NCBI
11850,Parotitis,effect/phenotype,HPO
12062,Bone cyst,effect/phenotype,HPO
12243,Abnormal reproductive system morphology,effect/phenotype,HPO
12722,Heart block,effect/phenotype,HPO
30146,Abnormal liver parenchyma morphology,effect/phenotype,HPO
30872,Abnormal cardiac ventricular function,effect/phenotype,HPO
40186,Maculopapular exanthema,effect/phenotype,HPO
821,Hypothyroidism,effect/phenotype,HPO
834,Abnormality of the adrenal glands,effect/phenotype,HPO
836,Hyperthyroidism,effect/phenotype,HPO
2045,EPHA7,gene/protein,NCBI
2105,Hemoptysis,effect/phenotype,HPO
30438,Anal canal squamous cell carcinoma,effect/phenotype,HPO
12740,Papilloma,effect/phenotype,HPO
2025,Anal stenosis,effect/phenotype,HPO
2896,Neoplasm of the liver,effect/phenotype,HPO
10622,Neoplasm of the skeletal system,effect/phenotype,HPO
100526,Neoplasm of the lung,effect/phenotype,HPO
100743,Neoplasm of the rectum,effect/phenotype,HPO
1392,CRH,gene/protein,NCBI
2500,Abnormal cerebral white matter morphology,effect/phenotype,HPO
1627,DBN1,gene/protein,NCBI
1657,Prolonged QT interval,effect/phenotype,HPO
1892,Abnormal bleeding,effect/phenotype,HPO
1915,Aplastic anemia,effect/phenotype,HPO
2086,Abnormality of the respiratory system,effect/phenotype,HPO
2652,Skeletal dysplasia,effect/phenotype,HPO
11702,Abnormal electrophysiology of sinoatrial node origin,effect/phenotype,HPO
122,Unilateral renal agenesis,effect/phenotype,HPO
2357,Dysphasia,effect/phenotype,HPO
2577,Abnormal stomach morphology,effect/phenotype,HPO
4298,Abnormality of the abdominal wall,effect/phenotype,HPO
10866,Abdominal wall defect,effect/phenotype,HPO
31359,Cutaneous sclerotic plaque,effect/phenotype,HPO
3198,Myopathy,effect/phenotype,HPO
25131,Finger swelling,effect/phenotype,HPO
30859,Anti-topoisomerase I antibody positivity,effect/phenotype,HPO
1708,pulmonary sarcoidosis,disease,MONDO
2244,Abnormality of the small intestine,effect/phenotype,HPO
2250,Abnormal large intestine morphology,effect/phenotype,HPO
2604,Gastrointestinal telangiectasia,effect/phenotype,HPO
5590,Spotty hypopigmentation,effect/phenotype,HPO
6121,Acral ulceration,effect/phenotype,HPO
6261,Abnormal phalangeal joint morphology of the hand,effect/phenotype,HPO
7141,Sensorimotor neuropathy,effect/phenotype,HPO
9771,Osteolytic defects of the phalanges of the hand,effect/phenotype,HPO
11799,Abnormality of facial soft tissue,effect/phenotype,HPO
12622,Chronic kidney disease,effect/phenotype,HPO
25520,Calcinosis cutis,effect/phenotype,HPO
30873,Anti-centromere antibody positivity,effect/phenotype,HPO
31293,Digital pitting scar,effect/phenotype,HPO
31329,Interstitial cardiac fibrosis,effect/phenotype,HPO
100534,Episcleritis,effect/phenotype,HPO
100580,Barrett esophagus,effect/phenotype,HPO
100661,Trigeminal neuralgia,effect/phenotype,HPO
2176,Spinal cord compression,effect/phenotype,HPO
12185,Constrictive median neuropathy,effect/phenotype,HPO
12486,Myelitis,effect/phenotype,HPO
25533,Peau d'orange,effect/phenotype,HPO
32018,Multiple mononeuropathy,effect/phenotype,HPO
32061,Hypereosinophilia,effect/phenotype,HPO
45054,Brachial plexus neuropathy,effect/phenotype,HPO
100798,Fingernail dysplasia,effect/phenotype,HPO
682,Abnormality of dental enamel,effect/phenotype,HPO
924,Abnormality of the skeletal system,effect/phenotype,HPO
2808,Kyphosis,effect/phenotype,HPO
3422,Vertebral segmentation defect,effect/phenotype,HPO
4422,Biparietal narrowing,effect/phenotype,HPO
5048,Synostosis of carpal bones,effect/phenotype,HPO
5819,NECTIN2,gene/protein,NCBI
8855,Moderate postnatal growth retardation,effect/phenotype,HPO
9738,Abnormality of the antihelix,effect/phenotype,HPO
9811,CTIF,gene/protein,NCBI
2354,FOSB,gene/protein,NCBI
405,ARNT,gene/protein,NCBI
2721,Immunodeficiency,effect/phenotype,HPO
4313,MMP2,gene/protein,NCBI
11073,Abnormality of dental color,effect/phenotype,HPO
4372,Reduced consciousness/confusion,effect/phenotype,HPO
12443,Abnormality of brain morphology,effect/phenotype,HPO
200149,CSF lymphocytic pleiocytosis,effect/phenotype,HPO
2902,Hyponatremia,effect/phenotype,HPO
7185,Loss of consciousness,effect/phenotype,HPO
1259,Coma,effect/phenotype,HPO
1262,Excessive daytime somnolence,effect/phenotype,HPO
2133,Status epilepticus,effect/phenotype,HPO
2181,Cerebral edema,effect/phenotype,HPO
2349,Focal aware seizure,effect/phenotype,HPO
2384,Focal impaired awareness seizure,effect/phenotype,HPO
4302,Functional motor deficit,effect/phenotype,HPO
11972,Hypoglycorrhachia,effect/phenotype,HPO
25143,Chills,effect/phenotype,HPO
30955,Alcoholism,effect/phenotype,HPO
1098,Abnormal fundus morphology,effect/phenotype,HPO
12054,Choroidal melanoma,effect/phenotype,HPO
541,Retinal detachment,effect/phenotype,HPO
11524,Iris melanoma,effect/phenotype,HPO
12055,Ciliary body melanoma,effect/phenotype,HPO
539,Abnormality of refraction,effect/phenotype,HPO
8494,Inferior lens subluxation,effect/phenotype,HPO
10920,Zonular cataract,effect/phenotype,HPO
11499,Mydriasis,effect/phenotype,HPO
30786,Photopsia,effect/phenotype,HPO
30800,Abnormal visual accommodation,effect/phenotype,HPO
100533,Inflammatory abnormality of the eye,effect/phenotype,HPO
200026,Ocular pain,effect/phenotype,HPO
488,ATP2A2,gene/protein,NCBI
2071,ERCC3,gene/protein,NCBI
2894,Neoplasm of the pancreas,effect/phenotype,HPO
6753,Neoplasm of the stomach,effect/phenotype,HPO
100013,Neoplasm of the breast,effect/phenotype,HPO
30430,Neuroma,effect/phenotype,HPO
2196,FAT2,gene/protein,NCBI
7787,Posterior subcapsular cataract,effect/phenotype,HPO
100009,Intracranial meningioma,effect/phenotype,HPO
587,Abnormality of the optic nerve,effect/phenotype,HPO
1271,Polyneuropathy,effect/phenotype,HPO
1317,Abnormal cerebellum morphology,effect/phenotype,HPO
2172,Postural instability,effect/phenotype,HPO
2317,FLNB,gene/protein,NCBI
2512,Brain stem compression,effect/phenotype,HPO
6824,Cranial nerve paralysis,effect/phenotype,HPO
8069,Neoplasm of the skin,effect/phenotype,HPO
9027,Foot dorsiflexor weakness,effect/phenotype,HPO
9831,Mononeuropathy,effect/phenotype,HPO
31189,Wrist drop,effect/phenotype,HPO
100010,Spinal meningioma,effect/phenotype,HPO
2381,sweat gland neoplasm,disease,MONDO
9733,Glioma,effect/phenotype,HPO
98,Tall stature,effect/phenotype,HPO
364,Hearing abnormality,effect/phenotype,HPO
3100,Slender long bone,effect/phenotype,HPO
3401,Paresthesia,effect/phenotype,HPO
1012,CDH13,gene/protein,NCBI
7440,Generalized hyperpigmentation,effect/phenotype,HPO
512,Abnormal electroretinogram,effect/phenotype,HPO
567,B2M,gene/protein,NCBI
818,Abnormality of the endocrine system,effect/phenotype,HPO
2970,Genu varum,effect/phenotype,HPO
3272,Abnormal hip bone morphology,effect/phenotype,HPO
5506,PPP1R3A,gene/protein,NCBI
7378,UPP1,gene/protein,NCBI
10786,Urinary tract neoplasm,effect/phenotype,HPO
10935,PRDX3,gene/protein,NCBI
100545,Arterial stenosis,effect/phenotype,HPO
2719,GPC3,gene/protein,NCBI
1370,Rheumatoid arthritis,effect/phenotype,HPO
2923,PDIA3,gene/protein,NCBI
31191,Deep dermal perivascular inflammatory infiltrate,effect/phenotype,HPO
25528,Annular cutaneous lesion,effect/phenotype,HPO
30351,Urticarial plaque,effect/phenotype,HPO
32235,Anti-La/SS-B antibody positivity,effect/phenotype,HPO
20151,Anti-dsDNA antibody positivity,effect/phenotype,HPO
11355,Localized skin lesion,effect/phenotype,HPO
30053,Stiff skin,effect/phenotype,HPO
177,Abnormality of upper lip,effect/phenotype,HPO
324,APC,gene/protein,NCBI
689,Dental malocclusion,effect/phenotype,HPO
2076,Migraine,effect/phenotype,HPO
4426,Abnormality of the cheek,effect/phenotype,HPO
6336,Short dental roots,effect/phenotype,HPO
9019,Progressive loss of facial adipose tissue,effect/phenotype,HPO
11331,Hemifacial atrophy,effect/phenotype,HPO
11821,Abnormality of facial skeleton,effect/phenotype,HPO
100560,Upper limb asymmetry,effect/phenotype,HPO
100876,Infra-orbital crease,effect/phenotype,HPO
100899,Sclerosis of finger phalanx,effect/phenotype,HPO
366,AQP9,gene/protein,NCBI
872,Hashimoto thyroiditis,effect/phenotype,HPO
1626,Abnormality of the cardiovascular system,effect/phenotype,HPO
3330,Abnormal bone structure,effect/phenotype,HPO
11138,Abnormality of skin adnexa morphology,effect/phenotype,HPO
30878,Abnormality on pulmonary function testing,effect/phenotype,HPO
30899,Pruritis on hand,effect/phenotype,HPO
12325,Chronic myelomonocytic leukemia,effect/phenotype,HPO
10829,Impaired temperature sensation,effect/phenotype,HPO
2828,Multiple joint contractures,effect/phenotype,HPO
772,Abnormality of the ribs,effect/phenotype,HPO
5587,PRKD1,gene/protein,NCBI
6543,Cardiorespiratory arrest,effect/phenotype,HPO
7489,Diffuse telangiectasia,effect/phenotype,HPO
978,CDA,gene/protein,NCBI
7394,Prominent superficial blood vessels,effect/phenotype,HPO
3489,IGFBP6,gene/protein,NCBI
10835,Dissociated sensory loss,effect/phenotype,HPO
12181,Entrapment neuropathy,effect/phenotype,HPO
12645,Enlarged peripheral nerve,effect/phenotype,HPO
421,Epistaxis,effect/phenotype,HPO
1026,CDKN1A,gene/protein,NCBI
2087,Abnormality of the upper respiratory tract,effect/phenotype,HPO
3376,Steppage gait,effect/phenotype,HPO
10827,Abnormality of the seventh cranial nerve,effect/phenotype,HPO
11334,Facial shape deformation,effect/phenotype,HPO
12155,Decreased corneal sensation,effect/phenotype,HPO
12500,Verrucous papule,effect/phenotype,HPO
31005,Hyperalgesia,effect/phenotype,HPO
1743,Abnormality of the spleen,effect/phenotype,HPO
5561,Abnormality of bone marrow cell morphology,effect/phenotype,HPO
32404,Testicular mass,effect/phenotype,HPO
100583,Corneal perforation,effect/phenotype,HPO
5339,Abnormality of complement system,effect/phenotype,HPO
25475,Erythematous macule,effect/phenotype,HPO
100803,Abnormality of the periungual region,effect/phenotype,HPO
234,Abnormality of the head,effect/phenotype,HPO
282,Facial edema,effect/phenotype,HPO
1075,CTSC,gene/protein,NCBI
1232,CCR3,gene/protein,NCBI
1454,Abnormality of the upper arm,effect/phenotype,HPO
1965,Abnormal scalp morphology,effect/phenotype,HPO
2165,Pterygium of nails,effect/phenotype,HPO
2814,Abnormality of the lower limb,effect/phenotype,HPO
7432,Intermittent generalized erythematous papular rash,effect/phenotype,HPO
9123,SLC16A3,gene/protein,NCBI
11911,Abnormality of metacarpophalangeal joint,effect/phenotype,HPO
12490,Panniculitis,effect/phenotype,HPO
30254,Nail bed hemorrhage,effect/phenotype,HPO
31093,Abnormal breast morphology,effect/phenotype,HPO
31234,Neutrophilic infiltration of the skin,effect/phenotype,HPO
32156,Skin detachment,effect/phenotype,HPO
32217,Indurated nodule,effect/phenotype,HPO
100871,Abnormality of the palm,effect/phenotype,HPO
100872,Abnormality of the plantar skin of foot,effect/phenotype,HPO
1059,Pterygium,effect/phenotype,HPO
2242,coagulation protein disease,disease,MONDO
4334,Dermal atrophy,effect/phenotype,HPO
12115,Hepatitis,effect/phenotype,HPO
100649,Neoplasm of the oral cavity,effect/phenotype,HPO
30447,Merkel cell skin cancer,effect/phenotype,HPO
2730,Chronic noninfectious lymphadenopathy,effect/phenotype,HPO
5374,Cellular immunodeficiency,effect/phenotype,HPO
11356,Regional abnormality of skin,effect/phenotype,HPO
6739,Squamous cell carcinoma of the skin,effect/phenotype,HPO
6775,STAT4,gene/protein,NCBI
12658,Abnormal brain FDG positron emission tomography,effect/phenotype,HPO
30692,Brain neoplasm,effect/phenotype,HPO
40095,Neoplasm of the outer ear,effect/phenotype,HPO
2653,Bone pain,effect/phenotype,HPO
1161,Hand polydactyly,effect/phenotype,HPO
1829,Foot polydactyly,effect/phenotype,HPO
1582,Redundant skin,effect/phenotype,HPO
12189,Hodgkin lymphoma,effect/phenotype,HPO
963,Thin skin,effect/phenotype,HPO
12245,Sex reversal,effect/phenotype,HPO
271,Abnormality of the face,effect/phenotype,HPO
2445,Tetraplegia,effect/phenotype,HPO
7021,Pain insensitivity,effect/phenotype,HPO
726,Dementia,effect/phenotype,HPO
1265,Hyporeflexia,effect/phenotype,HPO
2221,Absent axillary hair,effect/phenotype,HPO
2555,Absent pubic hair,effect/phenotype,HPO
2194,FASN,gene/protein,NCBI
411,Protruding ear,effect/phenotype,HPO
1199,Triphalangeal thumb,effect/phenotype,HPO
40036,Onychogryposis of fingernail,effect/phenotype,HPO
8193,Primary gonadal insufficiency,effect/phenotype,HPO
786,Primary amenorrhea,effect/phenotype,HPO
789,Infertility,effect/phenotype,HPO
837,Increased circulating gonadotropin level,effect/phenotype,HPO
939,Osteoporosis,effect/phenotype,HPO
3187,Breast hypoplasia,effect/phenotype,HPO
3799,conjunctivitis (disease),disease,MONDO
5469,MED1,gene/protein,NCBI
7464,Sparse facial hair,effect/phenotype,HPO
8187,Absence of secondary sex characteristics,effect/phenotype,HPO
8214,Decreased serum estradiol,effect/phenotype,HPO
8633,Agonadism,effect/phenotype,HPO
8684,Aplasia/hypoplasia of the uterus,effect/phenotype,HPO
10463,Aplasia of the ovary,effect/phenotype,HPO
11961,Non-obstructive azoospermia,effect/phenotype,HPO
2225,Sparse pubic hair,effect/phenotype,HPO
3393,Thenar muscle atrophy,effect/phenotype,HPO
6184,Decreased palmar creases,effect/phenotype,HPO
9185,REPS2,gene/protein,NCBI
10487,Small hypothenar eminence,effect/phenotype,HPO
12506,Small pituitary gland,effect/phenotype,HPO
79,Abnormality of the urinary system,effect/phenotype,HPO
100,Nephrotic syndrome,effect/phenotype,HPO
1937,Microangiopathic hemolytic anemia,effect/phenotype,HPO
25435,Increased lactate dehydrogenase level,effect/phenotype,HPO
1541,Ascites,effect/phenotype,HPO
40319,Dark urine,effect/phenotype,HPO
3453,Antineutrophil antibody positivity,effect/phenotype,HPO
1096,Keratoconjunctivitis,effect/phenotype,HPO
1155,Abnormality of the hand,effect/phenotype,HPO
1760,Abnormal foot morphology,effect/phenotype,HPO
1790,Nonimmune hydrops fetalis,effect/phenotype,HPO
10472,Abnormal circulating porphyrin concentration,effect/phenotype,HPO
12086,Abnormal urinary color,effect/phenotype,HPO
7559,Localized epidermolytic hyperkeratosis,effect/phenotype,HPO
12057,Superficial spreading melanoma,effect/phenotype,HPO
12058,Nodular melanoma,effect/phenotype,HPO
12059,Lentigo maligna melanoma,effect/phenotype,HPO
25081,Darier's sign,effect/phenotype,HPO
31291,Ichthyosis follicularis,effect/phenotype,HPO
33167,Neutrophilic urticarial dermatosis,effect/phenotype,HPO
40137,Comedonal acne,effect/phenotype,HPO
410133,Chronic idiopathic urticaria,effect/phenotype,HPO
410134,Physical urticaria,effect/phenotype,HPO
550003,Proximal scleroderma,effect/phenotype,HPO
11792,Neoplasm by histology,effect/phenotype,HPO
100243,Leiomyosarcoma,effect/phenotype,HPO
11368,Epidermal thickening,effect/phenotype,HPO
30416,Vulvar neoplasm,effect/phenotype,HPO
3549,Abnormality of connective tissue,effect/phenotype,HPO
100495,Mastocytosis,effect/phenotype,HPO
2,A2M,gene/protein,NCBI
59,ACTA2,gene/protein,NCBI
72,ACTG2,gene/protein,NCBI
143,PARP4,gene/protein,NCBI
240,ALOX5,gene/protein,NCBI
332,BIRC5,gene/protein,NCBI
538,ATP7A,gene/protein,NCBI
578,BAK1,gene/protein,NCBI
581,BAX,gene/protein,NCBI
595,CCND1,gene/protein,NCBI
596,BCL2,gene/protein,NCBI
673,BRAF,gene/protein,NCBI
781,CACNA2D1,gene/protein,NCBI
894,CCND2,gene/protein,NCBI
1158,CKM,gene/protein,NCBI
1356,CP,gene/protein,NCBI
1499,CTNNB1,gene/protein,NCBI
1592,CYP26A1,gene/protein,NCBI
1670,DEFA5,gene/protein,NCBI
1755,DMBT1,gene/protein,NCBI
1786,DNMT1,gene/protein,NCBI
1890,TYMP,gene/protein,NCBI
1956,EGFR,gene/protein,NCBI
2064,ERBB2,gene/protein,NCBI
2122,MECOM,gene/protein,NCBI
2153,telogen effluvium,disease,MONDO
2203,FBP1,gene/protein,NCBI
2348,FOLR1,gene/protein,NCBI
2475,MTOR,gene/protein,NCBI
2520,GAST,gene/protein,NCBI
2535,FZD2,gene/protein,NCBI
2596,GAP43,gene/protein,NCBI
2641,GCG,gene/protein,NCBI
3158,HMGCS2,gene/protein,NCBI
3280,HES1,gene/protein,NCBI
3306,HSPA2,gene/protein,NCBI
3315,HSPB1,gene/protein,NCBI
3383,ICAM1,gene/protein,NCBI
3399,ID3,gene/protein,NCBI
3458,IFNG,gene/protein,NCBI
3481,IGF2,gene/protein,NCBI
3484,IGFBP1,gene/protein,NCBI
3553,ampulla of vater adenosquamous carcinoma,disease,MONDO
3557,IL1RN,gene/protein,NCBI
3604,TNFRSF9,gene/protein,NCBI
3627,CXCL10,gene/protein,NCBI
3679,ITGA7,gene/protein,NCBI
3700,ITIH4,gene/protein,NCBI
3725,JUN,gene/protein,NCBI
3757,KCNH2,gene/protein,NCBI
3845,KRAS,gene/protein,NCBI
3952,LEP,gene/protein,NCBI
4023,LPL,gene/protein,NCBI
4057,LTF,gene/protein,NCBI
4129,MAOB,gene/protein,NCBI
4171,MCM2,gene/protein,NCBI
4224,MEP1A,gene/protein,NCBI
4288,MKI67,gene/protein,NCBI
4292,supraglottis verrucous carcinoma,disease,MONDO
4316,acantholytic squamous cell skin carcinoma,disease,MONDO
4318,MMP9,gene/protein,NCBI
4321,MMP12,gene/protein,NCBI
4524,MTHFR,gene/protein,NCBI
4595,MUTYH,gene/protein,NCBI
4790,NFKB1,gene/protein,NCBI
4843,NOS2,gene/protein,NCBI
4851,NOTCH1,gene/protein,NCBI
4904,YBX1,gene/protein,NCBI
4953,ODC1,gene/protein,NCBI
5020,OXT,gene/protein,NCBI
5071,PRKN,gene/protein,NCBI
5111,PCNA,gene/protein,NCBI
5121,PCP4,gene/protein,NCBI
5423,POLB,gene/protein,NCBI
5468,PPARG,gene/protein,NCBI
5606,MAP2K3,gene/protein,NCBI
5743,PTGS2,gene/protein,NCBI
5782,PTPN12,gene/protein,NCBI
5795,PTPRJ,gene/protein,NCBI
5970,RELA,gene/protein,NCBI
5981,RFC1,gene/protein,NCBI
6275,S100A4,gene/protein,NCBI
6280,S100A9,gene/protein,NCBI
6364,CCL20,gene/protein,NCBI
6513,SLC2A1,gene/protein,NCBI
6573,lipodystrophy (disease),disease,MONDO
6580,SLC22A1,gene/protein,NCBI
6648,SOD2,gene/protein,NCBI
6678,SPARC,gene/protein,NCBI
6714,SRC,gene/protein,NCBI
6774,STAT3,gene/protein,NCBI
6817,SULT1A1,gene/protein,NCBI
6876,TAGLN,gene/protein,NCBI
6934,TCF7L2,gene/protein,NCBI
6941,TCF19,gene/protein,NCBI
7048,acrokeratosis verruciformis,disease,MONDO
7124,TNF,gene/protein,NCBI
7157,TP53,gene/protein,NCBI
7158,TP53BP1,gene/protein,NCBI
7170,TPM3,gene/protein,NCBI
7298,TYMS,gene/protein,NCBI
7372,UMPS,gene/protein,NCBI
7422,VEGFA,gene/protein,NCBI
8313,AXIN2,gene/protein,NCBI
8314,BAP1,gene/protein,NCBI
8320,EOMES,gene/protein,NCBI
8434,RECK,gene/protein,NCBI
8549,LGR5,gene/protein,NCBI
8626,TP63,gene/protein,NCBI
8668,EIF3I,gene/protein,NCBI
8678,BECN1,gene/protein,NCBI
8743,TNFSF10,gene/protein,NCBI
8797,TNFRSF10A,gene/protein,NCBI
8842,PROM1,gene/protein,NCBI
9235,IL32,gene/protein,NCBI
10765,KDM5B,gene/protein,NCBI
11156,PTP4A3,gene/protein,NCBI
11200,CHEK2,gene/protein,NCBI
23028,KDM1A,gene/protein,NCBI
23186,RCOR1,gene/protein,NCBI
23236,PLCB1,gene/protein,NCBI
23476,BRD4,gene/protein,NCBI
25788,RAD54B,gene/protein,NCBI
27035,NOX1,gene/protein,NCBI
28234,SLCO1B3,gene/protein,NCBI
29950,SERTAD1,gene/protein,NCBI
30011,SH3KBP1,gene/protein,NCBI
50507,NOX4,gene/protein,NCBI
51176,LEF1,gene/protein,NCBI
54739,XAF1,gene/protein,NCBI
57381,RHOJ,gene/protein,NCBI
57447,NDRG2,gene/protein,NCBI
60487,TRMT11,gene/protein,NCBI
80196,RNF34,gene/protein,NCBI
90355,MACIR,gene/protein,NCBI
116844,LRG1,gene/protein,NCBI
160728,SLC5A8,gene/protein,NCBI
407008,MIR223,gene/protein,NCBI
407054,MIR98,gene/protein,NCBI
553158,PRR5-ARHGAP8,gene/protein,NCBI
100507056,CCAT1,gene/protein,NCBI
31,ACACA,gene/protein,NCBI
47,ACLY,gene/protein,NCBI
50,ACO2,gene/protein,NCBI
51,ACOX1,gene/protein,NCBI
60,ACTB,gene/protein,NCBI
118,ADD1,gene/protein,NCBI
127,ADH4,gene/protein,NCBI
148,ADRA1A,gene/protein,NCBI
151,ADRA2B,gene/protein,NCBI
174,AFP,gene/protein,NCBI
307,ANXA4,gene/protein,NCBI
319,APOF,gene/protein,NCBI
325,APCS,gene/protein,NCBI
328,APEX1,gene/protein,NCBI
335,APOA1,gene/protein,NCBI
367,AR,gene/protein,NCBI
390,RND3,gene/protein,NCBI
472,ATM,gene/protein,NCBI
598,BCL2L1,gene/protein,NCBI
637,BID,gene/protein,NCBI
699,BUB1,gene/protein,NCBI
701,BUB1B,gene/protein,NCBI
735,C9,gene/protein,NCBI
760,CA2,gene/protein,NCBI
841,CASP8,gene/protein,NCBI
864,RUNX3,gene/protein,NCBI
891,CCNB1,gene/protein,NCBI
898,CCNE1,gene/protein,NCBI
899,CCNF,gene/protein,NCBI
922,CD5L,gene/protein,NCBI
947,CD34,gene/protein,NCBI
983,CDK1,gene/protein,NCBI
990,CDC6,gene/protein,NCBI
991,CDC20,gene/protein,NCBI
1027,gonococcal seminal vesiculitis,disease,MONDO
1031,CDKN2C,gene/protein,NCBI
1033,CDKN3,gene/protein,NCBI
1050,CEBPA,gene/protein,NCBI
1051,CEBPB,gene/protein,NCBI
1052,CEBPD,gene/protein,NCBI
1058,CENPA,gene/protein,NCBI
1071,CETP,gene/protein,NCBI
1230,acute orbital inflammation,disease,MONDO
1306,COL15A1,gene/protein,NCBI
1312,COMT,gene/protein,NCBI
1393,CRHBP,gene/protein,NCBI
1401,CRP,gene/protein,NCBI
1464,CSPG4,gene/protein,NCBI
1509,CTSD,gene/protein,NCBI
1540,CYLD,gene/protein,NCBI
1543,CYP1A1,gene/protein,NCBI
1544,CYP1A2,gene/protein,NCBI
1555,CYP2B6,gene/protein,NCBI
1571,CYP2E1,gene/protein,NCBI
1579,CYP4A11,gene/protein,NCBI
1586,CYP17A1,gene/protein,NCBI
1621,DBH,gene/protein,NCBI
1634,DCN,gene/protein,NCBI
1636,ACE,gene/protein,NCBI
1646,AKR1C2,gene/protein,NCBI
1776,DNASE1L3,gene/protein,NCBI
1827,RCAN1,gene/protein,NCBI
1869,E2F1,gene/protein,NCBI
1950,EGF,gene/protein,NCBI
1958,EGR1,gene/protein,NCBI
1959,EGR2,gene/protein,NCBI
2023,ENO1,gene/protein,NCBI
2052,EPHX1,gene/protein,NCBI
2056,EPO,gene/protein,NCBI
2099,ESR1,gene/protein,NCBI
2108,ETFA,gene/protein,NCBI
2146,EZH2,gene/protein,NCBI
2147,F2,gene/protein,NCBI
2177,FANCD2,gene/protein,NCBI
2182,ACSL4,gene/protein,NCBI
2220,FCN2,gene/protein,NCBI
2222,FDFT1,gene/protein,NCBI
2248,FGF3,gene/protein,NCBI
2249,FGF4,gene/protein,NCBI
2305,FOXM1,gene/protein,NCBI
2563,GABRD,gene/protein,NCBI
2597,GAPDH,gene/protein,NCBI
2658,iris cancer,disease,MONDO
2690,GHR,gene/protein,NCBI
2735,GLI1,gene/protein,NCBI
2752,GLUL,gene/protein,NCBI
2775,GNAO1,gene/protein,NCBI
2810,SFN,gene/protein,NCBI
2823,GPM6A,gene/protein,NCBI
2944,external ear carcinoma,disease,MONDO
2998,GYS2,gene/protein,NCBI
3082,HGF,gene/protein,NCBI
3083,HGFAC,gene/protein,NCBI
3148,HMGB2,gene/protein,NCBI
3156,HMGCR,gene/protein,NCBI
3161,HMMR,gene/protein,NCBI
3206,HOXA10,gene/protein,NCBI
3209,HOXA13,gene/protein,NCBI
3235,HOXD9,gene/protein,NCBI
3265,HRAS,gene/protein,NCBI
3284,HSD3B2,gene/protein,NCBI
3309,HSPA5,gene/protein,NCBI
3313,HSPA9,gene/protein,NCBI
3417,IDH1,gene/protein,NCBI
3439,IFNA1,gene/protein,NCBI
3476,IGBP1,gene/protein,NCBI
3479,IGF1,gene/protein,NCBI
3480,IGF1R,gene/protein,NCBI
3482,IGF2R,gene/protein,NCBI
3483,IGFALS,gene/protein,NCBI
3491,CCN1,gene/protein,NCBI
3556,endometrial adenosquamous carcinoma,disease,MONDO
3569,IL6,gene/protein,NCBI
3576,CXCL8,gene/protein,NCBI
3660,IRF2,gene/protein,NCBI
3667,IRS1,gene/protein,NCBI
3699,ITIH3,gene/protein,NCBI
3832,KIF11,gene/protein,NCBI
3833,KIFC1,gene/protein,NCBI
3925,STMN1,gene/protein,NCBI
3931,LCAT,gene/protein,NCBI
3954,LETM1,gene/protein,NCBI
3977,LIFR,gene/protein,NCBI
4018,LPA,gene/protein,NCBI
4102,MAGEA3,gene/protein,NCBI
4105,MAGEA6,gene/protein,NCBI
4137,MAPT,gene/protein,NCBI
4143,MAT1A,gene/protein,NCBI
4204,MECP2,gene/protein,NCBI
4233,MET,gene/protein,NCBI
4297,KMT2A,gene/protein,NCBI
4353,MPO,gene/protein,NCBI
4439,MSH5,gene/protein,NCBI
4489,MT1A,gene/protein,NCBI
4493,MT1E,gene/protein,NCBI
4494,MT1F,gene/protein,NCBI
4502,MT2A,gene/protein,NCBI
4598,MVK,gene/protein,NCBI
4605,chronic ulcer of skin,disease,MONDO
4751,NEK2,gene/protein,NCBI
4780,NFE2L2,gene/protein,NCBI
4792,NFKBIA,gene/protein,NCBI
4796,TONSL,gene/protein,NCBI
4830,NME1,gene/protein,NCBI
4837,NNMT,gene/protein,NCBI
4854,NOTCH3,gene/protein,NCBI
4998,ORC1,gene/protein,NCBI
5052,PRDX1,gene/protein,NCBI
5155,PDGFB,gene/protein,NCBI
5157,PDGFRL,gene/protein,NCBI
5166,PDK4,gene/protein,NCBI
5199,CFP,gene/protein,NCBI
5218,CDK14,gene/protein,NCBI
5226,PGD,gene/protein,NCBI
5243,ABCB1,gene/protein,NCBI
5244,ABCB4,gene/protein,NCBI
5245,PHB,gene/protein,NCBI
5265,SERPINA1,gene/protein,NCBI
5267,SERPINA4,gene/protein,NCBI
5290,PIK3CA,gene/protein,NCBI
5307,PITX1,gene/protein,NCBI
5315,PKM,gene/protein,NCBI
5317,PKP1,gene/protein,NCBI
5347,PLK1,gene/protein,NCBI
5502,PPP1R1A,gene/protein,NCBI
5728,PTEN,gene/protein,NCBI
5745,PTH1R,gene/protein,NCBI
5747,PTK2,gene/protein,NCBI
5836,PYGL,gene/protein,NCBI
5858,PZP,gene/protein,NCBI
5879,RAC1,gene/protein,NCBI
5914,RARA,gene/protein,NCBI
5925,RB1,gene/protein,NCBI
6091,ROBO1,gene/protein,NCBI
6194,RPS6,gene/protein,NCBI
6197,RPS6KA3,gene/protein,NCBI
6240,RRM1,gene/protein,NCBI
6241,RRM2,gene/protein,NCBI
6319,SCD,gene/protein,NCBI
6348,CCL3,gene/protein,NCBI
6387,CXCL12,gene/protein,NCBI
6422,SFRP1,gene/protein,NCBI
6469,SHH,gene/protein,NCBI
6502,SKP2,gene/protein,NCBI
6720,SREBF1,gene/protein,NCBI
6721,SREBF2,gene/protein,NCBI
6756,SSX1,gene/protein,NCBI
6772,STAT1,gene/protein,NCBI
6790,AURKA,gene/protein,NCBI
6888,TALDO1,gene/protein,NCBI
6927,HNF1A,gene/protein,NCBI
7001,PRDX2,gene/protein,NCBI
7015,TERT,gene/protein,NCBI
7039,TGFA,gene/protein,NCBI
7040,TGFB1,gene/protein,NCBI
7053,TGM3,gene/protein,NCBI
7054,TH,gene/protein,NCBI
7070,THY1,gene/protein,NCBI
7083,TK1,gene/protein,NCBI
7099,TLR4,gene/protein,NCBI
7153,TOP2A,gene/protein,NCBI
7248,TSC1,gene/protein,NCBI
7263,TST,gene/protein,NCBI
7272,TTK,gene/protein,NCBI
7325,UBE2E2,gene/protein,NCBI
7345,UCHL1,gene/protein,NCBI
7376,NR1H2,gene/protein,NCBI
7412,Beare-Stevenson cutis gyrata syndrome,disease,MONDO
7433,VIPR1,gene/protein,NCBI
7538,ZFP36,gene/protein,NCBI
7546,ZIC2,gene/protein,NCBI
7571,ZNF23,gene/protein,NCBI
7832,BTG2,gene/protein,NCBI
7980,TFPI2,gene/protein,NCBI
8208,CHAF1B,gene/protein,NCBI
8289,ARID1A,gene/protein,NCBI
8312,AXIN1,gene/protein,NCBI
8318,CDC45,gene/protein,NCBI
8406,SRPX,gene/protein,NCBI
8407,TAGLN2,gene/protein,NCBI
8431,NR0B2,gene/protein,NCBI
8438,RAD54L,gene/protein,NCBI
8547,FCN3,gene/protein,NCBI
8660,IRS2,gene/protein,NCBI
8667,EIF3H,gene/protein,NCBI
8685,MARCO,gene/protein,NCBI
8805,TRIM24,gene/protein,NCBI
8821,INPP4B,gene/protein,NCBI
8826,IQGAP1,gene/protein,NCBI
8835,SOCS2,gene/protein,NCBI
8862,APLN,gene/protein,NCBI
8900,CCNA1,gene/protein,NCBI
9021,SOCS3,gene/protein,NCBI
9055,PRC1,gene/protein,NCBI
9077,DIRAS3,gene/protein,NCBI
9099,USP2,gene/protein,NCBI
9133,CCNB2,gene/protein,NCBI
9156,EXO1,gene/protein,NCBI
9212,AURKB,gene/protein,NCBI
9227,LRAT,gene/protein,NCBI
9232,PTTG1,gene/protein,NCBI
9319,TRIP13,gene/protein,NCBI
9332,CD163,gene/protein,NCBI
9353,SLIT2,gene/protein,NCBI
9493,KIF23,gene/protein,NCBI
9510,ADAMTS1,gene/protein,NCBI
9518,GDF15,gene/protein,NCBI
9547,CXCL14,gene/protein,NCBI
9588,PRDX6,gene/protein,NCBI
9636,ISG15,gene/protein,NCBI
9681,DEPDC5,gene/protein,NCBI
9757,KMT2B,gene/protein,NCBI
9768,PCLAF,gene/protein,NCBI
9787,DLGAP5,gene/protein,NCBI
9824,ARHGAP11A,gene/protein,NCBI
9829,DNAJC6,gene/protein,NCBI
9833,MELK,gene/protein,NCBI
9837,GINS1,gene/protein,NCBI
9920,KBTBD11,gene/protein,NCBI
9928,KIF14,gene/protein,NCBI
9965,FGF19,gene/protein,NCBI
9971,NR1H4,gene/protein,NCBI
10024,TROAP,gene/protein,NCBI
10112,KIF20A,gene/protein,NCBI
10293,TRAIP,gene/protein,NCBI
10332,CLEC4M,gene/protein,NCBI
10403,albinism-deafness syndrome,disease,MONDO
10413,YAP1,gene/protein,NCBI
10460,TACC3,gene/protein,NCBI
10476,ATP5PD,gene/protein,NCBI
10486,CAP2,gene/protein,NCBI
10533,ATG7,gene/protein,NCBI
10537,UBD,gene/protein,NCBI
10553,HTATIP2,gene/protein,NCBI
10584,COLEC10,gene/protein,NCBI
10642,IGF2BP1,gene/protein,NCBI
10643,IGF2BP3,gene/protein,NCBI
10788,IQGAP2,gene/protein,NCBI
10855,HPSE,gene/protein,NCBI
10894,LYVE1,gene/protein,NCBI
10961,ERP29,gene/protein,NCBI
10987,COPS5,gene/protein,NCBI
10990,LILRB5,gene/protein,NCBI
11004,KIF2C,gene/protein,NCBI
11065,UBE2C,gene/protein,NCBI
11082,ESM1,gene/protein,NCBI
11093,ADAMTS13,gene/protein,NCBI
11130,ZWINT,gene/protein,NCBI
11185,INMT,gene/protein,NCBI
11315,PARK7,gene/protein,NCBI
11318,GPR182,gene/protein,NCBI
11326,VSIG4,gene/protein,NCBI
22822,PHLDA1,gene/protein,NCBI
22849,CPEB3,gene/protein,NCBI
22937,SCAP,gene/protein,NCBI
22974,TPX2,gene/protein,NCBI
22994,CEP131,gene/protein,NCBI
23397,NCAPH,gene/protein,NCBI
24137,KIF4A,gene/protein,NCBI
25891,PAMR1,gene/protein,NCBI
25903,OLFML2B,gene/protein,NCBI
27085,MTBP,gene/protein,NCBI
27232,GNMT,gene/protein,NCBI
28982,FLVCR1,gene/protein,NCBI
29089,UBE2T,gene/protein,NCBI
29108,PYCARD,gene/protein,NCBI
29126,CD274,gene/protein,NCBI
29127,RACGAP1,gene/protein,NCBI
29128,UHRF1,gene/protein,NCBI
30845,EHD3,gene/protein,NCBI
51053,GMNN,gene/protein,NCBI
51085,MLXIPL,gene/protein,NCBI
51166,AADAT,gene/protein,NCBI
51179,HAO2,gene/protein,NCBI
51191,HERC5,gene/protein,NCBI
51201,ZDHHC2,gene/protein,NCBI
51203,NUSAP1,gene/protein,NCBI
51266,CLEC1B,gene/protein,NCBI
51302,CYP39A1,gene/protein,NCBI
51316,PLAC8,gene/protein,NCBI
51360,MBTPS2,gene/protein,NCBI
51438,MAGEC2,gene/protein,NCBI
51441,YTHDF2,gene/protein,NCBI
51512,GTSE1,gene/protein,NCBI
51514,DTL,gene/protein,NCBI
54443,ANLN,gene/protein,NCBI
54968,TMEM70,gene/protein,NCBI
55143,CDCA8,gene/protein,NCBI
55165,CEP55,gene/protein,NCBI
55215,FANCI,gene/protein,NCBI
55227,LRRC1,gene/protein,NCBI
55247,NEIL3,gene/protein,NCBI
55355,HJURP,gene/protein,NCBI
55379,LRRC59,gene/protein,NCBI
55388,MCM10,gene/protein,NCBI
55576,STAB2,gene/protein,NCBI
55635,DEPDC1,gene/protein,NCBI
55723,ASF1B,gene/protein,NCBI
55789,DEPDC1B,gene/protein,NCBI
55840,EAF2,gene/protein,NCBI
55872,PBK,gene/protein,NCBI
56892,TCIM,gene/protein,NCBI
56992,KIF15,gene/protein,NCBI
57016,AKR1B10,gene/protein,NCBI
57125,PLXDC1,gene/protein,NCBI
57393,CLTRN,gene/protein,NCBI
57405,SPC25,gene/protein,NCBI
57492,ARID1B,gene/protein,NCBI
57509,MTUS1,gene/protein,NCBI
57512,GPR158,gene/protein,NCBI
57733,GBA3,gene/protein,NCBI
57817,HAMP,gene/protein,NCBI
58508,KMT2C,gene/protein,NCBI
64151,NCAPG,gene/protein,NCBI
64399,HHIP,gene/protein,NCBI
64478,CSMD1,gene/protein,NCBI
64651,CSRNP1,gene/protein,NCBI
65010,SLC26A6,gene/protein,NCBI
79019,CENPM,gene/protein,NCBI
79574,EPS8L3,gene/protein,NCBI
79682,CENPU,gene/protein,NCBI
79733,E2F8,gene/protein,NCBI
79742,DIPK2B,gene/protein,NCBI
79831,KDM8,gene/protein,NCBI
79968,WDR76,gene/protein,NCBI
80028,FBXL18,gene/protein,NCBI
80168,MOGAT2,gene/protein,NCBI
80178,TEDC2,gene/protein,NCBI
80381,CD276,gene/protein,NCBI
81610,FAM83D,gene/protein,NCBI
81620,CDT1,gene/protein,NCBI
81930,KIF18A,gene/protein,NCBI
83394,PITPNM3,gene/protein,NCBI
83461,CDCA3,gene/protein,NCBI
83483,PLVAP,gene/protein,NCBI
83540,NUF2,gene/protein,NCBI
83597,RTP3,gene/protein,NCBI
83854,ANGPTL6,gene/protein,NCBI
83875,BCO2,gene/protein,NCBI
83876,MRO,gene/protein,NCBI
83932,SPRTN,gene/protein,NCBI
83940,TATDN1,gene/protein,NCBI
84107,ZIC4,gene/protein,NCBI
84735,CNDP1,gene/protein,NCBI
84870,RSPO3,gene/protein,NCBI
84873,ADGRG7,gene/protein,NCBI
84879,MFSD2A,gene/protein,NCBI
84904,ARHGEF39,gene/protein,NCBI
85416,ZIC5,gene/protein,NCBI
85445,CNTNAP4,gene/protein,NCBI
85480,TSLP,gene/protein,NCBI
87178,PNPT1,gene/protein,NCBI
89885,FATE1,gene/protein,NCBI
90381,TICRR,gene/protein,NCBI
91937,TIMD4,gene/protein,NCBI
113130,CDCA5,gene/protein,NCBI
114804,RNF157,gene/protein,NCBI
114990,VASN,gene/protein,NCBI
117145,THEM4,gene/protein,NCBI
122953,JDP2,gene/protein,NCBI
128239,IQGAP3,gene/protein,NCBI
131669,UROC1,gene/protein,NCBI
138009,DCAF4L2,gene/protein,NCBI
139420,PPP4R3C,gene/protein,NCBI
143941,TTC36,gene/protein,NCBI
146909,KIF18B,gene/protein,NCBI
147372,CCBE1,gene/protein,NCBI
150468,CKAP2L,gene/protein,NCBI
157313,CDCA2,gene/protein,NCBI
168667,BMPER,gene/protein,NCBI
169611,OLFML2A,gene/protein,NCBI
170392,OIT3,gene/protein,NCBI
170712,COX7B2,gene/protein,NCBI
196528,ARID2,gene/protein,NCBI
197358,NLRC3,gene/protein,NCBI
220134,SKA1,gene/protein,NCBI
221150,SKA3,gene/protein,NCBI
259266,ASPM,gene/protein,NCBI
283600,SLC25A47,gene/protein,NCBI
284403,WDR62,gene/protein,NCBI
338005,LINC00221,gene/protein,NCBI
339390,CLEC4G,gene/protein,NCBI
374393,FAM111B,gene/protein,NCBI
374569,ASPG,gene/protein,NCBI
387103,CENPW,gene/protein,NCBI
387775,SLC22A10,gene/protein,NCBI
389558,FAM180A,gene/protein,NCBI
400258,C14orf180,gene/protein,NCBI
406906,MIR122,gene/protein,NCBI
574473,MIR520B,gene/protein,NCBI
653067,XAGE1B,gene/protein,NCBI
653820,FAM72B,gene/protein,NCBI
664612,MIR539,gene/protein,NCBI
693200,MIR615,gene/protein,NCBI
723961,INS-IGF2,gene/protein,NCBI
100124700,HOTAIR,gene/protein,NCBI
100126334,MIR885,gene/protein,NCBI
100507436,MICA,gene/protein,NCBI
105416157,NKILA,gene/protein,NCBI
9,NAT1,gene/protein,NCBI
624,BDKRB2,gene/protein,NCBI
3108,HLA-DMA,gene/protein,NCBI
3586,IL10,gene/protein,NCBI
3827,KNG1,gene/protein,NCBI
50943,FOXP3,gene/protein,NCBI
21,ABCA3,gene/protein,NCBI
24,ABCA4,gene/protein,NCBI
25,ABL1,gene/protein,NCBI
34,ACADM,gene/protein,NCBI
43,ACHE,gene/protein,NCBI
90,ACVR1,gene/protein,NCBI
95,ACY1,gene/protein,NCBI
102,ADAM10,gene/protein,NCBI
103,ADAR,gene/protein,NCBI
142,PARP1,gene/protein,NCBI
182,JAG1,gene/protein,NCBI
196,AHR,gene/protein,NCBI
207,AKT1,gene/protein,NCBI
208,AKT2,gene/protein,NCBI
226,ALDOA,gene/protein,NCBI
267,AMFR,gene/protein,NCBI
287,ANK2,gene/protein,NCBI
318,NUDT2,gene/protein,NCBI
329,BIRC2,gene/protein,NCBI
343,AQP8,gene/protein,NCBI
346,APOC4,gene/protein,NCBI
353,APRT,gene/protein,NCBI
357,SHROOM2,gene/protein,NCBI
374,AREG,gene/protein,NCBI
375,ARF1,gene/protein,NCBI
396,ARHGDIA,gene/protein,NCBI
435,ASL,gene/protein,NCBI
489,ATP2A3,gene/protein,NCBI
533,ATP6V0B,gene/protein,NCBI
540,ATP7B,gene/protein,NCBI
554,AVPR2,gene/protein,NCBI
573,BAG1,gene/protein,NCBI
580,BARD1,gene/protein,NCBI
590,BCHE,gene/protein,NCBI
597,BCL2A1,gene/protein,NCBI
643,CXCR5,gene/protein,NCBI
650,BMP2,gene/protein,NCBI
652,BMP4,gene/protein,NCBI
659,BMPR2,gene/protein,NCBI
672,BRCA1,gene/protein,NCBI
675,BRCA2,gene/protein,NCBI
695,BTK,gene/protein,NCBI
741,ZNHIT2,gene/protein,NCBI
840,CASP7,gene/protein,NCBI
847,CAT,gene/protein,NCBI
857,CAV1,gene/protein,NCBI
865,CBFB,gene/protein,NCBI
914,CD2,gene/protein,NCBI
996,CDC27,gene/protein,NCBI
1003,CDH5,gene/protein,NCBI
1008,CDH10,gene/protein,NCBI
1040,CDS1,gene/protein,NCBI
1073,CFL2,gene/protein,NCBI
1111,CHEK1,gene/protein,NCBI
1144,CHRND,gene/protein,NCBI
1180,CLCN1,gene/protein,NCBI
1294,COL7A1,gene/protein,NCBI
1301,COL11A1,gene/protein,NCBI
1310,COL19A1,gene/protein,NCBI
1364,CLDN4,gene/protein,NCBI
1374,CPT1A,gene/protein,NCBI
1394,CRHR1,gene/protein,NCBI
1406,CRX,gene/protein,NCBI
1435,CSF1,gene/protein,NCBI
1436,CSF1R,gene/protein,NCBI
1437,CSF2,gene/protein,NCBI
1440,CSF3,gene/protein,NCBI
1453,CSNK1D,gene/protein,NCBI
1472,CST4,gene/protein,NCBI
1474,CST6,gene/protein,NCBI
1523,CUX1,gene/protein,NCBI
1545,CYP1B1,gene/protein,NCBI
1565,CYP2D6,gene/protein,NCBI
1576,CYP3A4,gene/protein,NCBI
1588,CYP19A1,gene/protein,NCBI
1591,CYP24A1,gene/protein,NCBI
1649,DDIT3,gene/protein,NCBI
1654,DDX3X,gene/protein,NCBI
1662,DDX10,gene/protein,NCBI
1674,DES,gene/protein,NCBI
1719,gonococcal bursitis,disease,MONDO
1728,NQO1,gene/protein,NCBI
1735,DIO3,gene/protein,NCBI
1756,frontal sinus cancer,disease,MONDO
1770,DNAH9,gene/protein,NCBI
1788,DNMT3A,gene/protein,NCBI
1789,DNMT3B,gene/protein,NCBI
1825,DSC3,gene/protein,NCBI
1857,DVL3,gene/protein,NCBI
1902,congenital agammaglobulinemia,disease,MONDO
1909,EDNRA,gene/protein,NCBI
1910,EDNRB,gene/protein,NCBI
1933,EEF1B2,gene/protein,NCBI
1938,vulvar dystrophy,disease,MONDO
1942,EFNA1,gene/protein,NCBI
1983,EIF5,gene/protein,NCBI
1990,CELA1,gene/protein,NCBI
2004,ELK3,gene/protein,NCBI
2033,EP300,gene/protein,NCBI
2050,EPHB4,gene/protein,NCBI
2057,EPOR,gene/protein,NCBI
2065,ERBB3,gene/protein,NCBI
2066,ERBB4,gene/protein,NCBI
2074,ERCC6,gene/protein,NCBI
2100,ESR2,gene/protein,NCBI
2101,ESRRA,gene/protein,NCBI
2114,ETS2,gene/protein,NCBI
2118,ETV4,gene/protein,NCBI
2152,F3,gene/protein,NCBI
2166,FAAH,gene/protein,NCBI
2173,FABP7,gene/protein,NCBI
2218,FKTN,gene/protein,NCBI
2255,FGF10,gene/protein,NCBI
2263,FGFR2,gene/protein,NCBI
2274,FHL2,gene/protein,NCBI
2316,FLNA,gene/protein,NCBI
2350,FOLR2,gene/protein,NCBI
2538,G6PC,gene/protein,NCBI
2549,GAB1,gene/protein,NCBI
2557,GABRA4,gene/protein,NCBI
2568,GABRP,gene/protein,NCBI
2625,GATA3,gene/protein,NCBI
2662,GDF10,gene/protein,NCBI
2697,GJA1,gene/protein,NCBI
2771,GNAI2,gene/protein,NCBI
2804,GOLGB1,gene/protein,NCBI
2817,GPC1,gene/protein,NCBI
2821,GPI,gene/protein,NCBI
2837,UTS2R,gene/protein,NCBI
2852,GPER1,gene/protein,NCBI
2876,GPX1,gene/protein,NCBI
2877,GPX2,gene/protein,NCBI
2879,GPX4,gene/protein,NCBI
2886,GRB7,gene/protein,NCBI
2899,GRIK3,gene/protein,NCBI
2906,GRIN2D,gene/protein,NCBI
2916,GRM6,gene/protein,NCBI
2920,CXCL2,gene/protein,NCBI
2934,GSN,gene/protein,NCBI
2956,MSH6,gene/protein,NCBI
2986,GUCY2F,gene/protein,NCBI
3006,H1-2,gene/protein,NCBI
3014,H2AX,gene/protein,NCBI
3032,HADHB,gene/protein,NCBI
3069,HDLBP,gene/protein,NCBI
3084,NRG1,gene/protein,NCBI
3087,HHEX,gene/protein,NCBI
3090,extrahepatic bile duct carcinoma,disease,MONDO
3101,HK3,gene/protein,NCBI
3141,HLCS,gene/protein,NCBI
3162,HMOX1,gene/protein,NCBI
3169,FOXA1,gene/protein,NCBI
3190,middle ear carcinoma,disease,MONDO
3191,HNRNPL,gene/protein,NCBI
3200,HOXA3,gene/protein,NCBI
3201,HOXA4,gene/protein,NCBI
3219,HOXB9,gene/protein,NCBI
3237,HOXD11,gene/protein,NCBI
3240,HP,gene/protein,NCBI
3273,HRG,gene/protein,NCBI
3290,HSD11B1,gene/protein,NCBI
3304,HSPA1B,gene/protein,NCBI
3320,HSP90AA1,gene/protein,NCBI
3381,IBSP,gene/protein,NCBI
3431,SP110,gene/protein,NCBI
3440,IFNA2,gene/protein,NCBI
3456,IFNB1,gene/protein,NCBI
3488,IGFBP5,gene/protein,NCBI
3551,thymic adenosquamous carcinoma,disease,MONDO
3620,IDO1,gene/protein,NCBI
3680,ITGA9,gene/protein,NCBI
3692,EIF6,gene/protein,NCBI
3741,KCNA5,gene/protein,NCBI
3756,KCNH1,gene/protein,NCBI
3758,KCNJ1,gene/protein,NCBI
3772,KCNJ15,gene/protein,NCBI
3791,KDR,gene/protein,NCBI
3815,KIT,gene/protein,NCBI
3841,KPNA5,gene/protein,NCBI
3852,KRT5,gene/protein,NCBI
3856,KRT8,gene/protein,NCBI
3861,KRT14,gene/protein,NCBI
3875,KRT18,gene/protein,NCBI
3895,KTN1,gene/protein,NCBI
3908,LAMA2,gene/protein,NCBI
3945,LDHB,gene/protein,NCBI
3953,LEPR,gene/protein,NCBI
3957,LGALS2,gene/protein,NCBI
3973,LHCGR,gene/protein,NCBI
3991,LIPE,gene/protein,NCBI
3993,LLGL2,gene/protein,NCBI
3996,LLGL1,gene/protein,NCBI
4007,PRICKLE3,gene/protein,NCBI
4017,LOXL2,gene/protein,NCBI
4046,LSP1,gene/protein,NCBI
4103,MAGEA4,gene/protein,NCBI
4118,MAL,gene/protein,NCBI
4123,MAN2C1,gene/protein,NCBI
4128,MAOA,gene/protein,NCBI
4193,MDM2,gene/protein,NCBI
4194,MDM4,gene/protein,NCBI
4211,MEIS1,gene/protein,NCBI
4214,MAP3K1,gene/protein,NCBI
4240,MFGE8,gene/protein,NCBI
4253,MIA2,gene/protein,NCBI
4282,MIF,gene/protein,NCBI
4283,CXCL9,gene/protein,NCBI
4311,MME,gene/protein,NCBI
4312,MMP1,gene/protein,NCBI
4319,MMP10,gene/protein,NCBI
4323,MMP14,gene/protein,NCBI
4361,MRE11,gene/protein,NCBI
4363,ABCC1,gene/protein,NCBI
4485,MST1,gene/protein,NCBI
4504,MT3,gene/protein,NCBI
4548,MTR,gene/protein,NCBI
4619,MYH1,gene/protein,NCBI
4627,MYH9,gene/protein,NCBI
4654,MYOD1,gene/protein,NCBI
4660,PPP1R12B,gene/protein,NCBI
4683,NBN,gene/protein,NCBI
4695,NDUFA2,gene/protein,NCBI
4696,NDUFA3,gene/protein,NCBI
4702,NDUFA8,gene/protein,NCBI
4722,NDUFS3,gene/protein,NCBI
4734,NEDD4,gene/protein,NCBI
4763,NF1,gene/protein,NCBI
4771,NF2,gene/protein,NCBI
4802,NFYC,gene/protein,NCBI
4810,NHS,gene/protein,NCBI
4829,NMBR,gene/protein,NCBI
4835,NQO2,gene/protein,NCBI
4846,NOS3,gene/protein,NCBI
4853,gonococcal endophthalmia,disease,MONDO
4855,NOTCH4,gene/protein,NCBI
4897,NRCAM,gene/protein,NCBI
4919,ROR1,gene/protein,NCBI
4928,NUP98,gene/protein,NCBI
4948,OCA2,gene/protein,NCBI
5002,SLC22A18,gene/protein,NCBI
5047,PAEP,gene/protein,NCBI
5055,SERPINB2,gene/protein,NCBI
5058,leiomyosarcoma,disease,MONDO
5100,systemic sclerosis,disease,MONDO
5138,PDE2A,gene/protein,NCBI
5154,PDGFA,gene/protein,NCBI
5170,PDPK1,gene/protein,NCBI
5174,PDZK1,gene/protein,NCBI
5187,PER1,gene/protein,NCBI
5205,ATP8B1,gene/protein,NCBI
5210,PFKFB4,gene/protein,NCBI
5241,PGR,gene/protein,NCBI
5257,PHKB,gene/protein,NCBI
5270,SERPINE2,gene/protein,NCBI
5291,PIK3CB,gene/protein,NCBI
5292,PIM1,gene/protein,NCBI
5300,PIN1,gene/protein,NCBI
5321,PLA2G4A,gene/protein,NCBI
5351,PLOD1,gene/protein,NCBI
5358,PLS3,gene/protein,NCBI
5364,PLXNB1,gene/protein,NCBI
5407,PNLIPRP1,gene/protein,NCBI
5429,POLH,gene/protein,NCBI
5451,POU2F1,gene/protein,NCBI
5464,PPA1,gene/protein,NCBI
5562,PRKAA1,gene/protein,NCBI
5563,PRKAA2,gene/protein,NCBI
5625,PRODH,gene/protein,NCBI
5631,PRPS1,gene/protein,NCBI
5638,PRRG1,gene/protein,NCBI
5655,KLK10,gene/protein,NCBI
5742,PTGS1,gene/protein,NCBI
5744,PTHLH,gene/protein,NCBI
5784,PTPN14,gene/protein,NCBI
5788,PTPRC,gene/protein,NCBI
5789,PTPRD,gene/protein,NCBI
5880,RAC2,gene/protein,NCBI
5888,RAD51,gene/protein,NCBI
5889,RAD51C,gene/protein,NCBI
5890,RAD51B,gene/protein,NCBI
5894,RAF1,gene/protein,NCBI
5902,RANBP1,gene/protein,NCBI
5909,RAP1GAP,gene/protein,NCBI
5916,RARG,gene/protein,NCBI
5924,RASGRF2,gene/protein,NCBI
5935,RBM3,gene/protein,NCBI
5965,RECQL,gene/protein,NCBI
5990,RFX2,gene/protein,NCBI
5997,RGS2,gene/protein,NCBI
6007,RHD,gene/protein,NCBI
6147,RPL23A,gene/protein,NCBI
6160,RPL31,gene/protein,NCBI
6181,RPLP2,gene/protein,NCBI
6191,RPS4X,gene/protein,NCBI
6199,RPS6KB2,gene/protein,NCBI
6201,RPS7,gene/protein,NCBI
6202,extrahepatic bile duct adenosquamous carcinoma,disease,MONDO
6236,RRAD,gene/protein,NCBI
6249,CLIP1,gene/protein,NCBI
6257,RXRB,gene/protein,NCBI
6338,SCNN1B,gene/protein,NCBI
6342,SCP2,gene/protein,NCBI
6416,MAP2K4,gene/protein,NCBI
6423,SFRP2,gene/protein,NCBI
6425,SFRP5,gene/protein,NCBI
6426,SRSF1,gene/protein,NCBI
6492,SIM1,gene/protein,NCBI
6499,SKIV2L,gene/protein,NCBI
6504,SLAMF1,gene/protein,NCBI
6518,SLC2A5,gene/protein,NCBI
6531,SLC6A3,gene/protein,NCBI
6547,exanthem (disease),disease,MONDO
6549,SLC9A2,gene/protein,NCBI
6591,panniculitis,disease,MONDO
6602,porokeratosis (disease),disease,MONDO
6615,sweat gland disease,disease,MONDO
6623,SNCG,gene/protein,NCBI
6653,SORL1,gene/protein,NCBI
6683,SPAST,gene/protein,NCBI
6696,SPP1,gene/protein,NCBI
6709,SPTAN1,gene/protein,NCBI
6776,STAT5A,gene/protein,NCBI
6811,STX5,gene/protein,NCBI
6834,SURF1,gene/protein,NCBI
6916,TBXAS1,gene/protein,NCBI
6926,TBX3,gene/protein,NCBI
6935,ZEB1,gene/protein,NCBI
6944,VPS72,gene/protein,NCBI
6950,TCP1,gene/protein,NCBI
7007,TECTA,gene/protein,NCBI
7010,TEK,gene/protein,NCBI
7016,TESK1,gene/protein,NCBI
7020,TFAP2A,gene/protein,NCBI
7025,chancre,disease,MONDO
7037,TFRC,gene/protein,NCBI
7052,TGM2,gene/protein,NCBI
7057,THBS1,gene/protein,NCBI
7059,THBS3,gene/protein,NCBI
7087,ICAM5,gene/protein,NCBI
7090,TLE3,gene/protein,NCBI
7092,TLL1,gene/protein,NCBI
7106,TSPAN4,gene/protein,NCBI
7145,TNS1,gene/protein,NCBI
7150,TOP1,gene/protein,NCBI
7159,TP53BP2,gene/protein,NCBI
7161,TP73,gene/protein,NCBI
7171,TPM4,gene/protein,NCBI
7179,autoimmune disease,disease,MONDO
7223,TRPC4,gene/protein,NCBI
7267,TTC3,gene/protein,NCBI
7295,TXN,gene/protein,NCBI
7348,UPK1B,gene/protein,NCBI
7355,SLC35A2,gene/protein,NCBI
7421,VDR,gene/protein,NCBI
7423,VEGFB,gene/protein,NCBI
7424,VEGFC,gene/protein,NCBI
7431,VIM,gene/protein,NCBI
7468,NSD2,gene/protein,NCBI
7480,WNT10B,gene/protein,NCBI
7494,XBP1,gene/protein,NCBI
7498,XDH,gene/protein,NCBI
7516,XRCC2,gene/protein,NCBI
7517,XRCC3,gene/protein,NCBI
7627,ZNF75A,gene/protein,NCBI
7818,Hyper-IgE recurrent infection syndrome 1,disease,MONDO
7852,CXCR4,gene/protein,NCBI
7913,DEK,gene/protein,NCBI
7916,PRRC2A,gene/protein,NCBI
7923,HSD17B8,gene/protein,NCBI
8021,NUP214,gene/protein,NCBI
8029,CUBN,gene/protein,NCBI
8038,ADAM12,gene/protein,NCBI
8076,MFAP5,gene/protein,NCBI
8085,KMT2D,gene/protein,NCBI
8087,FXR1,gene/protein,NCBI
8202,NCOA3,gene/protein,NCBI
8204,NRIP1,gene/protein,NCBI
8291,DYSF,gene/protein,NCBI
8347,H2BC4,gene/protein,NCBI
8359,H4C1,gene/protein,NCBI
8412,BCAR3,gene/protein,NCBI
8493,PPM1D,gene/protein,NCBI
8518,ELP1,gene/protein,NCBI
8526,DGKE,gene/protein,NCBI
8528,DDO,gene/protein,NCBI
8542,APOL1,gene/protein,NCBI
8563,THOC5,gene/protein,NCBI
8614,STC2,gene/protein,NCBI
8636,SSNA1,gene/protein,NCBI
8648,NCOA1,gene/protein,NCBI
8863,PER3,gene/protein,NCBI
8864,PER2,gene/protein,NCBI
8871,SYNJ2,gene/protein,NCBI
8886,DDX18,gene/protein,NCBI
8887,TAX1BP1,gene/protein,NCBI
8894,EIF2S2,gene/protein,NCBI
8899,PRPF4B,gene/protein,NCBI
8907,AP1M1,gene/protein,NCBI
8914,TIMELESS,gene/protein,NCBI
8997,KALRN,gene/protein,NCBI
9048,ARTN,gene/protein,NCBI
9056,SLC7A7,gene/protein,NCBI
9064,MAP3K6,gene/protein,NCBI
9076,CLDN1,gene/protein,NCBI
9118,INA,gene/protein,NCBI
9136,RRP9,gene/protein,NCBI
9152,SLC6A5,gene/protein,NCBI
9154,SLC28A1,gene/protein,NCBI
9175,MAP3K13,gene/protein,NCBI
9208,LRRFIP1,gene/protein,NCBI
9260,PDLIM7,gene/protein,NCBI
9282,MED14,gene/protein,NCBI
9411,ARHGAP29,gene/protein,NCBI
9429,ABCG2,gene/protein,NCBI
9462,RASAL2,gene/protein,NCBI
9472,AKAP6,gene/protein,NCBI
9540,TP53I3,gene/protein,NCBI
9563,H6PD,gene/protein,NCBI
9564,BCAR1,gene/protein,NCBI
9576,SPAG6,gene/protein,NCBI
9582,APOBEC3B,gene/protein,NCBI
9611,NCOR1,gene/protein,NCBI
9623,TCL1B,gene/protein,NCBI
9635,CLCA2,gene/protein,NCBI
9647,PPM1F,gene/protein,NCBI
9668,ZNF432,gene/protein,NCBI
9726,ZNF646,gene/protein,NCBI
9744,ACAP1,gene/protein,NCBI
9754,STARD8,gene/protein,NCBI
9759,HDAC4,gene/protein,NCBI
9801,MRPL19,gene/protein,NCBI
9817,KEAP1,gene/protein,NCBI
9821,RB1CC1,gene/protein,NCBI
9839,ZEB2,gene/protein,NCBI
9877,ZC3H11A,gene/protein,NCBI
9884,LRRC37A,gene/protein,NCBI
9901,SRGAP3,gene/protein,NCBI
9908,G3BP2,gene/protein,NCBI
9940,DLEC1,gene/protein,NCBI
9968,MED12,gene/protein,NCBI
9986,RCE1,gene/protein,NCBI
10010,TANK,gene/protein,NCBI
10016,PDCD6,gene/protein,NCBI
10045,SH2D3A,gene/protein,NCBI
10058,ABCB6,gene/protein,NCBI
10139,ARFRP1,gene/protein,NCBI
10142,AKAP9,gene/protein,NCBI
10160,FARP1,gene/protein,NCBI
10178,TENM1,gene/protein,NCBI
10236,HNRNPR,gene/protein,NCBI
10270,AKAP8,gene/protein,NCBI
10276,NET1,gene/protein,NCBI
10297,APC2,gene/protein,NCBI
10318,TNIP1,gene/protein,NCBI
10343,PKDREJ,gene/protein,NCBI
10371,SEMA3A,gene/protein,NCBI
10381,TUBB3,gene/protein,NCBI
10397,NDRG1,gene/protein,NCBI
10457,GPNMB,gene/protein,NCBI
10480,EIF3M,gene/protein,NCBI
10481,angioedema,disease,MONDO
10499,NCOA2,gene/protein,NCBI
10542,LAMTOR5,gene/protein,NCBI
10551,AGR2,gene/protein,NCBI
10558,SPTLC1,gene/protein,NCBI
10564,ARFGEF2,gene/protein,NCBI
10579,TACC2,gene/protein,NCBI
10580,SORBS1,gene/protein,NCBI
10599,SLCO1B1,gene/protein,NCBI
10660,LBX1,gene/protein,NCBI
10712,FAM189B,gene/protein,NCBI
10916,MAGED2,gene/protein,NCBI
10940,POP1,gene/protein,NCBI
11009,IL24,gene/protein,NCBI
11018,TMED1,gene/protein,NCBI
11041,B4GAT1,gene/protein,NCBI
11067,DEPP1,gene/protein,NCBI
11129,CLASRP,gene/protein,NCBI
11179,ZNF277,gene/protein,NCBI
11188,NISCH,gene/protein,NCBI
11193,WBP4,gene/protein,NCBI
11194,ABCB8,gene/protein,NCBI
11250,GPR45,gene/protein,NCBI
22795,NID2,gene/protein,NCBI
22843,PPM1E,gene/protein,NCBI
22844,FRMPD1,gene/protein,NCBI
22878,TRAPPC8,gene/protein,NCBI
22891,ZNF365,gene/protein,NCBI
22943,DKK1,gene/protein,NCBI
22948,CCT5,gene/protein,NCBI
22982,DIP2C,gene/protein,NCBI
23008,KLHDC10,gene/protein,NCBI
23013,SPEN,gene/protein,NCBI
23033,DOP1A,gene/protein,NCBI
23054,NCOA6,gene/protein,NCBI
23061,TBC1D9B,gene/protein,NCBI
23101,MCF2L2,gene/protein,NCBI
23127,COLGALT2,gene/protein,NCBI
23136,EPB41L3,gene/protein,NCBI
23152,CIC,gene/protein,NCBI
23163,GGA3,gene/protein,NCBI
23174,ZCCHC14,gene/protein,NCBI
23179,RGL1,gene/protein,NCBI
23210,JMJD6,gene/protein,NCBI
23224,SYNE2,gene/protein,NCBI
23245,ASTN2,gene/protein,NCBI
23301,EHBP1,gene/protein,NCBI
23339,VPS39,gene/protein,NCBI
23345,SYNE1,gene/protein,NCBI
23352,UBR4,gene/protein,NCBI
23387,SIK3,gene/protein,NCBI
23406,COTL1,gene/protein,NCBI
23411,SIRT1,gene/protein,NCBI
23456,ABCB10,gene/protein,NCBI
23462,HEY1,gene/protein,NCBI
23493,HEY2,gene/protein,NCBI
23499,MACF1,gene/protein,NCBI
23503,ZFYVE26,gene/protein,NCBI
23522,KAT6B,gene/protein,NCBI
23528,ZNF281,gene/protein,NCBI
23650,TRIM29,gene/protein,NCBI
23673,STX12,gene/protein,NCBI
23678,SGK3,gene/protein,NCBI
23705,CADM1,gene/protein,NCBI
24149,ZNF318,gene/protein,NCBI
25800,SLC39A6,gene/protein,NCBI
25824,PRDX5,gene/protein,NCBI
25836,NIPBL,gene/protein,NCBI
26037,SIPA1L1,gene/protein,NCBI
26038,CHD5,gene/protein,NCBI
26040,SETBP1,gene/protein,NCBI
26060,APPL1,gene/protein,NCBI
26088,GGA1,gene/protein,NCBI
26092,TOR1AIP1,gene/protein,NCBI
26150,RIBC2,gene/protein,NCBI
26227,PHGDH,gene/protein,NCBI
26269,FBXO8,gene/protein,NCBI
26280,IL1RAPL2,gene/protein,NCBI
26286,ARFGAP3,gene/protein,NCBI
26504,CNNM4,gene/protein,NCBI
26508,HEYL,gene/protein,NCBI
26528,DAZAP1,gene/protein,NCBI
26986,PABPC1,gene/protein,NCBI
27037,TRMT2A,gene/protein,NCBI
27098,CLUL1,gene/protein,NCBI
27246,RNF115,gene/protein,NCBI
27250,PDCD4,gene/protein,NCBI
27255,CNTN6,gene/protein,NCBI
27324,TOX3,gene/protein,NCBI
27333,GOLIM4,gene/protein,NCBI
27340,UTP20,gene/protein,NCBI
28316,CDH20,gene/protein,NCBI
28514,DLL1,gene/protein,NCBI
28957,MRPS28,gene/protein,NCBI
28998,MRPL13,gene/protein,NCBI
29072,SETD2,gene/protein,NCBI
29789,OLA1,gene/protein,NCBI
29942,PURG,gene/protein,NCBI
30818,KCNIP3,gene/protein,NCBI
30849,PIK3R4,gene/protein,NCBI
50485,SMARCAL1,gene/protein,NCBI
50618,ITSN2,gene/protein,NCBI
50649,ARHGEF4,gene/protein,NCBI
50838,TAS2R13,gene/protein,NCBI
51076,CUTC,gene/protein,NCBI
51081,MRPS7,gene/protein,NCBI
51112,TRAPPC12,gene/protein,NCBI
51129,ANGPTL4,gene/protein,NCBI
51167,CYB5R4,gene/protein,NCBI
51182,HSPA14,gene/protein,NCBI
51314,NME8,gene/protein,NCBI
51350,KRT76,gene/protein,NCBI
51361,HOOK1,gene/protein,NCBI
51388,NIP7,gene/protein,NCBI
51433,ANAPC5,gene/protein,NCBI
51466,EVL,gene/protein,NCBI
51533,PHF7,gene/protein,NCBI
51535,PPHLN1,gene/protein,NCBI
51564,HDAC7,gene/protein,NCBI
51649,MRPS23,gene/protein,NCBI
51692,CPSF3,gene/protein,NCBI
51702,PADI3,gene/protein,NCBI
51741,WWOX,gene/protein,NCBI
51763,INPP5K,gene/protein,NCBI
51804,SIX4,gene/protein,NCBI
53335,BCL11A,gene/protein,NCBI
54210,TREM1,gene/protein,NCBI
54437,SEMA5B,gene/protein,NCBI
54475,NLE1,gene/protein,NCBI
54498,SMOX,gene/protein,NCBI
54567,DLL4,gene/protein,NCBI
54584,GNB1L,gene/protein,NCBI
54600,UGT1A9,gene/protein,NCBI
54848,ARHGEF38,gene/protein,NCBI
54929,TMEM161A,gene/protein,NCBI
54995,OXSM,gene/protein,NCBI
55005,RMND1,gene/protein,NCBI
55110,MAGOHB,gene/protein,NCBI
55140,ELP3,gene/protein,NCBI
55146,ZDHHC4,gene/protein,NCBI
55183,RIF1,gene/protein,NCBI
55193,PBRM1,gene/protein,NCBI
55197,RPRD1A,gene/protein,NCBI
55205,ZNF532,gene/protein,NCBI
55206,SBNO1,gene/protein,NCBI
55214,P3H2,gene/protein,NCBI
55245,UQCC1,gene/protein,NCBI
55248,PACC1,gene/protein,NCBI
55254,TMEM39A,gene/protein,NCBI
55294,FBXW7,gene/protein,NCBI
55342,STRBP,gene/protein,NCBI
55554,KLK15,gene/protein,NCBI
55613,MTMR8,gene/protein,NCBI
55614,KIF16B,gene/protein,NCBI
55728,N4BP2,gene/protein,NCBI
55734,ZFP64,gene/protein,NCBI
55746,NUP133,gene/protein,NCBI
55760,DHX32,gene/protein,NCBI
55809,TRERF1,gene/protein,NCBI
55818,KDM3A,gene/protein,NCBI
55876,GSDMB,gene/protein,NCBI
55959,SULF2,gene/protein,NCBI
56100,PCDHGB6,gene/protein,NCBI
56121,PCDHB15,gene/protein,NCBI
56180,MOSPD1,gene/protein,NCBI
56287,GKN1,gene/protein,NCBI
56666,PANX2,gene/protein,NCBI
56929,FEM1C,gene/protein,NCBI
56942,CMC2,gene/protein,NCBI
56945,MRPS22,gene/protein,NCBI
56946,EMSY,gene/protein,NCBI
57084,SLC17A6,gene/protein,NCBI
57178,ZMIZ1,gene/protein,NCBI
57192,MCOLN1,gene/protein,NCBI
57452,GALNT16,gene/protein,NCBI
57535,KIAA1324,gene/protein,NCBI
57554,LRRC7,gene/protein,NCBI
57561,ARRDC3,gene/protein,NCBI
57595,PDZD4,gene/protein,NCBI
57643,ZSWIM5,gene/protein,NCBI
57692,MAGEE1,gene/protein,NCBI
57724,EPG5,gene/protein,NCBI
58189,WFDC1,gene/protein,NCBI
58505,OSTC,gene/protein,NCBI
59352,LGR6,gene/protein,NCBI
60626,RIC8A,gene/protein,NCBI
63035,BCORL1,gene/protein,NCBI
63926,ANKEF1,gene/protein,NCBI
63939,FAM217B,gene/protein,NCBI
63943,FKBPL,gene/protein,NCBI
63967,CLSPN,gene/protein,NCBI
64411,ARAP3,gene/protein,NCBI
64755,C16orf58,gene/protein,NCBI
64778,FNDC3B,gene/protein,NCBI
64780,MICAL1,gene/protein,NCBI
64881,PCDH20,gene/protein,NCBI
65005,MRPL9,gene/protein,NCBI
65059,RAPH1,gene/protein,NCBI
65125,WNK1,gene/protein,NCBI
79068,FTO,gene/protein,NCBI
79072,FASTKD3,gene/protein,NCBI
79659,DYNC2H1,gene/protein,NCBI
79677,SMC6,gene/protein,NCBI
79694,MANEA,gene/protein,NCBI
79723,SUV39H2,gene/protein,NCBI
79728,PALB2,gene/protein,NCBI
79759,ZNF668,gene/protein,NCBI
79770,TXNDC15,gene/protein,NCBI
79813,EHMT1,gene/protein,NCBI
79836,LONRF3,gene/protein,NCBI
79842,ZBTB3,gene/protein,NCBI
80018,NAA25,gene/protein,NCBI
80230,RUFY1,gene/protein,NCBI
80304,WDCP,gene/protein,NCBI
80306,MED28,gene/protein,NCBI
80324,PUS1,gene/protein,NCBI
80332,ADAM33,gene/protein,NCBI
80774,LIMD2,gene/protein,NCBI
80818,ZNF436,gene/protein,NCBI
80863,PRRT1,gene/protein,NCBI
81031,SLC2A10,gene/protein,NCBI
81037,CLPTM1L,gene/protein,NCBI
81494,CFHR5,gene/protein,NCBI
81628,TSC22D4,gene/protein,NCBI
81797,OR12D3,gene/protein,NCBI
83416,FCRL5,gene/protein,NCBI
83439,TCF7L1,gene/protein,NCBI
83479,DDX59,gene/protein,NCBI
83548,COG3,gene/protein,NCBI
83729,INHBE,gene/protein,NCBI
83734,ATG10,gene/protein,NCBI
83741,TFAP2D,gene/protein,NCBI
83990,BRIP1,gene/protein,NCBI
84033,OBSCN,gene/protein,NCBI
84075,FSCB,gene/protein,NCBI
84142,ABRAXAS1,gene/protein,NCBI
84146,ZNF644,gene/protein,NCBI
84166,NLRC5,gene/protein,NCBI
84215,ZNF541,gene/protein,NCBI
84258,SYT3,gene/protein,NCBI
84273,NOA1,gene/protein,NCBI
84376,HOOK3,gene/protein,NCBI
84445,LZTS2,gene/protein,NCBI
84456,L3MBTL3,gene/protein,NCBI
84541,KBTBD8,gene/protein,NCBI
84680,ACCS,gene/protein,NCBI
84725,PLEKHA8,gene/protein,NCBI
84804,MFSD9,gene/protein,NCBI
84866,TMEM25,gene/protein,NCBI
84899,TMTC4,gene/protein,NCBI
85236,H2BC12,gene/protein,NCBI
85377,MICALL1,gene/protein,NCBI
90353,CTU1,gene/protein,NCBI
90529,STPG1,gene/protein,NCBI
90853,SPOCD1,gene/protein,NCBI
91074,ANKRD30A,gene/protein,NCBI
91179,SCARF2,gene/protein,NCBI
91289,LMF2,gene/protein,NCBI
91433,RCCD1,gene/protein,NCBI
91608,RASL10B,gene/protein,NCBI
91653,BOC,gene/protein,NCBI
91801,ALKBH8,gene/protein,NCBI
92014,SLC25A51,gene/protein,NCBI
92140,MTDH,gene/protein,NCBI
92270,ATP6AP1L,gene/protein,NCBI
92483,LDHAL6B,gene/protein,NCBI
93587,TRMT10A,gene/protein,NCBI
94005,PIGS,gene/protein,NCBI
94234,FOXQ1,gene/protein,NCBI
113179,ADAT3,gene/protein,NCBI
113510,HELQ,gene/protein,NCBI
113828,FAM83F,gene/protein,NCBI
114571,SLC22A9,gene/protein,NCBI
114815,SORCS1,gene/protein,NCBI
114885,OSBPL11,gene/protein,NCBI
115352,FCRL3,gene/protein,NCBI
116113,FOXP4,gene/protein,NCBI
116135,LRRC3B,gene/protein,NCBI
116986,AGAP2,gene/protein,NCBI
117156,SCGB3A2,gene/protein,NCBI
120526,DNAJC24,gene/protein,NCBI
124989,EFCAB13,gene/protein,NCBI
125228,FAM210A,gene/protein,NCBI
126205,NLRP8,gene/protein,NCBI
126248,WDR88,gene/protein,NCBI
127707,KLHDC7A,gene/protein,NCBI
127795,C1orf87,gene/protein,NCBI
128218,TMEM125,gene/protein,NCBI
130540,FLACC1,gene/protein,NCBI
130872,AHSA2P,gene/protein,NCBI
131408,FAM131A,gene/protein,NCBI
131965,METTL6,gene/protein,NCBI
132112,RTP1,gene/protein,NCBI
132671,SPATA18,gene/protein,NCBI
133522,PPARGC1B,gene/protein,NCBI
134218,DNAJC21,gene/protein,NCBI
134510,UBLCP1,gene/protein,NCBI
135228,CD109,gene/protein,NCBI
136647,MPLKIP,gene/protein,NCBI
137872,ADHFE1,gene/protein,NCBI
138046,RALYL,gene/protein,NCBI
138883,OR1N1,gene/protein,NCBI
145447,ABHD12B,gene/protein,NCBI
146862,UNC45B,gene/protein,NCBI
147463,ANKRD29,gene/protein,NCBI
148022,TICAM1,gene/protein,NCBI
148266,ZNF569,gene/protein,NCBI
148789,B3GALNT2,gene/protein,NCBI
149563,SRARP,gene/protein,NCBI
150483,TEKT4,gene/protein,NCBI
151636,DTX3L,gene/protein,NCBI
151647,TAFA4,gene/protein,NCBI
152273,FGD5,gene/protein,NCBI
157680,VPS13B,gene/protein,NCBI
158056,MAMDC4,gene/protein,NCBI
159195,USP54,gene/protein,NCBI
160897,GPR180,gene/protein,NCBI
161424,NOP9,gene/protein,NCBI
164656,TMPRSS6,gene/protein,NCBI
164781,DAW1,gene/protein,NCBI
165904,XIRP1,gene/protein,NCBI
167465,ZNF366,gene/protein,NCBI
170575,GIMAP1,gene/protein,NCBI
171019,ADAMTS19,gene/protein,NCBI
196403,DTX3,gene/protein,NCBI
200315,APOBEC3A,gene/protein,NCBI
203328,SUSD3,gene/protein,NCBI
219749,ZNF25,gene/protein,NCBI
220929,ZNF438,gene/protein,NCBI
221074,SLC39A12,gene/protein,NCBI
221078,NSUN6,gene/protein,NCBI
221393,ADGRF4,gene/protein,NCBI
221458,KIF6,gene/protein,NCBI
221687,RNF182,gene/protein,NCBI
221749,PXDC1,gene/protein,NCBI
221914,GPC2,gene/protein,NCBI
222389,BEND7,gene/protein,NCBI
252983,STXBP4,gene/protein,NCBI
253012,HEPACAM2,gene/protein,NCBI
254122,SNX32,gene/protein,NCBI
256714,MAP7D2,gene/protein,NCBI
256957,HEATR9,gene/protein,NCBI
257044,CATSPERE,gene/protein,NCBI
259173,ALS2CL,gene/protein,NCBI
259282,BOD1L1,gene/protein,NCBI
267004,PGBD3,gene/protein,NCBI
282973,JAKMIP3,gene/protein,NCBI
283120,H19,gene/protein,NCBI
283310,OTOGL,gene/protein,NCBI
283849,EXOC3L1,gene/protein,NCBI
284119,CAVIN1,gene/protein,NCBI
284615,ANKRD34A,gene/protein,NCBI
284996,RNF149,gene/protein,NCBI
286053,NSMCE2,gene/protein,NCBI
317772,H2AC21,gene/protein,NCBI
337975,KRTAP20-1,gene/protein,NCBI
337977,KRTAP21-1,gene/protein,NCBI
338321,NLRP9,gene/protein,NCBI
338323,NLRP14,gene/protein,NCBI
339327,ZNF546,gene/protein,NCBI
339976,TRIML1,gene/protein,NCBI
340205,TREML1,gene/protein,NCBI
342908,ZNF404,gene/protein,NCBI
343450,KCNT2,gene/protein,NCBI
345274,SLC10A6,gene/protein,NCBI
348180,CTU2,gene/protein,NCBI
348654,GEN1,gene/protein,NCBI
348793,WDR53,gene/protein,NCBI
374955,SPATA21,gene/protein,NCBI
374977,MROH7,gene/protein,NCBI
375444,C5orf34,gene/protein,NCBI
378938,MALAT1,gene/protein,NCBI
386681,KRTAP10-8,gene/protein,NCBI
387119,CEP85L,gene/protein,NCBI
388387,LINC00671,gene/protein,NCBI
389197,C4orf50,gene/protein,NCBI
389400,GFRAL,gene/protein,NCBI
400224,PLEKHD1,gene/protein,NCBI
400500,BCAR4,gene/protein,NCBI
404037,HAPLN4,gene/protein,NCBI
404281,YY2,gene/protein,NCBI
406894,MIR101-2,gene/protein,NCBI
406902,MIR10A,gene/protein,NCBI
406903,MIR10B,gene/protein,NCBI
406913,MIR126,gene/protein,NCBI
406914,MIR127,gene/protein,NCBI
406921,MIR132,gene/protein,NCBI
406933,MIR141,gene/protein,NCBI
406937,MIR145,gene/protein,NCBI
406938,MIR146A,gene/protein,NCBI
406943,MIR152,gene/protein,NCBI
406984,MIR200B,gene/protein,NCBI
406985,MIR200C,gene/protein,NCBI
406988,MIR205,gene/protein,NCBI
406989,MIR206,gene/protein,NCBI
406996,MIR214,gene/protein,NCBI
407006,MIR221,gene/protein,NCBI
407007,MIR222,gene/protein,NCBI
407013,MIR24-2,gene/protein,NCBI
407021,MIR29A,gene/protein,NCBI
407027,MIR301A,gene/protein,NCBI
442909,MIR342,gene/protein,NCBI
442910,MIR345,gene/protein,NCBI
474170,LRRC37A2,gene/protein,NCBI
554202,MIR31HG,gene/protein,NCBI
554210,MIR429,gene/protein,NCBI
574442,MIR489,gene/protein,NCBI
644246,KANSL1-AS1,gene/protein,NCBI
645249,MNX1-AS1,gene/protein,NCBI
647979,NORAD,gene/protein,NCBI
100128252,ZNF667-AS1,gene/protein,NCBI
100506658,OCLN,gene/protein,NCBI
202,CRYBG1,gene/protein,NCBI
216,ALDH1A1,gene/protein,NCBI
220,ALDH1A3,gene/protein,NCBI
356,FASLG,gene/protein,NCBI
402,ARL2,gene/protein,NCBI
434,ASIP,gene/protein,NCBI
740,MRPL49,gene/protein,NCBI
843,CASP10,gene/protein,NCBI
875,CBS,gene/protein,NCBI
1017,CDK2,gene/protein,NCBI
1028,CDKN1C,gene/protein,NCBI
1191,CLU,gene/protein,NCBI
1207,CLNS1A,gene/protein,NCBI
1280,COL2A1,gene/protein,NCBI
1491,CTH,gene/protein,NCBI
1493,CTLA4,gene/protein,NCBI
1630,DCC,gene/protein,NCBI
1643,DDB2,gene/protein,NCBI
1823,DSC1,gene/protein,NCBI
1896,EDA,gene/protein,NCBI
2035,EPB41,gene/protein,NCBI
2067,ERCC1,gene/protein,NCBI
2068,ERCC2,gene/protein,NCBI
2072,ERCC4,gene/protein,NCBI
2073,ERCC5,gene/protein,NCBI
2185,PTK2B,gene/protein,NCBI
2739,GLO1,gene/protein,NCBI
2767,GNA11,gene/protein,NCBI
2776,GNAQ,gene/protein,NCBI
2903,GRIN2A,gene/protein,NCBI
2913,GRM3,gene/protein,NCBI
3066,HDAC2,gene/protein,NCBI
3205,HOXA9,gene/protein,NCBI
3238,HOXD12,gene/protein,NCBI
3303,HSPA1A,gene/protein,NCBI
3371,TNC,gene/protein,NCBI
3442,IFNA5,gene/protein,NCBI
3558,adenosquamous prostate carcinoma,disease,MONDO
3619,INCENP,gene/protein,NCBI
3820,KLRB1,gene/protein,NCBI
3958,LGALS3,gene/protein,NCBI
4157,MC1R,gene/protein,NCBI
4217,MAP3K5,gene/protein,NCBI
4241,MELTF,gene/protein,NCBI
4286,MITF,gene/protein,NCBI
4317,MMP8,gene/protein,NCBI
4357,carcinoma of supraglottis,disease,MONDO
4507,MTAP,gene/protein,NCBI
4600,MX2,gene/protein,NCBI
4647,MYO7A,gene/protein,NCBI
4794,NFKBIE,gene/protein,NCBI
4878,NPPA,gene/protein,NCBI
4893,NRAS,gene/protein,NCBI
5078,PAX4,gene/protein,NCBI
5080,PAX6,gene/protein,NCBI
5133,endometriosis (disease),disease,MONDO
5156,PDGFRA,gene/protein,NCBI
5305,PIP4K2A,gene/protein,NCBI
5332,PLCB4,gene/protein,NCBI
5443,POMC,gene/protein,NCBI
5467,PPARD,gene/protein,NCBI
5537,PPP6C,gene/protein,NCBI
5604,MAP2K1,gene/protein,NCBI
5605,MAP2K2,gene/protein,NCBI
5796,PTPRK,gene/protein,NCBI
5800,hordeolum,disease,MONDO
5922,RASA2,gene/protein,NCBI
5979,RET,gene/protein,NCBI
6098,ROS1,gene/protein,NCBI
6188,RPS3,gene/protein,NCBI
6392,SDHD,gene/protein,NCBI
6494,SIPA1,gene/protein,NCBI
6538,SLC6A11,gene/protein,NCBI
6565,SLC15A2,gene/protein,NCBI
6794,hypersensitivity vasculitis,disease,MONDO
6850,SYK,gene/protein,NCBI
6860,SYT4,gene/protein,NCBI
7299,TYR,gene/protein,NCBI
7306,TYRP1,gene/protein,NCBI
7365,UGT2B10,gene/protein,NCBI
7507,XPA,gene/protein,NCBI
7508,XPC,gene/protein,NCBI
7536,SF1,gene/protein,NCBI
8028,MLLT10,gene/protein,NCBI
8295,TRRAP,gene/protein,NCBI
8452,CUL3,gene/protein,NCBI
9317,PTER,gene/protein,NCBI
9610,RIN1,gene/protein,NCBI
9682,KDM4A,gene/protein,NCBI
9689,BZW1,gene/protein,NCBI
9712,USP6NL,gene/protein,NCBI
9832,JAKMIP2,gene/protein,NCBI
9846,GAB2,gene/protein,NCBI
9869,SETDB1,gene/protein,NCBI
9947,MAGEC1,gene/protein,NCBI
9985,REC8,gene/protein,NCBI
10000,AKT3,gene/protein,NCBI
10013,HDAC6,gene/protein,NCBI
10557,RPP38,gene/protein,NCBI
10589,DRAP1,gene/protein,NCBI
10735,STAG2,gene/protein,NCBI
10743,RAI1,gene/protein,NCBI
10963,STIP1,gene/protein,NCBI
11098,PRSS23,gene/protein,NCBI
11141,IL1RAPL1,gene/protein,NCBI
22914,KLRK1,gene/protein,NCBI
23030,KDM4B,gene/protein,NCBI
23081,KDM4C,gene/protein,NCBI
23270,TSPYL4,gene/protein,NCBI
23512,SUZ12,gene/protein,NCBI
23532,PRAME,gene/protein,NCBI
23742,NPAP1,gene/protein,NCBI
25797,QPCT,gene/protein,NCBI
25842,ASF1A,gene/protein,NCBI
25913,POT1,gene/protein,NCBI
26472,PPP1R14B,gene/protein,NCBI
26503,SLC17A5,gene/protein,NCBI
26507,CNNM1,gene/protein,NCBI
29103,DNAJC15,gene/protein,NCBI
29901,SAC3D1,gene/protein,NCBI
30062,RAX,gene/protein,NCBI
51151,SLC45A2,gene/protein,NCBI
51501,HIKESHI,gene/protein,NCBI
53353,LRP1B,gene/protein,NCBI
54663,WDR74,gene/protein,NCBI
55014,STX17,gene/protein,NCBI
55149,MTPAP,gene/protein,NCBI
55331,ACER3,gene/protein,NCBI
55504,TNFRSF19,gene/protein,NCBI
55862,ECHDC1,gene/protein,NCBI
56128,PCDHB8,gene/protein,NCBI
56925,LXN,gene/protein,NCBI
57120,GOPC,gene/protein,NCBI
57678,GPAM,gene/protein,NCBI
57700,FAM160B1,gene/protein,NCBI
58485,TRAPPC1,gene/protein,NCBI
64215,DNAJC1,gene/protein,NCBI
64799,IQCH,gene/protein,NCBI
79633,FAT4,gene/protein,NCBI
79852,EPHX3,gene/protein,NCBI
80070,ADAMTS20,gene/protein,NCBI
80723,SLC35G2,gene/protein,NCBI
83638,C11orf68,gene/protein,NCBI
84285,EIF1AD,gene/protein,NCBI
114795,TMEM132B,gene/protein,NCBI
115265,DDIT4L,gene/protein,NCBI
116071,BATF2,gene/protein,NCBI
116150,NUS1,gene/protein,NCBI
126129,CPT1C,gene/protein,NCBI
128611,ZNF831,gene/protein,NCBI
160762,CCDC63,gene/protein,NCBI
161291,TMEM30B,gene/protein,NCBI
170589,GPHA2,gene/protein,NCBI
202559,KHDRBS2,gene/protein,NCBI
221079,ARL5B,gene/protein,NCBI
221294,NT5DC1,gene/protein,NCBI
222537,HS3ST5,gene/protein,NCBI
222546,RFX6,gene/protein,NCBI
245806,VGLL2,gene/protein,NCBI
283130,SLC25A45,gene/protein,NCBI
283316,CD163L1,gene/protein,NCBI
285761,DCBLD1,gene/protein,NCBI
338398,TAS2R60,gene/protein,NCBI
340273,ABCB5,gene/protein,NCBI
442908,MIR340,gene/protein,NCBI
55,ACP3,gene/protein,NCBI
113,ADCY7,gene/protein,NCBI
239,ALOX12,gene/protein,NCBI
473,RERE,gene/protein,NCBI
694,BTG1,gene/protein,NCBI
732,C8B,gene/protein,NCBI
800,CALD1,gene/protein,NCBI
926,CD8B,gene/protein,NCBI
1390,CREM,gene/protein,NCBI
1647,GADD45A,gene/protein,NCBI
1839,HBEGF,gene/protein,NCBI
1843,DUSP1,gene/protein,NCBI
1844,DUSP2,gene/protein,NCBI
1846,DUSP4,gene/protein,NCBI
1998,ELF2,gene/protein,NCBI
2355,glottis carcinoma,disease,MONDO
2766,larynx verrucous carcinoma,disease,MONDO
2791,GNG11,gene/protein,NCBI
2812,GP1BB,gene/protein,NCBI
2919,CXCL1,gene/protein,NCBI
3012,H2AC8,gene/protein,NCBI
3310,HSPA6,gene/protein,NCBI
3579,CXCR2,gene/protein,NCBI
3674,ITGA2B,gene/protein,NCBI
3693,ITGB5,gene/protein,NCBI
4026,skin tag,disease,MONDO
4088,cervical basaloid carcinoma,disease,MONDO
4133,MAP2,gene/protein,NCBI
4478,MSN,gene/protein,NCBI
4929,NR4A2,gene/protein,NCBI
4973,OLR1,gene/protein,NCBI
5008,OSM,gene/protein,NCBI
5239,PGM5,gene/protein,NCBI
5329,PLAUR,gene/protein,NCBI
5627,PROS1,gene/protein,NCBI
6515,SLC2A3,gene/protein,NCBI
6556,hand dermatosis,disease,MONDO
6786,STIM1,gene/protein,NCBI
7027,TFDP1,gene/protein,NCBI
7035,acanthosis nigricans (disease),disease,MONDO
7130,TNFAIP6,gene/protein,NCBI
7280,TUBB2A,gene/protein,NCBI
7324,UBE2E1,gene/protein,NCBI
7844,RNF103,gene/protein,NCBI
8013,NR4A3,gene/protein,NCBI
8339,H2BC8,gene/protein,NCBI
8379,MAD1L1,gene/protein,NCBI
8794,"anhidrosis, familial generalized, with abnormal or absent sweat glands",disease,MONDO
9308,CD83,gene/protein,NCBI
9314,KLF4,gene/protein,NCBI
9334,B4GALT5,gene/protein,NCBI
9468,PCYT1B,gene/protein,NCBI
9690,UBE3C,gene/protein,NCBI
9788,MTSS1,gene/protein,NCBI
9873,FCHSD2,gene/protein,NCBI
9886,RHOBTB1,gene/protein,NCBI
10769,PLK2,gene/protein,NCBI
10810,WASF3,gene/protein,NCBI
10826,FAXDC2,gene/protein,NCBI
10950,BTG3,gene/protein,NCBI
11252,PACSIN2,gene/protein,NCBI
22864,R3HDM2,gene/protein,NCBI
23074,UHRF1BP1L,gene/protein,NCBI
23080,AVL9,gene/protein,NCBI
23093,TTLL5,gene/protein,NCBI
23166,STAB1,gene/protein,NCBI
23764,MAFF,gene/protein,NCBI
25816,TNFAIP8,gene/protein,NCBI
27086,FOXP1,gene/protein,NCBI
50807,ASAP1,gene/protein,NCBI
51320,MEX3C,gene/protein,NCBI
51338,MS4A4A,gene/protein,NCBI
54502,RBM47,gene/protein,NCBI
54757,FAM20A,gene/protein,NCBI
55500,ETNK1,gene/protein,NCBI
60685,ZFAND3,gene/protein,NCBI
64224,HERPUD2,gene/protein,NCBI
81565,NDEL1,gene/protein,NCBI
83699,SH3BGRL2,gene/protein,NCBI
84281,C2orf88,gene/protein,NCBI
84441,MAML2,gene/protein,NCBI
84519,ACRBP,gene/protein,NCBI
84909,AOPEP,gene/protein,NCBI
84981,MIR22HG,gene/protein,NCBI
85413,SLC22A16,gene/protein,NCBI
122416,ANKRD9,gene/protein,NCBI
139105,BEND2,gene/protein,NCBI
146225,CMTM2,gene/protein,NCBI
150094,SIK1,gene/protein,NCBI
153020,RASGEF1B,gene/protein,NCBI
157922,CAMSAP1,gene/protein,NCBI
196441,ZFC3H1,gene/protein,NCBI
203228,C9orf72,gene/protein,NCBI
221037,JMJD1C,gene/protein,NCBI
283131,NEAT1,gene/protein,NCBI
353514,LILRA5,gene/protein,NCBI
100820829,MYZAP,gene/protein,NCBI
388,RHOB,gene/protein,NCBI
919,CD247,gene/protein,NCBI
1278,COL1A2,gene/protein,NCBI
1490,CCN2,gene/protein,NCBI
3119,HLA-DQB1,gene/protein,NCBI
3663,IRF5,gene/protein,NCBI
10014,HDAC5,gene/protein,NCBI
11167,FSTL1,gene/protein,NCBI
51317,PHF21A,gene/protein,NCBI
51547,SIRT7,gene/protein,NCBI
53637,S1PR5,gene/protein,NCBI
64132,XYLT2,gene/protein,NCBI
170679,PSORS1C1,gene/protein,NCBI
116,ADCYAP1,gene/protein,NCBI
125,ADH1B,gene/protein,NCBI
301,ANXA1,gene/protein,NCBI
482,ATP1B2,gene/protein,NCBI
645,BLVRB,gene/protein,NCBI
759,CA1,gene/protein,NCBI
811,CALR,gene/protein,NCBI
829,CAPZA1,gene/protein,NCBI
1244,ABCC2,gene/protein,NCBI
1381,CRABP1,gene/protein,NCBI
1476,CSTB,gene/protein,NCBI
2280,FKBP1A,gene/protein,NCBI
3860,KRT13,gene/protein,NCBI
3872,KRT17,gene/protein,NCBI
3880,KRT19,gene/protein,NCBI
4049,LTA,gene/protein,NCBI
4255,MGMT,gene/protein,NCBI
5216,hypopharyngeal carcinoma,disease,MONDO
5720,PSME1,gene/protein,NCBI
5721,PSME2,gene/protein,NCBI
6049,RNF6,gene/protein,NCBI
6317,SERPINB3,gene/protein,NCBI
6657,SOX2,gene/protein,NCBI
6948,TCN2,gene/protein,NCBI
7148,TNXB,gene/protein,NCBI
7167,TPI1,gene/protein,NCBI
7168,TPM1,gene/protein,NCBI
7169,TPM2,gene/protein,NCBI
7403,KDM6A,gene/protein,NCBI
7515,XRCC1,gene/protein,NCBI
8342,H2BC14,gene/protein,NCBI
11083,DIDO1,gene/protein,NCBI
27287,VENTX,gene/protein,NCBI
51196,PLCE1,gene/protein,NCBI
54535,CCHCR1,gene/protein,NCBI
56603,CYP26B1,gene/protein,NCBI
57167,SALL4,gene/protein,NCBI
79366,HMGN5,gene/protein,NCBI
84817,TXNDC17,gene/protein,NCBI
84962,AJUBA,gene/protein,NCBI
113278,SLC52A3,gene/protein,NCBI
120114,FAT3,gene/protein,NCBI
170261,ZCCHC12,gene/protein,NCBI
340061,STING1,gene/protein,NCBI
406999,MIR217,gene/protein,NCBI
494335,MIR423,gene/protein,NCBI
387,RHOA,gene/protein,NCBI
4047,LSS,gene/protein,NCBI
5573,PRKAR1A,gene/protein,NCBI
5654,HTRA1,gene/protein,NCBI
6716,SRD5A2,gene/protein,NCBI
54503,ZDHHC13,gene/protein,NCBI
55806,HR,gene/protein,NCBI
1828,DSG1,gene/protein,NCBI
2312,FLG,gene/protein,NCBI
3106,HLA-B,gene/protein,NCBI
3117,HLA-DQA1,gene/protein,NCBI
3596,IL13,gene/protein,NCBI
3689,familial hemolytic anemia,disease,MONDO
64127,NOD2,gene/protein,NCBI
81858,SHARPIN,gene/protein,NCBI
213,ALB,gene/protein,NCBI
3105,HLA-A,gene/protein,NCBI
3107,HLA-C,gene/protein,NCBI
4924,NUCB1,gene/protein,NCBI
5371,PML,gene/protein,NCBI
5705,PSMC5,gene/protein,NCBI
5733,PTGER3,gene/protein,NCBI
5740,PTGIS,gene/protein,NCBI
7415,VCP,gene/protein,NCBI
8451,CUL4A,gene/protein,NCBI
8454,CUL1,gene/protein,NCBI
9844,ELMO1,gene/protein,NCBI
9978,RBX1,gene/protein,NCBI
10659,CELF2,gene/protein,NCBI
26270,FBXO6,gene/protein,NCBI
79139,DERL1,gene/protein,NCBI
10320,IKZF1,gene/protein,NCBI
2706,GJB2,gene/protein,NCBI
156,GRK2,gene/protein,NCBI
654,BMP6,gene/protein,NCBI
915,CD3D,gene/protein,NCBI
948,CD36,gene/protein,NCBI
1154,CISH,gene/protein,NCBI
2162,F13A1,gene/protein,NCBI
2215,FCGR3B,gene/protein,NCBI
2533,FYB1,gene/protein,NCBI
3552,IL1A,gene/protein,NCBI
3559,IL2RA,gene/protein,NCBI
3567,IL5,gene/protein,NCBI
3606,IL18,gene/protein,NCBI
3684,ITGAM,gene/protein,NCBI
4084,MXD1,gene/protein,NCBI
4222,MEOX1,gene/protein,NCBI
4360,MRC1,gene/protein,NCBI
4814,NINJ1,gene/protein,NCBI
4926,NUMA1,gene/protein,NCBI
5067,CNTN3,gene/protein,NCBI
5327,PLAT,gene/protein,NCBI
5996,RGS1,gene/protein,NCBI
6363,CCL19,gene/protein,NCBI
6401,salivary gland adenosquamous carcinoma,disease,MONDO
6480,ST6GAL1,gene/protein,NCBI
6769,STAC,gene/protein,NCBI
8140,SLC7A5,gene/protein,NCBI
8564,KMO,gene/protein,NCBI
8651,SOCS1,gene/protein,NCBI
9168,TMSB10,gene/protein,NCBI
10135,NAMPT,gene/protein,NCBI
10203,CALCRL,gene/protein,NCBI
10261,IGSF6,gene/protein,NCBI
10437,IFI30,gene/protein,NCBI
10549,PRDX4,gene/protein,NCBI
10875,FGL2,gene/protein,NCBI
10981,RAB32,gene/protein,NCBI
23460,ABCA6,gene/protein,NCBI
26034,IPCEF1,gene/protein,NCBI
51284,TLR7,gene/protein,NCBI
63924,CIDEC,gene/protein,NCBI
80150,ASRGL1,gene/protein,NCBI
133418,EMB,gene/protein,NCBI
729230,CCR2,gene/protein,NCBI
942,CD86,gene/protein,NCBI
1672,DEFB1,gene/protein,NCBI
2495,FTH1,gene/protein,NCBI
2539,G6PD,gene/protein,NCBI
2720,GLB1,gene/protein,NCBI
2729,GCLC,gene/protein,NCBI
2833,CXCR3,gene/protein,NCBI
3485,IGFBP2,gene/protein,NCBI
3849,KRT2,gene/protein,NCBI
3851,KRT4,gene/protein,NCBI
3858,KRT10,gene/protein,NCBI
3934,LCN2,gene/protein,NCBI
5266,PI3,gene/protein,NCBI
5718,PSMD12,gene/protein,NCBI
6279,S100A8,gene/protein,NCBI
6288,SAA1,gene/protein,NCBI
6318,SERPINB4,gene/protein,NCBI
6647,SOD1,gene/protein,NCBI
6649,SOD3,gene/protein,NCBI
7177,TPSAB1,gene/protein,NCBI
7296,TXNRD1,gene/protein,NCBI
8544,PIR,gene/protein,NCBI
8744,TNFSF9,gene/protein,NCBI
10850,CCL27,gene/protein,NCBI
23657,SLC7A11,gene/protein,NCBI
30968,STOML2,gene/protein,NCBI
51311,TLR8,gene/protein,NCBI
54578,UGT1A6,gene/protein,NCBI
54658,UGT1A1,gene/protein,NCBI
197,AHSG,gene/protein,NCBI
3694,ITGB6,gene/protein,NCBI
326,AIRE,gene/protein,NCBI
1457,CSNK2A1,gene/protein,NCBI
1459,CSNK2A2,gene/protein,NCBI
1460,CSNK2B,gene/protein,NCBI
2709,GJB5,gene/protein,NCBI
2736,GLI2,gene/protein,NCBI
2993,GYPA,gene/protein,NCBI
3713,IVL,gene/protein,NCBI
3848,KRT1,gene/protein,NCBI
4014,LORICRIN,gene/protein,NCBI
5426,POLE,gene/protein,NCBI
5727,PTCH1,gene/protein,NCBI
6608,SMO,gene/protein,NCBI
6667,SP1,gene/protein,NCBI
7046,hereditary papulotranslucent acrokeratoderma,disease,MONDO
8843,HCAR3,gene/protein,NCBI
338442,HCAR2,gene/protein,NCBI
302,ANXA2,gene/protein,NCBI
308,ANXA5,gene/protein,NCBI
355,FAS,gene/protein,NCBI
641,BLM,gene/protein,NCBI
688,KLF5,gene/protein,NCBI
931,MS4A1,gene/protein,NCBI
1834,DSPP,gene/protein,NCBI
3065,HDAC1,gene/protein,NCBI
3312,HSPA8,gene/protein,NCBI
3632,INPP5A,gene/protein,NCBI
3678,ITGA5,gene/protein,NCBI
3688,ITGB1,gene/protein,NCBI
3854,KRT6B,gene/protein,NCBI
3963,LGALS7,gene/protein,NCBI
4921,DDR2,gene/protein,NCBI
5223,PGAM1,gene/protein,NCBI
5478,PPIA,gene/protein,NCBI
5591,PRKDC,gene/protein,NCBI
5731,PTGER1,gene/protein,NCBI
5781,PTPN11,gene/protein,NCBI
5893,RAD52,gene/protein,NCBI
5921,RASA1,gene/protein,NCBI
6347,CCL2,gene/protein,NCBI
6698,SPRR1A,gene/protein,NCBI
7012,TERC,gene/protein,NCBI
7249,TSC2,gene/protein,NCBI
7317,UBA1,gene/protein,NCBI
7318,UBA7,gene/protein,NCBI
7979,SEM1,gene/protein,NCBI
10399,RACK1,gene/protein,NCBI
23410,SIRT3,gene/protein,NCBI
56952,PRTFDC1,gene/protein,NCBI
59082,CARD18,gene/protein,NCBI
81704,DOCK8,gene/protein,NCBI
84632,AFAP1L2,gene/protein,NCBI
90417,KNSTRN,gene/protein,NCBI
1385,CREB1,gene/protein,NCBI
1021,CDK6,gene/protein,NCBI
3814,KISS1,gene/protein,NCBI
5601,MAPK9,gene/protein,NCBI
6845,VAMP7,gene/protein,NCBI
8795,TNFRSF10B,gene/protein,NCBI
9134,CCNE2,gene/protein,NCBI
10461,MERTK,gene/protein,NCBI
50814,NSDHL,gene/protein,NCBI
51086,TNNI3K,gene/protein,NCBI
54556,ING3,gene/protein,NCBI
93627,TBCK,gene/protein,NCBI
282617,IFNL3,gene/protein,NCBI
1475,CSTA,gene/protein,NCBI
4486,MST1R,gene/protein,NCBI
442911,MIR346,gene/protein,NCBI
100048912,CDKN2B-AS1,gene/protein,NCBI
3115,HLA-DPB1,gene/protein,NCBI
3123,HLA-DRB1,gene/protein,NCBI
3176,HNMT,gene/protein,NCBI
639,PRDM1,gene/protein,NCBI
974,CD79B,gene/protein,NCBI
1213,CLTC,gene/protein,NCBI
2308,FOXO1,gene/protein,NCBI
3717,JAK2,gene/protein,NCBI
4615,MYD88,gene/protein,NCBI
5293,PIK3CD,gene/protein,NCBI
5294,PIK3CG,gene/protein,NCBI
5905,RANGAP1,gene/protein,NCBI
6446,SGK1,gene/protein,NCBI
6778,STAT6,gene/protein,NCBI
7188,TRAF5,gene/protein,NCBI
10286,BCAS2,gene/protein,NCBI
10672,microphthalmia with linear skin defects syndrome,disease,MONDO
10892,MALT1,gene/protein,NCBI
22872,SEC31A,gene/protein,NCBI
56981,PRDM11,gene/protein,NCBI
64434,NOM1,gene/protein,NCBI
79080,CCDC86,gene/protein,NCBI
80204,FBXO11,gene/protein,NCBI
83943,IMMP2L,gene/protein,NCBI
84433,CARD11,gene/protein,NCBI
7051,TGM1,gene/protein,NCBI
26154,ABCA12,gene/protein,NCBI
59344,ALOXE3,gene/protein,NCBI
285848,PNPLA1,gene/protein,NCBI
6820,SULT2B1,gene/protein,NCBI
121214,SDR9C7,gene/protein,NCBI
126410,CYP4F22,gene/protein,NCBI
204219,CERS3,gene/protein,NCBI
348938,NIPAL4,gene/protein,NCBI
643418,LIPN,gene/protein,NCBI
306,ANXA3,gene/protein,NCBI
629,CFB,gene/protein,NCBI
640,BLK,gene/protein,NCBI
715,C1R,gene/protein,NCBI
717,C2,gene/protein,NCBI
720,C4A,gene/protein,NCBI
721,C4B,gene/protein,NCBI
946,SIGLEC6,gene/protein,NCBI
1380,CR2,gene/protein,NCBI
1445,CSK,gene/protein,NCBI
1773,DNASE1,gene/protein,NCBI
1777,DNASE2,gene/protein,NCBI
3654,IRAK1,gene/protein,NCBI
5617,PRL,gene/protein,NCBI
6932,TCF7,gene/protein,NCBI
7100,TLR5,gene/protein,NCBI
7292,TNFSF4,gene/protein,NCBI
7332,UBE2L3,gene/protein,NCBI
9145,SYNGR1,gene/protein,NCBI
10019,SH2B3,gene/protein,NCBI
10125,RASGRP1,gene/protein,NCBI
10666,CD226,gene/protein,NCBI
11277,TREX1,gene/protein,NCBI
23274,CLEC16A,gene/protein,NCBI
25780,RASGRP3,gene/protein,NCBI
26191,PTPN22,gene/protein,NCBI
50615,IL21R,gene/protein,NCBI
50619,DEF6,gene/protein,NCBI
51135,IRAK4,gene/protein,NCBI
54887,UHRF1BP1,gene/protein,NCBI
54899,PXK,gene/protein,NCBI
55024,BANK1,gene/protein,NCBI
57661,PHRF1,gene/protein,NCBI
59067,IL21,gene/protein,NCBI
64135,IFIH1,gene/protein,NCBI
64805,P2RY12,gene/protein,NCBI
79932,KIAA0319L,gene/protein,NCBI
121260,SLC15A4,gene/protein,NCBI
221895,JAZF1,gene/protein,NCBI
399909,PCNX3,gene/protein,NCBI
653361,NCF1,gene/protein,NCBI
311,ANXA11,gene/protein,NCBI
56244,BTNL2,gene/protein,NCBI
5271,allergic disease,disease,MONDO
5966,REL,gene/protein,NCBI
5972,REN,gene/protein,NCBI
6278,S100A7,gene/protein,NCBI
7297,TYK2,gene/protein,NCBI
8875,VNN2,gene/protein,NCBI
8876,VNN1,gene/protein,NCBI
10498,CARM1,gene/protein,NCBI
10758,TRAF3IP2,gene/protein,NCBI
23586,DDX58,gene/protein,NCBI
26525,IL36RN,gene/protein,NCBI
29785,CYP2S1,gene/protein,NCBI
51561,IL23A,gene/protein,NCBI
51752,ERAP1,gene/protein,NCBI
54620,FBXL19,gene/protein,NCBI
55350,VNN3,gene/protein,NCBI
55905,RNF114,gene/protein,NCBI
79092,CARD14,gene/protein,NCBI
84648,LCE3D,gene/protein,NCBI
85463,ZC3H12C,gene/protein,NCBI
117289,TAGAP,gene/protein,NCBI
125893,ZNF816,gene/protein,NCBI
130340,AP1S3,gene/protein,NCBI
149233,IL23R,gene/protein,NCBI
163702,IFNLR1,gene/protein,NCBI
353143,LCE3B,gene/protein,NCBI
353144,LCE3C,gene/protein,NCBI
940,CD28,gene/protein,NCBI
2261,FGFR3,gene/protein,NCBI
3662,IRF4,gene/protein,NCBI
4170,MCL1,gene/protein,NCBI
4791,NFKB2,gene/protein,NCBI
5335,PLCG1,gene/protein,NCBI
5588,PRKCQ,gene/protein,NCBI
6777,STAT5B,gene/protein,NCBI
10664,CTCF,gene/protein,NCBI
407004,MIR22,gene/protein,NCBI
362,AQP5,gene/protein,NCBI
3857,KRT9,gene/protein,NCBI
8710,SERPINB7,gene/protein,NCBI
56916,SMARCAD1,gene/protein,NCBI
57152,SLURP1,gene/protein,NCBI
79719,AAGAB,gene/protein,NCBI
284654,RSPO1,gene/protein,NCBI
286887,KRT6C,gene/protein,NCBI
644815,FAM83G,gene/protein,NCBI
5167,ENPP1,gene/protein,NCBI
64131,XYLT1,gene/protein,NCBI
2534,FYN,gene/protein,NCBI
54790,TET2,gene/protein,NCBI
3691,ITGB4,gene/protein,NCBI
9790,BMS1,gene/protein,NCBI
10804,GJB6,gene/protein,NCBI
412,STS,gene/protein,NCBI
4613,MYCN,gene/protein,NCBI
8643,PTCH2,gene/protein,NCBI
8859,STK19,gene/protein,NCBI
9113,LATS1,gene/protein,NCBI
51684,SUFU,gene/protein,NCBI
139741,ACTRT1,gene/protein,NCBI
545,ATR,gene/protein,NCBI
54474,KRT20,gene/protein,NCBI
886,CCKAR,gene/protein,NCBI
658,BMPR1B,gene/protein,NCBI
2046,EPHA8,gene/protein,NCBI
2324,FLT4,gene/protein,NCBI
2984,GUCY2C,gene/protein,NCBI
3000,GUCY2D,gene/protein,NCBI
3702,ITK,gene/protein,NCBI
4294,MAP3K10,gene/protein,NCBI
5584,PRKCI,gene/protein,NCBI
6196,RPS6KA2,gene/protein,NCBI
6792,hyperglobulinemic purpura,disease,MONDO
6872,TAF1,gene/protein,NCBI
7204,TRIO,gene/protein,NCBI
7273,TTN,gene/protein,NCBI
8536,CAMK1,gene/protein,NCBI
9149,DYRK1B,gene/protein,NCBI
9475,ROCK2,gene/protein,NCBI
9706,ULK2,gene/protein,NCBI
9943,OXSR1,gene/protein,NCBI
11184,MAP4K1,gene/protein,NCBI
11329,STK38,gene/protein,NCBI
22983,MAST1,gene/protein,NCBI
23178,PASK,gene/protein,NCBI
55351,STK32B,gene/protein,NCBI
55437,STRADB,gene/protein,NCBI
57144,PAK5,gene/protein,NCBI
57410,SCYL1,gene/protein,NCBI
57538,ALPK3,gene/protein,NCBI
65266,WNK4,gene/protein,NCBI
79834,PEAK1,gene/protein,NCBI
84446,BRSK1,gene/protein,NCBI
84630,TTBK1,gene/protein,NCBI
115701,ALPK2,gene/protein,NCBI
131890,GRK7,gene/protein,NCBI
152110,NEK10,gene/protein,NCBI
202374,STK32A,gene/protein,NCBI
389840,MAP3K15,gene/protein,NCBI
667,DST,gene/protein,NCBI
23086,EXPH5,gene/protein,NCBI
1107,CHD3,gene/protein,NCBI
1233,CCR4,gene/protein,NCBI
3561,IL2RG,gene/protein,NCBI
5592,PRKG1,gene/protein,NCBI
6195,RPS6KA1,gene/protein,NCBI
6597,photosensitivity disease,disease,MONDO
7133,TNFRSF1B,gene/protein,NCBI
65980,BRD9,gene/protein,NCBI
710,SERPING1,gene/protein,NCBI
727,C5,gene/protein,NCBI
1536,CYBB,gene/protein,NCBI
64061,TSPYL2,gene/protein,NCBI
3113,HLA-DPA1,gene/protein,NCBI
8870,IER3,gene/protein,NCBI
10107,TRIM10,gene/protein,NCBI
11074,TRIM31,gene/protein,NCBI
135644,TRIM40,gene/protein,NCBI
442184,OR2B3,gene/protein,NCBI
941,CD80,gene/protein,NCBI
1235,CCR6,gene/protein,NCBI
5295,PIK3R1,gene/protein,NCBI
6503,SLA,gene/protein,NCBI
10766,TOB2,gene/protein,NCBI
60468,BACH2,gene/protein,NCBI
64375,IKZF4,gene/protein,NCBI
116449,CLNK,gene/protein,NCBI
3570,IL6R,gene/protein,NCBI
3572,IL6ST,gene/protein,NCBI
1030,CDKN2B,gene/protein,NCBI
54386,TERF2IP,gene/protein,NCBI
65057,ACD,gene/protein,NCBI
1234,CCR5,gene/protein,NCBI
5017,OVOL1,gene/protein,NCBI
5465,PPARA,gene/protein,NCBI
5599,MAPK8,gene/protein,NCBI
6352,CCL5,gene/protein,NCBI
6356,CCL11,gene/protein,NCBI
6361,CCL17,gene/protein,NCBI
6367,CCL22,gene/protein,NCBI
6369,CCL24,gene/protein,NCBI
90865,IL33,gene/protein,NCBI
151887,CCDC80,gene/protein,NCBI
284382,ACTL9,gene/protein,NCBI
386653,IL31,gene/protein,NCBI
4000,LMNA,gene/protein,NCBI
79465,ULBP3,gene/protein,NCBI
154064,RAET1L,gene/protein,NCBI
1557,CYP2C19,gene/protein,NCBI
2332,FMR1,gene/protein,NCBI
2516,digestive system cancer,disease,MONDO
2661,GDF9,gene/protein,NCBI
5460,POU5F1,gene/protein,NCBI
7512,XPNPEP2,gene/protein,NCBI
9210,BMP15,gene/protein,NCBI
9241,NOG,gene/protein,NCBI
10734,STAG3,gene/protein,NCBI
29893,PSMC3IP,gene/protein,NCBI
54937,SOHLH2,gene/protein,NCBI
56478,EIF4ENIF1,gene/protein,NCBI
79983,POF1B,gene/protein,NCBI
84515,MCM8,gene/protein,NCBI
135935,NOBOX,gene/protein,NCBI
164045,HFM1,gene/protein,NCBI
342977,NANOS3,gene/protein,NCBI
344018,FIGLA,gene/protein,NCBI
402381,SOHLH1,gene/protein,NCBI
3170,FOXA2,gene/protein,NCBI
89884,LHX4,gene/protein,NCBI
1832,DSP,gene/protein,NCBI
2778,GNAS,gene/protein,NCBI
4089,basaloid carcinoma of the penis,disease,MONDO
5178,PEG3,gene/protein,NCBI
5566,PRKACA,gene/protein,NCBI
5567,PRKACB,gene/protein,NCBI
6092,ROBO2,gene/protein,NCBI
10232,MSLN,gene/protein,NCBI
54894,RNF43,gene/protein,NCBI
1964,EIF1AX,gene/protein,NCBI
23451,SF3B1,gene/protein,NCBI
57105,CYSLTR2,gene/protein,NCBI
1999,ELF3,gene/protein,NCBI
2707,GJB3,gene/protein,NCBI
127534,GJB4,gene/protein,NCBI
2214,FCGR3A,gene/protein,NCBI
2294,FOXF1,gene/protein,NCBI
2624,GATA2,gene/protein,NCBI
9620,CELSR1,gene/protein,NCBI
57165,GJC2,gene/protein,NCBI
2623,GATA1,gene/protein,NCBI
7390,UROS,gene/protein,NCBI
8879,SGPL1,gene/protein,NCBI
4210,MEFV,gene/protein,NCBI
23385,NCSTN,gene/protein,NCBI
55851,PSENEN,gene/protein,NCBI
114548,NLRP3,gene/protein,NCBI
5741,PTH,gene/protein,NCBI
3133,HLA-E,gene/protein,NCBI
3122,HLA-DRA,gene/protein,NCBI
3500,squamous cell bile duct carcinoma,disease,MONDO
3514,IGKC,gene/protein,NCBI
6897,TARS1,gene/protein,NCBI
3661,IRF3,gene/protein,NCBI
7098,TLR3,gene/protein,NCBI
81622,UNC93B1,gene/protein,NCBI
29110,TBK1,gene/protein,NCBI
677814,SNORA31,gene/protein,NCBI
3909,LAMA3,gene/protein,NCBI
4035,LRP1,gene/protein,NCBI
7096,TLR1,gene/protein,NCBI
7097,TLR2,gene/protein,NCBI
55509,BATF3,gene/protein,NCBI
283234,CCDC88B,gene/protein,NCBI
8398,PLA2G6,gene/protein,NCBI
161742,SPRED1,gene/protein,NCBI
8216,LZTR1,gene/protein,NCBI
51004,COQ6,gene/protein,NCBI
4869,NPM1,gene/protein,NCBI
5663,PSEN1,gene/protein,NCBI
6307,MSMO1,gene/protein,NCBI
6768,ST14,gene/protein,NCBI
11005,SPINK5,gene/protein,NCBI
6785,ELOVL4,gene/protein,NCBI
6898,TAT,gene/protein,NCBI
8456,FOXN1,gene/protein,NCBI
8540,AGPS,gene/protein,NCBI
9180,OSMR,gene/protein,NCBI
133396,IL31RA,gene/protein,NCBI
10747,MASP2,gene/protein,NCBI
10999,SLC27A4,gene/protein,NCBI
25939,SAMHD1,gene/protein,NCBI
22861,NLRP1,gene/protein,NCBI
23581,CASP14,gene/protein,NCBI
30817,ADGRE2,gene/protein,NCBI
51371,POMP,gene/protein,NCBI
55630,SLC39A4,gene/protein,NCBI
60529,ALX4,gene/protein,NCBI
64170,CARD9,gene/protein,NCBI
79755,ZNF750,gene/protein,NCBI
80025,PANK2,gene/protein,NCBI
80326,WNT10A,gene/protein,NCBI
118856,MMP21,gene/protein,NCBI
170691,ADAMTS17,gene/protein,NCBI
20162,secondary ectropion,disease,MONDO
9736_14466_179,Neu-Laxova syndrome,disease,MONDO_grouped
44987,face disease,disease,MONDO
243,ectothrix infectious disease,disease,MONDO
2041,fungal infectious disease,disease,MONDO
2051,integumentary system disease,disease,MONDO
255,subcutaneous mycosis,disease,MONDO
5111_286,Epstein-Barr virus infection,disease,MONDO_grouped
338,variola major infectious disease,disease,MONDO
4631,tongue cancer,disease,MONDO
2415,bone carcinoma,disease,MONDO
21337,tonsil carcinoma,disease,MONDO
5517,pharynx cancer,disease,MONDO
21345,carcinoma of pharynx,disease,MONDO
2481,ovarian neuroendocrine neoplasm,disease,MONDO
24524_14169_7483_736_12993,dyschromatosis universalis hereditaria,disease,MONDO_grouped
758,bacillary angiomatosis,disease,MONDO
2026,candidiasis,disease,MONDO
21313,eyelid cancer,disease,MONDO
979,pinta disease,disease,MONDO
5159,prostate carcinoma,disease,MONDO
1066,late yaws,disease,MONDO
7576,esophageal cancer,disease,MONDO
3649,esophageal neuroendocrine tumor,disease,MONDO
1209,common wart,disease,MONDO
15254,schistosomiasis,disease,MONDO
21201,skin infection,disease,MONDO
1266,erysipelas,disease,MONDO
17133,genetic systemic or rheumatologic disease,disease,MONDO
1403,labium majus cancer,disease,MONDO
1404,ecthyma,disease,MONDO
1405,dermatophytosis of groin and perianal area,disease,MONDO
3184,trachea carcinoma,disease,MONDO
7108_2941_3199_4707,anal carcinoma,disease,MONDO_grouped
5341_2529_2656_2939_2956_4091,skin carcinoma,disease,MONDO_grouped
1526,labia minora cancer,disease,MONDO
24487,nail infection,disease,MONDO
1640,gonococcal spondylitis,disease,MONDO
2650,scrotal carcinoma,disease,MONDO
3319,scrotum neoplasm,disease,MONDO
1653,prepuce cancer,disease,MONDO
44990,hand disease,disease,MONDO
1707,cardiac sarcoidosis,disease,MONDO
1709,hypercalcemic sarcoidosis,disease,MONDO
1714,bejel,disease,MONDO
2466,eye carcinoma,disease,MONDO
3802,cornea cancer,disease,MONDO
3544,spinal cord cancer,disease,MONDO
1994,sphenoidal sinus cancer,disease,MONDO
2040,dermatomycosis,disease,MONDO
3454,conjunctival cancer,disease,MONDO
2137,noninfectious dermatoses of eyelid,disease,MONDO
5551,eye allergy,disease,MONDO
2142,undifferentiated pleomorphic sarcoma,disease,MONDO
6414,skin sarcoma,disease,MONDO
2428,protozoa infectious disease,disease,MONDO
3646,rectum neuroendocrine neoplasm,disease,MONDO
44937,rectal carcinoma,disease,MONDO
2190,vulvar syringoma,disease,MONDO
1528,vulva cancer,disease,MONDO
21069,malignant endocrine neoplasm,disease,MONDO
24467,apocrine sweat gland disease,disease,MONDO
21166,inflammatory disease,disease,MONDO
2300,dermis tumor,disease,MONDO
6235,granular cell tumor,disease,MONDO
5033,ganglioneuroma (disease),disease,MONDO
2295,skin glomus tumor,disease,MONDO
18327,glomus tumor,disease,MONDO
2531,skin neoplasm,disease,MONDO
21165,Paget disease,disease,MONDO
2724,mast cell neoplasm,disease,MONDO
2758,vulva verrucous carcinoma,disease,MONDO
2759,bladder verrucous carcinoma,disease,MONDO
4986,urinary bladder carcinoma,disease,MONDO
2761,cervical verrucous carcinoma,disease,MONDO
2762,esophagus verrucous carcinoma,disease,MONDO
2763,urethral verrucous carcinoma,disease,MONDO
21327,carcinoma of urethra,disease,MONDO
2875,parasitic ectoparasitic infectious disease,disease,MONDO
2967,dermatophytosis of scalp or beard,disease,MONDO
2485,breast neuroendocrine neoplasm,disease,MONDO
7254,breast cancer,disease,MONDO
2979,papillary squamous carcinoma,disease,MONDO
2974,cervical cancer,disease,MONDO
3036,mucoepidermoid carcinoma,disease,MONDO
5524,sweat gland carcinoma,disease,MONDO
4971,adenoid cystic carcinoma,disease,MONDO
3363,malignant dermis tumor,disease,MONDO
6102,basaloid carcinoma,disease,MONDO
17590,carcinoma of the ampulla of vater,disease,MONDO
2463,lacrimal gland carcinoma,disease,MONDO
6451,thymic carcinoma,disease,MONDO
5140,ovarian carcinoma,disease,MONDO
3495,ovarian squamous cell neoplasm,disease,MONDO
5519,renal pelvis carcinoma,disease,MONDO
3499,sarcomatoid squamous cell skin carcinoma,disease,MONDO
6206,fallopian tube carcinoma,disease,MONDO
3519,malignant syringoma,disease,MONDO
5028_3186_3550,esophageal adenosquamous carcinoma,disease,MONDO_grouped
3554,adenosquamous colon carcinoma,disease,MONDO
3555,Bartholin gland adenosquamous carcinoma,disease,MONDO
5060_4510_3591,liposarcoma,disease,MONDO_grouped
3715,bladder urachal carcinoma,disease,MONDO
20663,malignant spindle cell neoplasm,disease,MONDO
3747,telangiectatic glomangioma,disease,MONDO
3762,malignant leptomeningeal tumor,disease,MONDO
3057,pediatric meningioma,disease,MONDO
6700,choroid cancer,disease,MONDO
5097,squamous cell lung carcinoma,disease,MONDO
2969,ciliary body cancer,disease,MONDO
4052,rectal cloacogenic carcinoma,disease,MONDO
4092,thymic basaloid carcinoma,disease,MONDO
4093,esophageal basaloid carcinoma,disease,MONDO
5454,lung neuroendocrine neoplasm,disease,MONDO
4130,anus basaloid carcinoma,disease,MONDO
4131,anal verrucous carcinoma,disease,MONDO
4141,melanomatosis,disease,MONDO
4212,vulvar keratoacanthoma-like carcinoma,disease,MONDO
5119,anthrax infection,disease,MONDO
4231,spindle cell variant squamous cell breast carcinoma,disease,MONDO
4232,large cell keratinizing variant squamous cell breast carcinoma,disease,MONDO
5323,bacterial sexually transmitted disease,disease,MONDO
314,primary bacterial infectious disease,disease,MONDO
4289,glottis verrucous carcinoma,disease,MONDO
4290,subglottis verrucous carcinoma,disease,MONDO
4358,subglottis carcinoma,disease,MONDO
4296,cervical lymphoepithelioma-like carcinoma,disease,MONDO
3252,granular cell cancer,disease,MONDO
4337,perianal skin Paget disease,disease,MONDO
1748,maxillary sinus carcinoma,disease,MONDO
4424,familial glomangioma,disease,MONDO
4429_24663,skin meningioma,disease,MONDO_grouped
4433,papillary carcinoma of the penis,disease,MONDO
5411,gallbladder cancer,disease,MONDO
24502,gallbladder neuroendocrine neoplasm,disease,MONDO
4512,meningeal melanomatosis,disease,MONDO
4523,clear cell squamous cell skin carcinoma,disease,MONDO
4389,mite infestation,disease,MONDO
3072,retinal cancer,disease,MONDO
24575,pregnancy disorder,disease,MONDO
21680,streptococcal infection,disease,MONDO
5545,staphylococcus aureus infection,disease,MONDO
5794,Herpesviridae infectious disease,disease,MONDO
4661,trachea carcinoma in situ,disease,MONDO
5554,rheumatologic disorder,disease,MONDO
4671,penis carcinoma in situ,disease,MONDO
24268,superficial mycosis,disease,MONDO
4693,squamous carcinoma in situ,disease,MONDO
4852,gonococcal keratitis,disease,MONDO
19278,hair anomaly,disease,MONDO
4944,neurosyphilis,disease,MONDO
44925_3212_371,oral/nasal cavity carcinoma,disease,MONDO_grouped
21583,melanocytic skin neoplasm,disease,MONDO
44999,scalp disease,disease,MONDO
5046,immune system disease,disease,MONDO
4993,carcinoma,disease,MONDO
2532,squamous cell neoplasm,disease,MONDO
19496,neuroendocrine neoplasm,disease,MONDO
21143,melanocytic neoplasm,disease,MONDO
20590,mycobacterial infectious disease,disease,MONDO
18407_20091,male infertility due to obstructive azoospermia,disease,MONDO_grouped
16104,infectious disease with peripheral neuropathy,disease,MONDO
611,pre-malignant neoplasm,disease,MONDO
5326,sunburn,disease,MONDO
5348,keloid,disease,MONDO
11989_5446,leishmaniasis,disease,MONDO_grouped
5042,head disease,disease,MONDO
30700,autoimmune glomerulonephritis,disease,MONDO
19086,carcinoma of esophagus,disease,MONDO
2358,laryngeal carcinoma,disease,MONDO
21674,post-viral disorder,disease,MONDO
5614,pancreatic adenosquamous carcinoma,disease,MONDO
5700,chickenpox,disease,MONDO
16511,infectious embryofetopathy,disease,MONDO
5113_5550_5108,infectious disease,disease,MONDO_grouped
5757,eumycotic mycetoma,disease,MONDO
5767,gas gangrene,disease,MONDO
21666,ear infection,disease,MONDO
21682,viral sexually transmitted disease,disease,MONDO
3150,male reproductive system disease,disease,MONDO
5779,"hand, foot and mouth disease",disease,MONDO
43424,digestive system infectious disease,disease,MONDO
4842,stomatitis,disease,MONDO
20010,infectious disease of the nervous system,disease,MONDO
3543,trigeminal nerve disease,disease,MONDO
2884,nail disease,disease,MONDO
7000,Treponema infectious disease,disease,MONDO
44989,foot disease,disease,MONDO
5993,Trichomonas vaginitis urogenital infection,disease,MONDO
23557,infective vaginitis,disease,MONDO
7019,vulvovaginitis,disease,MONDO
6019,yaws,disease,MONDO
6034,gastric adenosquamous carcinoma,disease,MONDO
6056,squamous cell breast carcinoma,disease,MONDO
6074,adenosquamous carcinoma,disease,MONDO
6134,cervical adenosquamous carcinoma,disease,MONDO
5131,cervical carcinoma,disease,MONDO
6157,colorectal adenosquamous carcinoma,disease,MONDO
24331,colorectal carcinoma,disease,MONDO
2447,endometrial carcinoma (disease),disease,MONDO
6217,gallbladder adenosquamous carcinoma,disease,MONDO
4950,gastric carcinoma,disease,MONDO
2236,ocular cancer,disease,MONDO
21331,carcinoma of parotid gland,disease,MONDO
18905_17601_6117_6268_6428,diffuse large B-cell lymphoma,disease,MONDO_grouped
6402,salivary gland basal cell adenocarcinoma,disease,MONDO
20664,spindle cell neoplasm,disease,MONDO
12004_15075_5034_5075_24622_6467,thyroid gland carcinoma,disease,MONDO_grouped
2659,uveal cancer,disease,MONDO
21050,vaginal neoplasm,disease,MONDO
15867,vaginal carcinoma,disease,MONDO
6520,Achenbach syndrome,disease,MONDO
6523,acrodermatitis,disease,MONDO
6541,epidermolysis bullosa,disease,MONDO
25371,Parvoviridae infectious disease,disease,MONDO
6619,viral exanthem,disease,MONDO
6546,erythematosquamous dermatosis,disease,MONDO
6548,facial dermatosis,disease,MONDO
19286,sebaceous gland anomaly,disease,MONDO
2917,disease of pilosebaceous unit,disease,MONDO
45011,keratinization disease,disease,MONDO
6569,leg dermatosis,disease,MONDO
6576,Ludwig's angina,disease,MONDO
6579,melanoacanthoma,disease,MONDO
6582,mongolian spot,disease,MONDO
6585,neurodermatitis,disease,MONDO
6586,neurotic excoriation,disease,MONDO
6592,parapsoriasis,disease,MONDO
6605,scalp dermatosis,disease,MONDO
6606,scleredema adultorum,disease,MONDO
6607,sebaceous gland disease,disease,MONDO
6610,skin atrophy,disease,MONDO
6611,skin sarcoidosis,disease,MONDO
6614,subcorneal pustular dermatosis,disease,MONDO
5215,vulvar carcinoma,disease,MONDO
15950,inherited skin tumor,disease,MONDO
2989_2990,benign fibrous histiocytoma,disease,MONDO_grouped
18076,tuberculosis,disease,MONDO
6992,syphilitic aortitis,disease,MONDO
7011,uveoparotid fever,disease,MONDO
13895_14124_13635_14459_24506_14703_7034,Adams-Oliver syndrome,disease,MONDO_grouped
19589,syndromic genetic deafness,disease,MONDO
7077,Tietz syndrome,disease,MONDO
7078_12911_12912_8749_11301_19992_16165_1220,hypoparathyroidism,disease,MONDO_grouped
17666_17670_20093_20096_18250,diffuse palmoplantar keratoderma,disease,MONDO_grouped
10001_19287_23046_23048,ectodermal dysplasia syndrome,disease,MONDO_grouped
19117,genetic nervous system disorder,disease,MONDO
508,syndromic intellectual disability,disease,MONDO
18634,hereditary amyloidosis,disease,MONDO
3847,Mendelian disease,disease,MONDO
2320,congenital nervous system disorder,disease,MONDO
426,autosomal dominant disease,disease,MONDO
20063,malformation syndrome with hamartosis,disease,MONDO
42983,neurocutaneous syndrome,disease,MONDO
16756,inherited nervous system cancer-predisposing syndrome,disease,MONDO
15356,hereditary neoplastic syndrome,disease,MONDO
7203,blue rubber bleb nevus,disease,MONDO
7239,epidermolytic hyperkeratosis,disease,MONDO
19289,hyperpigmentation of the skin,disease,MONDO
19292,dermis elastic tissue disorder,disease,MONDO
7313,cheilitis glandularis,disease,MONDO
19268,epidermal disease,disease,MONDO
7446,dermatosis papulosa nigra,disease,MONDO
7448,familial dermatographia,disease,MONDO
13594_13485_14867_12246_11781_11833_33482_33479_14417_8119_14475_8120_10062_7298_11540_11694_11819_12116_7574_8457_12449_33481_13486_7296_11834_14776_14410_8458_14626_10847_11464_10848_12247_11529_11330_12450_13241_11439_32526_12103_33480_12098_16809_561,spinocerebellar ataxia,disease,MONDO_grouped
7619,isolated congenital adermatoglyphia,disease,MONDO
7757,hyperkeratosis-hyperpigmentation syndrome,disease,MONDO
13017_11452_10206_11549_13649_7805_14384_13650_13514_14027_14390_7806_32649_11932_18914_3037,hypotrichosis,disease,MONDO_grouped
7817,"IgE responsiveness, atopic",disease,MONDO
18781,KID syndrome,disease,MONDO
7864,angioosteohypertrophic syndrome,disease,MONDO
19737,thrombotic microangiopathy,disease,MONDO
19722_19724_15163,glomerular disease,disease,MONDO_grouped
15939,systemic autoimmune disease,disease,MONDO
7964,dysplastic nevus syndrome,disease,MONDO
20573,inherited disease susceptibility,disease,MONDO
7969,Melkersson-Rosenthal syndrome,disease,MONDO
20738_7990,multiple benign circumferential skin creases on limbs,disease,MONDO_grouped
18010_20122,idiopathic inflammatory myopathy,disease,MONDO_grouped
17021,secondary interstitial lung disease specific to childhood associated with a connective tissue disease,disease,MONDO
2546,schwannoma,disease,MONDO
8078,"neurofibromatosis, familial spinal",disease,MONDO
8080,"neurofibromatosis, type III, mixed central and peripheral",disease,MONDO
8081,"neurofibromatosis, type IV, of Riccardi",disease,MONDO
8157,Buschke-Ollendorff syndrome,disease,MONDO
8218,Hailey-Hailey disease,disease,MONDO
8221,prolidase deficiency,disease,MONDO
8244,piebaldism,disease,MONDO
19270,erythrokeratoderma,disease,MONDO
8353,pruritic urticarial papules and plaques of pregnancy,disease,MONDO
8403,scalp defects-postaxial polydactyly syndrome,disease,MONDO
8492,stiff skin syndrome,disease,MONDO
19054,congenital limb malformation,disease,MONDO
29001,chemically-induced disorder,disease,MONDO
8640_12352,"vasculitis, lymphocytic",disease,MONDO_grouped
17841,autoimmune disease with skin involvement,disease,MONDO
8695,chorea-acanthocytosis,disease,MONDO
15180,intestinal disease due to fat malabsorption,disease,MONDO
17764,disorder of zinc metabolism,disease,MONDO
4689,inborn metal metabolism disorder,disease,MONDO
19301,metabolic disease with skin involvement,disease,MONDO
15188,metabolic disease with intestinal involvement,disease,MONDO
8716,acrogeria,disease,MONDO
8753,alkaptonuria,disease,MONDO
8840,ataxia telangiectasia,disease,MONDO
8847,atrichia with papular lesions,disease,MONDO
8849,atrophoderma vermiculata,disease,MONDO
6025,autosomal recessive disease,disease,MONDO
15218_15217_20145,developmental defect of the eye,disease,MONDO_grouped
20233,dentocutaneous disease with cataract,disease,MONDO
9026,Costello syndrome,disease,MONDO
9960_12845_33643_11471_12831_12875_12941_13153_8617_54849_5265_12832_12610_12840_11087_11521_11661_11699_11700_11701_12040_12829_12837_12838_12841_12852_12886_12887_12940_12973_13012,inflammatory bowel disease,disease,MONDO_grouped
9081,"deafness, congenital, with total albinism",disease,MONDO
9093,dermatoleukodystrophy,disease,MONDO
9131,Riley-Day syndrome,disease,MONDO
9176,epidermodysplasia verruciformis,disease,MONDO
9198,congenital lethal erythroderma,disease,MONDO
9306,combined immunodeficiency with skin granulomas,disease,MONDO
5372,male infertility,disease,MONDO
12208_19306,congenital ichthyosiform erythroderma,disease,MONDO_grouped
17267_17268,self-healing collodion baby,disease,MONDO_grouped
100309,hereditary ataxia,disease,MONDO
15620,syndromic urogenital tract malformation,disease,MONDO
19721_19720,renal or urinary tract malformation,disease,MONDO_grouped
9452,Vici syndrome,disease,MONDO
20023_15222_15221,respiratory or mediastinal malformation,disease,MONDO_grouped
15930,respiratory malformation,disease,MONDO
19308_9182_17612,junctional epidermolysis bullosa,disease,MONDO_grouped
15979,hereditary predisposition to infections,disease,MONDO
9530,lipoid proteinosis,disease,MONDO
9691_15821_45071,mycosis fungoides and variants,disease,MONDO_grouped
15336,malformation syndrome with odontal and/or periodontal component,disease,MONDO
15331,malformation syndrome with skin/mucosae involvement,disease,MONDO
43008,genetic multiple congenital anomalies/dysmorphic syndrome without intellectual disability,disease,MONDO
9799,pachydermoperiostosis,disease,MONDO
9838,Parana hard-skin syndrome,disease,MONDO
19296,subcutaneous tissue disease,disease,MONDO
20585,anemia due to erythrocyte enzyme disorder,disease,MONDO
19142,inherited porphyria,disease,MONDO
9925,autosomal recessive inherited pseudoxanthoma elasticum,disease,MONDO
9958_21665,Refsum disease,disease,MONDO_grouped
10031,Sjogren-Larsson syndrome,disease,MONDO
10088,mucosulfatidosis,disease,MONDO
10146,Kerion celsi,disease,MONDO
2038,head and neck carcinoma,disease,MONDO
10155,Dorfman-Chanarin disease,disease,MONDO
10196,Werner syndrome,disease,MONDO
10518,Wiskott-Aldrich syndrome,disease,MONDO
10523,X-linked reticulate pigmentary disorder,disease,MONDO
10526,Fabry disease,disease,MONDO
10540,"bullous dystrophy, macular type",disease,MONDO
10621,CHILD syndrome,disease,MONDO
19256,sterol metabolism disorder,disease,MONDO
20605,X-linked recessive disease,disease,MONDO
44976,disease of catalytic activity,disease,MONDO
20119,X-linked syndromic intellectual disability,disease,MONDO
16230_24291,vascular malformation,disease,MONDO_grouped
16229,genetic vascular anomaly,disease,MONDO
10895,ABCD syndrome,disease,MONDO
10908,loose anagen syndrome,disease,MONDO
10922,Satoyoshi syndrome,disease,MONDO
10988,aplasia cutis-myopia syndrome,disease,MONDO
18035,syndrome with combined immunodeficiency,disease,MONDO
15974,severe combined immunodeficiency (disease),disease,MONDO
11133,"deaf blind hypopigmentation syndrome, Yemenite type",disease,MONDO
10962_7758_14622_19272_6588_18865_17667_17673_17672_44663,palmoplantar keratoderma,disease,MONDO_grouped
11208,malignant atrophic papulosis,disease,MONDO
11273,H syndrome,disease,MONDO
11371,"hydroa vacciniforme, familial",disease,MONDO
11396_7422,keratoderma hereditarium mutilans,disease,MONDO_grouped
11405,poikiloderma with neutropenia,disease,MONDO
11457_18266,ataxia - telangiectasia variant,disease,MONDO_grouped
17369,autoinflammatory syndrome with immune deficiency,disease,MONDO
17954,pyogenic autoinflammatory syndrome,disease,MONDO
17370,autoinflammatory syndrome with skin involvement,disease,MONDO
13433_18646_18647,sclerosing cholangitis,disease,MONDO_grouped
15509,genetic biliary tract disease,disease,MONDO
54637_54588_11899,Noonan syndrome-like disorder with loose anagen hair,disease,MONDO_grouped
14555_54852_24548_14923_11937_19347,peeling skin syndrome,disease,MONDO_grouped
11945,Gaucher disease perinatal lethal,disease,MONDO
11959,sweet syndrome,disease,MONDO
43905_2572_1255_3479_43919,pneumonitis,disease,MONDO_grouped
12198,PCWH syndrome,disease,MONDO
12251,MEDNIK syndrome,disease,MONDO
7554_7551_7555_7550_14661_9181_18747_15551_19276_15550_17610_11869,epidermolysis bullosa simplex,disease,MONDO_grouped
12290,CEDNIK syndrome,disease,MONDO
19703,primary bone dysplasia with increased bone density,disease,MONDO
5387_19852_19851,primary ovarian failure,disease,MONDO_grouped
23603,hereditary connective tissue disorder,disease,MONDO
15159,multiple congenital anomalies/dysmorphic syndrome-intellectual disability,disease,MONDO
19305,immune deficiency with skin involvement,disease,MONDO
43005,genetic multiple congenital anomalies/dysmorphic syndrome,disease,MONDO
16463,syndromic agammaglobulinemia,disease,MONDO
6009_19956_20069,encephalitis,disease,MONDO_grouped
17965,"syndrome with 46,XX disorder of sex development",disease,MONDO
12556,DK1-CDG,disease,MONDO
12669,Legius syndrome,disease,MONDO
12794,ANE syndrome,disease,MONDO
12842,CMM7,disease,MONDO
8399_12888_12889,"sarcoidosis, susceptibility to",disease,MONDO_grouped
20068,postinfectious encephalitis,disease,MONDO
166,"encephalopathy, acute, infection-induced",disease,MONDO
13136,hereditary hypotrichosis with recurrent skin vesicles,disease,MONDO
10194_13899_18096,Weill-Marchesani syndrome,disease,MONDO_grouped
16643,frontonasal dysplasia,disease,MONDO
13357,"chromosome 17q11.2 deletion syndrome, 1.4Mb",disease,MONDO
18782,type 1 interferonopathy,disease,MONDO
21181,inherited blood coagulation disorder,disease,MONDO
18120_18118_18119_18117,"disorder of phospholipids, sphingolipids and fatty acids biosynthesis",disease,MONDO_grouped
15905,syndromic dyslipidemia,disease,MONDO
19058,neurometabolic disease,disease,MONDO
7349_13766_12724_14498_18768,familial cold autoinflammatory syndrome,disease,MONDO_grouped
19293,skin vascular disease,disease,MONDO
18037,hyper-IgE syndrome,disease,MONDO
14234,reticulate acropigmentation of Kitamura,disease,MONDO
24517_14299,schwannomatosis,disease,MONDO_grouped
14574,peeling skin-leukonuchia-acral punctate keratoses-cheilitis-knuckle pads syndrome,disease,MONDO
12516_9559_14608_15483,mandibulofacial dysostosis,disease,MONDO_grouped
14658,severe achondroplasia-developmental delay-acanthosis nigricans syndrome,disease,MONDO
19240,sterol biosynthesis disorder,disease,MONDO
20225,syndromic cataract,disease,MONDO
15104,porphyria cutanea tarda,disease,MONDO
15261,pseudopelade of Brocq,disease,MONDO
15279,chronic mucocutaneous candidiasis (disease),disease,MONDO
20950,viral eye infection,disease,MONDO
23865,corneal infection,disease,MONDO
15291,stromal keratitis,disease,MONDO
15292,endotheliitis,disease,MONDO
15294,nephrogenic systemic fibrosis,disease,MONDO
21154,dermis disease,disease,MONDO
19065,amyloidosis (disease),disease,MONDO
15303,macular amyloidosis,disease,MONDO
15340,drug rash with eosinophilia and systemic symptoms,disease,MONDO
15454,multiple carboxylase deficiency,disease,MONDO
15455,gonococcal conjunctivitis,disease,MONDO
15597,pustulosis palmaris et plantaris,disease,MONDO
15598,acrodermatitis continua suppurativa of Hallopeau,disease,MONDO
15622,wound myiasis,disease,MONDO
15633,Bazex syndrome,disease,MONDO
15665,scleromyxedema,disease,MONDO
15760_18908_15759,non-Hodgkin lymphoma,disease,MONDO_grouped
621,immune system cancer,disease,MONDO
17595,aggressive B-cell non-Hodgkin lymphoma,disease,MONDO
17594,indolent B-cell non-Hodgkin lymphoma,disease,MONDO
15951,hereditary photodermatosis,disease,MONDO
16028,erythromelalgia,disease,MONDO
5213,uterine carcinoma,disease,MONDO
6003,uterine corpus cancer,disease,MONDO
16287,adenoid basal carcinoma of the cervix uteri,disease,MONDO
5854_3900_16663,connective tissue disease,disease,MONDO_grouped
19127,polymyositis,disease,MONDO
17368,systemic disease with skin involvement,disease,MONDO
16379,erosive pustular dermatosis of the scalp,disease,MONDO
15770_16553,congenital hypogonadotropic hypogonadism,disease,MONDO_grouped
16455,virus-associated trichodysplasia spinulosa,disease,MONDO
6600_19288,pigmentation disease,disease,MONDO_grouped
3222,central nervous system melanocytic neoplasm,disease,MONDO
21322,malignant tumor of meninges,disease,MONDO
16744,primary melanocytic tumor of central nervous system,disease,MONDO
13255_8822_17123,"arthrogryposis, renal dysfunction, and cholestasis",disease,MONDO_grouped
2254,syndromic disease,disease,MONDO
20215,syndromic corneal dystrophy,disease,MONDO
20279,metabolic disease with corneal opacity,disease,MONDO
425,X-linked disease,disease,MONDO
15087,autosomal dominant complex spastic paraplegia,disease,MONDO
17305,syndromic oculocutaneous albinism,disease,MONDO
17372,congenital varicella syndrome,disease,MONDO
17384,acute generalized exanthematous pustulosis,disease,MONDO
17396,toxic dermatosis,disease,MONDO
17409,fetal cytomegalovirus syndrome,disease,MONDO
13693_14481_17411,neonatal inflammatory skin and bowel disease,disease,MONDO_grouped
20325,anaplastic large cell lymphoma,disease,MONDO
20633,anaplastic cancer,disease,MONDO
5665,Bell's palsy,disease,MONDO
24318,viral infection of central nervous system,disease,MONDO
20267,genetic keratinization disorder associated with ocular features,disease,MONDO
16628,hemorrhagic disorder due to a coagulation factors defect,disease,MONDO
17844,Sezary syndrome,disease,MONDO
32801_33012_33015_33014_33010_33013_30941_17851_17681,erythrokeratodermia variabilis et progressiva,disease,MONDO_grouped
17906,amyloidosis cutis dyschromia,disease,MONDO
18021,hypotrichosis-deafness syndrome,disease,MONDO
18024,hydroa vacciniforme,disease,MONDO
18051,Jessner lymphocytic infiltration of the skin,disease,MONDO
18053,trichothiodystrophy,disease,MONDO
18086,ulerythema ophryogenesis,disease,MONDO
10841_8671_13201_12698_13202_12144_10192_7862_8670_19517_18094_11697,Waardenburg syndrome,disease,MONDO_grouped
18139,scleredema,disease,MONDO
315,commensal bacterial infectious disease,disease,MONDO
17592,staphylococcal toxemia,disease,MONDO
18208,neurofibromatosis type 1 due to NF1 mutation or intragenic deletion,disease,MONDO
12123_54559_8909_26765_14904_11291_26729_30043_15286_18292_18293_5500_5501,congenital disorder of glycosylation,disease,MONDO_grouped
18302,acquired kinky hair syndrome,disease,MONDO
18304,Schnitzler syndrome,disease,MONDO
18305,chronic granulomatous disease,disease,MONDO
15508,genetic parenchymatous liver disease,disease,MONDO
24237,inherited neurodegenerative disorder,disease,MONDO
19052,inborn errors of metabolism,disease,MONDO
6360,penile carcinoma,disease,MONDO
18359,neonatal dermatomyositis,disease,MONDO
18356,secondary neonatal autoimmune disease,disease,MONDO
18474,13q12.3 microdeletion syndrome,disease,MONDO
18481,undifferentiated carcinoma of esophagus,disease,MONDO
5135,parasitic infection,disease,MONDO
5522,small intestine carcinoma,disease,MONDO
2032,colon carcinoma,disease,MONDO
5192,exocrine pancreatic carcinoma,disease,MONDO
18531,carcinoma of liver and intrahepatic biliary tract,disease,MONDO
18918,carcinoma of gallbladder and extrahepatic biliary tract,disease,MONDO
18577,pseudoxanthoma elasticum-like skin manifestations with retinitis pigmentosa,disease,MONDO
18631,Marie Unna hereditary hypotrichosis,disease,MONDO
18657,pigmentation defects-palmoplantar keratoderma-skin carcinoma syndrome,disease,MONDO
17287,IgG4-related disease,disease,MONDO
18748,linear IgA Dermatosis,disease,MONDO
18774,erythrokeratodermia-cardiomyopathy syndrome,disease,MONDO
18830,Kimura disease,disease,MONDO
18857,creeping myiasis,disease,MONDO
18858,Graham Little-Piccardi-Lassueur syndrome,disease,MONDO
15923,acquired peripheral neuropathy,disease,MONDO
18890,Lyell syndrome,disease,MONDO
17207,primary organ-specific lymphoma,disease,MONDO
18900,corticosteroid-sensitive aseptic abscess syndrome,disease,MONDO
13967_13950_13931_13952_18264_54549_30899_13942_13938_13948_8736_13949_13937_13945_13930_13933_11683_9959_13936_8745_8746_13932_8953_13951_14127_11101_8954_13939_13943_14070_11749_8747_13927_18910_18135_19234_20275,peroxisome biogenesis disorder,disease,MONDO_grouped
18941,furuncular myiasis,disease,MONDO
25511,inherited neuroendocrine tumor,disease,MONDO
21073,paraneoplastic syndrome,disease,MONDO
1200_1134_15512_5080_100078,hypertension,disease,MONDO_grouped
21635,neurocristopathy,disease,MONDO
15651,neurocutaneous syndrome with epilepsy,disease,MONDO
20266,genodermatosis with ocular features,disease,MONDO
43218,neurovascular disease,disease,MONDO
21060,RASopathy,disease,MONDO
19013,non-histaminic angioedema,disease,MONDO
7950,mastocytosis,disease,MONDO
19180,hereditary hemorrhagic telangiectasia,disease,MONDO
15081,neuroendocrine tumor with other location,disease,MONDO
5872,nervous system cancer,disease,MONDO
17341,virus associated tumor,disease,MONDO
21026_19277,epidermal appendage anomaly,disease,MONDO_grouped
10674_9659_9660_9661_11093_9662_16316_16315_18937_18938_1586_19249_19302_17171_17172,mucopolysaccharidosis,disease,MONDO_grouped
10535,Bazex-Dupre-Christol syndrome,disease,MONDO
15938,systemic disease,disease,MONDO
17955,granulomatous autoinflammatory syndrome,disease,MONDO
19370,vulvovaginal gingival syndrome,disease,MONDO
19388,pelvis syndrome,disease,MONDO
19391,Fanconi anemia,disease,MONDO
11849,psoriatic arthritis,disease,MONDO
11429_19433,juvenile idiopathic arthritis,disease,MONDO_grouped
19467,CD4+/CD56+ hematodermic neoplasm,disease,MONDO
19471,adult T-cell leukemia/lymphoma,disease,MONDO
19472,extranodal nasal NK/T cell lymphoma,disease,MONDO
19475,subcutaneous panniculitis-like T-cell lymphoma,disease,MONDO
15491,immune complex mediated vasculitis,disease,MONDO
19547,Wells syndrome,disease,MONDO
603,autoimmune disease of cardiovascular system,disease,MONDO
19563,CREST syndrome,disease,MONDO
19575,hypotrichosis simplex of the scalp,disease,MONDO
19576,telangiectasia macularis eruptiva perstans,disease,MONDO
19580,papular mucinosis of infancy,disease,MONDO
19581,acral persistent papular mucinosis,disease,MONDO
19582,self-healing papular mucinosis,disease,MONDO
19585,scleromyxedema without monoclonal gammopathy,disease,MONDO
12526_15053_19623_15054,hereditary angioedema,disease,MONDO_grouped
6424,soft tissue neoplasm,disease,MONDO
6873,nutritional deficiency disease,disease,MONDO
7842_20066_20521_20522,Ehlers-Danlos syndrome,disease,MONDO_grouped
20087,genetic lipodystrophy,disease,MONDO
20326,lymphomatoid papulosis,disease,MONDO
5328,eye disease,disease,MONDO
19147,myiasis,disease,MONDO
18882,vasculitis,disease,MONDO
20649,warty carcinoma of the penis,disease,MONDO
20666,Löfgren syndrome,disease,MONDO
20709,Majocchi granuloma,disease,MONDO
4641,skin carcinoma in situ,disease,MONDO
20761,Bowen disease of the skin,disease,MONDO
20799,basal cell neoplasm,disease,MONDO
20971,gonococcal urethritis,disease,MONDO
3382,eyelid disease,disease,MONDO
21027,genetic hair anomaly,disease,MONDO
21157,gonococcal cervicitis,disease,MONDO
21158_1125,gonococcal epididymo-orchitis,disease,MONDO_grouped
21159_1575_1837,gonococcal salpingitis,disease,MONDO_grouped
21160,gonococcal cystitis,disease,MONDO
21161,gonococcal prostatitis,disease,MONDO
21175,herpetic vulvovaginitis,disease,MONDO
44980,disease of signal transduction,disease,MONDO
21340,intertrigo,disease,MONDO
21333,carcinoma of lip,disease,MONDO
21343,carcinoma of floor of mouth,disease,MONDO
4645,cheek mucosa cancer,disease,MONDO
21538,verrucous carcinoma of oral cavity,disease,MONDO
21655,secondary catabolic mucinosis of skin,disease,MONDO
6406,sarcomatoid carcinoma,disease,MONDO
21932,infection by Trypanosoma gambiense,disease,MONDO
22018,Borrone di Rocco Crovato syndrome,disease,MONDO
22020,Boudhina Yedes Khiari syndrome,disease,MONDO
22323,2-hydroxyethyl methacrylate sensitization,disease,MONDO
22749,non-neoplastic nevus,disease,MONDO
11481_10903_10929_44315_14705_15467_15337_15469,craniosynostosis,disease,MONDO_grouped
23388,pityriasis rotunda,disease,MONDO
23561,Koone-Rizzo-Elias syndrome,disease,MONDO
23646,lipodermatosclerosis,disease,MONDO
23679,hematohidrosis,disease,MONDO
5283,retinal disease,disease,MONDO
17280,demodicidosis,disease,MONDO
24284,demodicidosis of sebaceous gland,disease,MONDO
24351,familial pityriasis rubra pilaris,disease,MONDO
24389,anaerobic bacteria infectious disease,disease,MONDO
24954,"larva migrans, visceral",disease,MONDO
5583,non-human animal disease,disease,MONDO
25514,livedoid vasculopathy,disease,MONDO
10823_7321_9112_26782_8972_14743_15776_15775_19701_8973,chondrodysplasia punctata,disease,MONDO_grouped
30705,Trichomonas prostatitis,disease,MONDO
30707,Trichomonas balanoposthitis,disease,MONDO
30708,Trichomonas cervicitis,disease,MONDO
30906,Trichomonas tenax infectious disease,disease,MONDO
4903_3085_1465_33821,keratitis,disease,MONDO_grouped
17356,inborn disorder of ornithine metabolism,disease,MONDO
19213,cerebral organic aciduria,disease,MONDO
37735,sebaceous gland cancer,disease,MONDO
41186,Rowell syndrome,disease,MONDO
41903,gonococcal infection of joint,disease,MONDO
6517,childhood malignant neoplasm,disease,MONDO
42498,Ruzicka-Goerz-Anton syndrome,disease,MONDO
42962,Slti-Salem syndrome,disease,MONDO
43003,familial acanthosis nigricans,disease,MONDO
43139,microcephaly sparse hair intellectual disability seizures,disease,MONDO
43206,trichostasis spinulosa,disease,MONDO
43314,aquarium granuloma,disease,MONDO
43317,amyopathic dermatomyositis,disease,MONDO
4748,lip disease,disease,MONDO
43771,radiodermatitis,disease,MONDO
43777,rhinophyma,disease,MONDO
43783,sclerema neonatorum,disease,MONDO
6858,mouth disease,disease,MONDO
568,autoimmune disease of central nervous system,disease,MONDO
20683,acute disease,disease,MONDO
44617,X-linked keloid scarring-reduced joint mobility-increased optic cup-to-disc ratio syndrome,disease,MONDO
44656,epidermolytic nevus,disease,MONDO
44926,oropharyngeal carcinoma,disease,MONDO
380,paranasal sinus carcinoma,disease,MONDO
23644,lip and oral cavity carcinoma,disease,MONDO
24623_18751,otorhinolaryngologic disease,disease,MONDO_grouped
44739,Stevens-Johnson syndrome/toxic epidermal necrolysis overlap syndrome,disease,MONDO
521,salivary gland carcinoma,disease,MONDO
17167,malignant epithelial tumor of salivary glands,disease,MONDO
56819,nasal cavity and paranasal sinus carcinoma,disease,MONDO
24879,metastatic carcinoma,disease,MONDO
302_45038_45039,basidiobolomycosis,disease,MONDO_grouped
45047,neurosarcoidosis,disease,MONDO
33541_14280_13500_14278_10296_33542_32723_14597_14727_8856_54696_32599_20849_32763_30858_30013_10504_14453_12426_10386_32803_14491_13427_14222_14981_13953_21094_30898_30973_30981,immunodeficiency,disease,MONDO_grouped
56815,liver adenosquamous carcinoma,disease,MONDO
56817,rectal adenosquamous carcinoma,disease,MONDO
100213,IFAP syndrome with or without BRESHECK syndrome,disease,MONDO
100237,inherited cutis laxa,disease,MONDO
