id,name,def,synonyms,xrefs,is_a,alt_ids,is_obsolete
DERMO:0000000,disease,,,"SNOMEDCT_US_2015_03_01:64572001 ""disease""|DOID:4 ""disease""",,,False
DERMO:0000001,cutaneous disease,Diseases originating in the skin and systemic diseases with cutaneous manifestations or sequelae.,,,DERMO:0000000,,False
DERMO:0000002,genodermatosis,,,"SNOMEDCT_US_2015_03_01:5613003 ""genodermatosis""|SNOMEDCT_US_2015_03_01:199879009 ""genodermatosis""|SNOMEDCT_US_2015_03_01:239001006 ""genodermatosis""",DERMO:0000001,,False
DERMO:0000003,psoriasis triggered by bacterial infection,psoriasis where bacterial infection is judged to be the triggering cause with or without genetic predisposition,,,DERMO:0000124|DERMO:0002063,,False
DERMO:0000004,psoriasis triggered by fungal infection,psoriasis where fungal infection is judged to be the triggering cause with or without genetic predisposition,,,DERMO:0000124|DERMO:0002246,,False
DERMO:0000005,disease of keratinization,,,,DERMO:0000002,,False
DERMO:0000006,inherited ectodermal dysplasia disorder,,,,DERMO:0000002,,False
DERMO:0000007,adnexal disease,"Diseases involving the appendages of the skin: the hair, nails, sebaceous glands, sweat glands, and mammary glands.",skin appendages disease,"HP:0011138 ""Abnormality of skin adnexa""",DERMO:0000001,DERMO:0000105,False
DERMO:0000008,HIV-related psoriasis,psoriasis occurring in patients with HIV infection,,,DERMO:0000124|DERMO:0002329,,False
DERMO:0000009,common ichthyosis,,,,,,True
DERMO:0000010,ichthyosis vulgaris,,autosomal dominant ichthyosis|ichthyosis simplex,"SNOMEDCT_US_2015_03_01:205551004 ""ichthyosis vulgaris""|SNOMEDCT_US_2015_03_01:254157005 ""ichthyosis vulgaris""|DERMLEX:3017 ""ichthyosis vulgaris""|DOID:1702 ""ichthyosis vulgaris""|ICD10:Q80.0 ""ichthyosis vulgaris""|OMIM:135940 ""ichthyosis vulgaris""",DERMO:0003288,,False
DERMO:0000011,x-linked recessive ichthyosis,,steroid sulfatase deficiency,"SNOMEDCT_US_2015_03_01:402771003 ""x-linked recessive ichthyosis""|SNOMEDCT_US_2015_03_01:205552006 ""x-linked recessive ichthyosis""|SNOMEDCT_US_2015_03_01:254160003 ""x-linked recessive ichthyosis""|SNOMEDCT_US_2015_03_01:3944006 ""x-linked recessive ichthyosis""|DERMLEX:3042 ""x-linked ichthyosis""|DOID:1700 ""x-linked recessive ichthyosis""",DERMO:0003288,,False
DERMO:0000012,non-syndromic autosomal recessive congenital ichthyosis,,,,DERMO:0003288,,False
DERMO:0000013,harlequin ichthyosis,,harlequin baby|harlequin fetus|ichthyosis congenita gravior,"SNOMEDCT_US_2015_03_01:205548006 ""harlequin ichthyosis""|ICD10:Q80.4 ""harlequin ichthyosis""",DERMO:0000012,,False
DERMO:0000014,late-onset autosomal recessive ichthyosis,,,,DERMO:0000012,,False
DERMO:0000015,keratinopathic ichthyosis,,,,DERMO:0003288,,False
DERMO:0000016,epidermolytic ichthyosis,,bullous congenital ichthyosiform erythroderma|bullous ichthyosis|EHK|EI|epidermolytic hyperkeratosis,"DOID:4603 ""epidermolytic ichthyosis""|HP:0007475 ""epidermolytic ichthyosis""|OMIM:139350 ""epidermolytic ichthyosis""|OMIM:148080 ""epidermolytic ichthyosis""",DERMO:0000774|DERMO:0003288,,False
DERMO:0000017,superficial epidermolytic ichthyosis,,ichthyosis bullosa of siemens|ichthyosis exfoliativa,"OMIM:600194 ""superficial epidermolytic ichthyosis""",DERMO:0003288,,False
DERMO:0000018,ichthyosis en confetti,,confetti ichthyosis|congenital reticular ichthyosiform erythroderma|CRIE|ichthyosis variegata|ichthyosis with confetti,"OMIM:148080 ""ichthyosis en confetti""",DERMO:0000015,,False
DERMO:0000019,ichthyosis hystrix curth-macklin,,IHCM,"DERMLEX:3018 ""ichthyosis hystrix""",DERMO:0000015,,False
DERMO:0000020,non-syndromic ichthyoses and erythrokeratodermas not otherwise specified,,,,,,True
DERMO:0000021,erythrokeratodermia variabilis,,EKV|erythrokeratodermia figurata variabilis|erythrokeratodermia variabilis et progressiva|mendes da costa disease,"SNOMEDCT_US_2015_03_01:70041004 ""erythrokeratodermia variabilis""|DERMLEX:3054 ""erythrokeratodermia variabilis""|DOID:0050467 ""erythrokeratodermia variabilis""|OMIM:603324 ""erythrokeratodermia variabilis""",DERMO:0003308,,False
DERMO:0000022,generalized inflammatory peeling skin syndrome,,,,DERMO:0003300,,False
DERMO:0000023,KLICK syndrome,,keratosis linearis-ichthyosis congenita-sclerosing keratoderma syndrome,,DERMO:0003298,,False
DERMO:0000024,syndromic ichthyosis or erythrokeratoderma***to go,,,,,,True
DERMO:0000025,ARC syndrome,,arthrogryposis-renal dysfunction-cholestasis syndrome ,"DOID:0050763 ""arc syndrome""",DERMO:0003297,,False
DERMO:0000026,CEDNIK syndrome,,"cerebral dysgenesis, neuropathy, ichthyosis and keratoderma syndrome",,DERMO:0003297,,False
DERMO:0000027,CHILD syndrome,,CHILD nevus|congenital hemidysplasia with ichthyosiform erythroderma and limb defects syndrome|congenital hemidysplasia with ichthyosiform nevus and limb defects syndrome,"SNOMEDCT_US_2015_03_01:17608003 ""child syndrome""|OMIM:300275 ""child syndrome""",DERMO:0003310|DERMO:0003401,,False
DERMO:0000028,conradi-hunermann-happle syndrome,,CDPX2|chondrodysplasia punctata 2 x-linked|conradi-hunermann syndrome|happle syndrome|x-linked dominant chondrodysplasia punctata,,DERMO:0000358|DERMO:0003310|DERMO:0003401,,False
DERMO:0000029,dolichol kinase deficiency,,CDG1M|congenital disorder of glycosylation type 1M,,DERMO:0003288,,False
DERMO:0000030,gaucher disease type 2,,gaucher syndrome type 2,,DERMO:0000525|DERMO:0003288,DERMO:0000527,False
DERMO:0000031,Ichthyosis-hypotrichosis syndrome,,,,DERMO:0003297,,False
DERMO:0000032,ichthyosis-hypotrichosis-sclerosing cholangitis syndrome,,,,DERMO:0003297,,False
DERMO:0000033,"ichthyosis, intellectual disability and spastic quadriplegia",,"ichthyosis, spastic quadriplegia and mental retardation|ISQMR",,DERMO:0003297,,False
DERMO:0000034,ichthyosis prematurity syndrome,,,"OMIM:604194 ""ichthyosis prematurity syndrome""",DERMO:0003297,,False
DERMO:0000035,IFAP syndrome,,ichthyosis follicularis-atrichia-photophobia syndrome,,DERMO:0003298,,False
DERMO:0000036,KID syndrome,,erythrokeratodermia progressiva burns|HID syndrome|hystrix-like ichthyosis-deafness syndrome|keratitis-ichthyosis-deafness syndrome,"SNOMEDCT_US_2015_03_01:239059004 ""kid syndrome""|SNOMEDCT_US_2015_03_01:2625009 ""kid syndrome""|OMIM:121011 ""kid syndrome""",DERMO:0003308,,False
DERMO:0000037,MEDNIK syndrome,,mental retardation enteropathy deafness neuropathy ichthyosis keratoderma syndrome,"OMIM:603531 ""mednik syndrome""",DERMO:0003298,,False
DERMO:0000038,multiple sulfatase deficiency,,austin disease|mucosulfatidosis,"SNOMEDCT_US_2015_03_01:254076009 ""multiple sulfatase deficiency""|SNOMEDCT_US_2015_03_01:54898003 ""multiple sulfatase deficiency""|DOID:0050441 ""multiple sulfatase deficiency""|OMIM:607939 ""multiple sulfatase deficiency""",DERMO:0003297,,False
DERMO:0000039,neutral lipid storage disease with ichthyosis,,Chanarin-Dorfman syndrome,"DOID:0050729 ""neutral lipid storage disease with ichthyosis""|OMIM:604780 ""neutral lipid storage disease with ichthyosis""",DERMO:0003288,,False
DERMO:0000040,refsum disease,,heredopathia atactica polyneuritiformis|phytanic acid storage disease,"DERMLEX:3032 ""refsum disease""|DOID:10582 ""refsum disease""|ICD10:G60.1 ""refsum disease""|OMIM:602026 ""refsum disease""",DERMO:0003288,,False
DERMO:0000041,rhizomelic chondrodysplasia punctata type 1,,autosomal recessive chondrodysplasia punctata type 1|chondrodystrophia calcificans punctata,,DERMO:0003297,,False
DERMO:0000042,sjogren-larsson syndrome,,,"SNOMEDCT_US_2015_03_01:111303009 ""sjogren-larsson syndrome""|DERMLEX:3033 ""sjogren-larsson syndrome""|DOID:14501 ""sjogren-larsson syndrome""|OMIM:609523 ""sjogren-larsson syndrome""",DERMO:0003288,,False
DERMO:0000043,trichothiodystrophy with ichthyosis,,sulfur-deficient brittle hair syndrome|tay syndrome|TTD with ichthyosis,"DOID:2960 ""trichothiodystrophy with ichthyosis""",DERMO:0001457|DERMO:0002869|DERMO:0003288,,False
DERMO:0000044,epidermolytic palmoplantar keratoderma,,EPPK|hyperkeratosis localized epidermolytic|vorner type palmoplantar keratoderma ,"OMIM:607606 ""epidermolytic palmoplantar keratoderma""",DERMO:0003313,,False
DERMO:0000045,non-epidermolytic palmoplantar keratoderma,,NEPPK|unna-thost diffuse palmoplantar keratoderma,,DERMO:0003313,,False
DERMO:0000046,palmoplantar keratoderma nonepidermolytic focal,,FNEPPK,,,,True
DERMO:0000047,palmoplantar keratoderma with sensorineural deafness,,,,DERMO:0003319,,False
DERMO:0000048,Bart-Pumphrey syndrome,,"knuckle pads, leukonychia and sensorineural deafness","SNOMEDCT_US_2015_03_01:1271009 ""bart-pumphrey syndrome""|DOID:0050658 ""bart-pumphrey syndrome""|OMIM:121011 ""bart-pumphrey syndrome""",DERMO:0003319,,False
DERMO:0000049,palmoplantar keratoderma,,PPK,"SNOMEDCT_US_2015_03_01:706885006 ""palmoplantar keratoderma""|DOID:3390 ""palmoplantar keratoderma""|HP:0000982 ""palmoplantar keratoderma""",DERMO:0000005,,False
DERMO:0000050,mal de meleda,,meleda type palmoplantar keratoderma,"SNOMEDCT_US_2015_03_01:239069005 ""mal de meleda""|DERMLEX:3050 ""mal de meleda""",DERMO:0003313,,False
DERMO:0000051,oculodentodigital dysplasia,,ODD syndrome|ODDD,"SNOMEDCT_US_2015_03_01:38215007 ""oculodentodigital dysplasia""|OMIM:121014 ""oculodentodigital dysplasia""",DERMO:0003319,,False
DERMO:0000052,papillon-lefevre syndrome,,palmoplantar keratoderma with periodontitis,"SNOMEDCT_US_2015_03_01:40158001 ""papillon-lefevre syndrome""|DERMLEX:3058 ""papillon-lefevre syndrome""|OMIM:602365 ""papillon-lefevre syndrome""",DERMO:0003319,,False
DERMO:0000053,haim-munk syndrome,,"palmoplantar keratoderma with periodontitis, arachnodactyly and acro-osteolysis","DERMLEX:3068 ""haim-munk syndrome""|OMIM:602365 ""haim-munk syndrome""",DERMO:0003319,,False
DERMO:0000054,tyrosinemia type 2,,oculocutaneous tyrosinemia|richner-hanart syndrome,"SNOMEDCT_US_2015_03_01:4887000 ""tyrosinemia type 2""|DOID:0050725 ""tyrosinemia type 2""",DERMO:0003322,,False
DERMO:0000055,classic vohwinkel syndrome,,congenital deafness with keratopachydermia and constrictions of fingers and toes|mutilating palmoplantar keratoderma,,DERMO:0003319,,False
DERMO:0000056,loricrin keratoderma,,"vohwinkel syndrome, variant form",,DERMO:0003319,,False
DERMO:0000057,naxos disease,,diffuse palmoplantar keratoderma with woolly hair and arrhythmogenic cardiomyopathy,"DERMLEX:3741 ""naxos disease""|OMIM:173325 ""naxos disease""",DERMO:0003319,,False
DERMO:0000058,carvajal syndrome,,dilated cardiomyopathy with woolly hair and striate palmoplantar keratoderma,"DERMLEX:3758 ""dilated cardiomyopathy with woolly hair and keratoderma""",DERMO:0003322,,False
DERMO:0000059,striate palmoplantar keratoderma,,brunauer-fuhs-siemens syndrome|focal NEPPK|keratosis palmoplantaris areata|keratosis palmoplantaris striata|sPPK|wachter-type striate palmoplantar keratoderma,,DERMO:0003314,,False
DERMO:0000060,palmoplantar keratoderma with cutaneous squamous cell carcinoma and sex reversal,,,,DERMO:0000583|DERMO:0003319,,False
DERMO:0000061,LAMB syndrome,,,"DOID:0050471 ""lamb syndrome""",DERMO:0000676,,False
DERMO:0000062,acral peeling skin syndrome,,,"SNOMEDCT_US_2015_03_01:709416009 ""acral peeling skin syndrome""",DERMO:0003300,,False
DERMO:0000063,cardio-facio-cutaneous syndrome,,,"SNOMEDCT_US_2015_03_01:403770008 ""cardio-facio-cutaneous syndrome""",DERMO:0000005,,False
DERMO:0000064,darier disease,,darier-white disease|dyskeratosis follicularis|follicular dyskeratosis|keratosis follicularis,"SNOMEDCT_US_2015_03_01:48611009 ""darier disease""|DERMLEX:3078 ""darier disease""|DOID:2734 ""darier disease""|OMIM:108740 ""darier disease""",DERMO:0000005,,False
DERMO:0000065,hailey-hailey disease,,familial benign chronic pemphigus|HHD,"SNOMEDCT_US_2015_03_01:79468000 ""hailey-hailey disease""|DERMLEX:3503 ""hailey-hailey disease""|DOID:0050429 ""hailey-hailey disease""|OMIM:604384 ""hailey-hailey disease""",DERMO:0000005,,False
DERMO:0000066,keratosis follicularis spinulosa decalvans,A rare familial variant of facial follicular atrophy which results in bald areas on the scalp and eyebrows.,KFSD,"SNOMEDCT_US_2015_03_01:238626006 ""keratosis follicularis spinulosa decalvans""|DERMLEX:2326 ""keratosis follicularis spinulosa decalvans""|OMIM:313020 ""keratosis follicularis spinulosa decalvans""",DERMO:0001436|DERMO:0002540,,False
DERMO:0000067,"noonan syndrome, type 1",,,,DERMO:0000078,,False
DERMO:0000068,"noonan syndrome, type 3",,,,DERMO:0000078,,False
DERMO:0000069,"noonan syndrome, type 5",,,,DERMO:0000078,,False
DERMO:0000070,"noonan syndrome, type 4",,,,DERMO:0000078,,False
DERMO:0000071,"noonan syndrome, type 6",,,,DERMO:0000078,,False
DERMO:0000072,noonan syndrome-like disorder,,,,DERMO:0000005,,False
DERMO:0000073,noonan syndrome-like disorder with loose anagen hair,,,,DERMO:0000005,,False
DERMO:0000074,"porokeratosis, disseminated superficial actinic",,,,DERMO:0000005,,False
DERMO:0000075,psoriasiform dermatitis-microcephaly-developmental delay,,,,DERMO:0000005,,False
DERMO:0000076,seborrhea-like dermatitis with psoriasiform elements,,,"OMIM:610226 ""seborrhea-like dermatitis with psoriasiform elements""",DERMO:0000005,,False
DERMO:0000077,white sponge nevus,,,"SNOMEDCT_US_2015_03_01:389203001 ""white sponge nevus""|SNOMEDCT_US_2015_03_01:62953009 ""white sponge nevus""|SNOMEDCT_US_2015_03_01:85388002 ""white sponge nevus""|DERMLEX:968 ""white sponge nevus""|DOID:0050448 ""white sponge nevus""|OMIM:123940 ""white sponge nevus""|OMIM:148065 ""white sponge nevus""",DERMO:0000005,,False
DERMO:0000078,noonan syndrome,,,"SNOMEDCT_US_2015_03_01:88327006 ""noonan syndrome""|SNOMEDCT_US_2015_03_01:205824006 ""noonan syndrome""|DERMLEX:4698 ""noonan syndrome""|DOID:3490 ""noonan syndrome""",DERMO:0000005,,False
DERMO:0000079,acantholytic ectodermal dysplasia,,,,DERMO:0000006,,False
DERMO:0000080,AEC syndrome,,ankyloblepharon-ectodermal defects-cleft lip/palate syndrome|hay-wells syndrome|rapp-hodgkin syndrome,"SNOMEDCT_US_2015_03_01:55821006 ""aec syndrome""|OMIM:603273 ""aec syndrome""",DERMO:0003440,,False
DERMO:0000081,EEC syndrome,,ectrodactyly-ectodermal dysplasia-cleft syndrome|split hand-split foot-ectodermal dysplasia-clefting syndrome,"SNOMEDCT_US_2015_03_01:39788007 ""eec syndrome""",DERMO:0003440,,False
DERMO:0000082,ADULT syndrome,,acro-dermato-ungual-lacrimal-tooth syndrome,"DOID:0050601 ""adult syndrome""|OMIM:603273 ""adult syndrome""",DERMO:0003440,,False
DERMO:0000083,limb-mammary syndrome,,,"DERMLEX:3118 ""limb-mammary syndrome""|OMIM:603273 ""limb-mammary syndrome""",DERMO:0003440,,False
DERMO:0000084,cleft lip/palate-ectodermal dysplasia syndrome,,rosselli-gulienetti syndrome,"OMIM:600644 ""cleft lip/palate-ectodermal dysplasia syndrome""",DERMO:0000006,,False
DERMO:0000085,cranioectodermal dysplasia,,,"SNOMEDCT_US_2015_03_01:239034008 ""cranioectodermal dysplasia""|SNOMEDCT_US_2015_03_01:254093009 ""cranioectodermal dysplasia""|DERMLEX:3123 ""cranioectodermal dysplasia""|DOID:0050577 ""cranioectodermal dysplasia""",DERMO:0000006,,False
DERMO:0000086,cranioectodermal dysplasia type 1,,,,DERMO:0000085,,False
DERMO:0000087,cranioectodermal dysplasia type 2,,,,DERMO:0000085,,False
DERMO:0000088,ectodermal dysplasia-neoplastic syndrome,,ED-neoplastic syndrome|oligodontia-colorectal cancer syndrome|tooth agenesis-colorectal cancer syndrome,"OMIM:604025 ""ectodermal dysplasia-neoplastic syndrome""",DERMO:0000006,,False
DERMO:0000089,ectodermal dysplasia-syndactyly syndrome,,ED-syndactyly syndrome|EDS,,DERMO:0000006,,False
DERMO:0000090,EEM syndrome,,ectodermal dysplasia-ectrodactyly and macular dystrophy syndrome,,DERMO:0000006,,False
DERMO:0000091,ellis-van creveld syndrome,,EVC syndrome,"SNOMEDCT_US_2015_03_01:62501005 ""ellis-van creveld syndrome""|DERMLEX:4724 ""ellis-van creveld syndrome""|DOID:12714 ""ellis-van creveld syndrome""|OMIM:604831 ""ellis-van creveld syndrome""|OMIM:607261 ""ellis-van creveld syndrome""",DERMO:0000006,,False
DERMO:0000092,hidrotic ectodermal dysplasia,,clouston syndrome|hidrotic ED,"SNOMEDCT_US_2015_03_01:54209007 ""hidrotic ectodermal dysplasia""|DERMLEX:3106 ""hidrotic ectodermal dysplasia""|DOID:14693 ""hidrotic ectodermal dysplasia""|HP:0007529 ""hidrotic ectodermal dysplasia""",DERMO:0003319|DERMO:0003439,,False
DERMO:0000093,hypohidrotic ectodermal dysplasia,,anhidrotic ectodermal dysplasia|christ-siemens-touraine syndrome|HED|hypohidrotic ED,"SNOMEDCT_US_2015_03_01:7731005 ""hypohidrotic ectodermal dysplasia""|DERMLEX:3091 ""anhidrotic ectodermal dysplasi""|DOID:14793 ""hypohidrotic ectodermal dysplasia""|HP:0007476 ""hypohidrotic ectodermal dysplasia""|HP:0007607 ""hypohidrotic ectodermal dysplasia""",DERMO:0003439,,False
DERMO:0000094,hypohidrotic ectodermal dysplasia with immunodeficiency,,HED-ID|hypohidrotic ED with immunodeficiency,,DERMO:0003363|DERMO:0003401|DERMO:0003439,,False
DERMO:0000095,"immunodeficiency, myopathy and ectodermal dysplasia",,"immune dysfunction with T cell inactivation due to calcium entry defect 1|immunodeficiency, myopathy and ED",,DERMO:0000006,,False
DERMO:0000096,odonto-onycho-dermal dysplasia,,schopf-schulz-passarge syndrome,"SNOMEDCT_US_2015_03_01:403762003 ""odonto-onycho-dermal dysplasia""|DERMLEX:3139 ""odontoonychodermal dysplasia""|OMIM:606268 ""odonto-onycho-dermal dysplasia""",DERMO:0000006,,False
DERMO:0000097,plakophilin deficiency,,ectodermal dysplasia/skin fragility syndrome,"OMIM:601975 ""plakophilin deficiency""",DERMO:0000006,,False
DERMO:0000098,pure hair-nail type ectodermal dysplasia,,pure hair-nail type ED,"DERMLEX:3744 ""pure hair-nail type ectodermal dysplasia""",DERMO:0000006,,False
DERMO:0000099,witkop tooth and nail syndrome,,hypodontia with nail dysgenesis|tooth and nail syndrome|witkop syndrome,"DERMLEX:4142 ""witkop syndrome""|DOID:6678 ""witkop tooth and nail syndrome""",DERMO:0003439,,False
DERMO:0000100,tricho-dento-osseous syndrome,,,"SNOMEDCT_US_2015_03_01:38993008 ""tricho-dento-osseous syndrome""",DERMO:0000006,,False
DERMO:0000101,pruritus or dysesthesia,,,,DERMO:0000173,,False
DERMO:0000102,papulosquamous or eczematous dermatosis,,,,DERMO:0000001,,False
DERMO:0000103,"urticaria, erythema or purpura",,,,DERMO:0000001,,False
DERMO:0000104,vesiculobullous disease,,,,DERMO:0000001,,False
DERMO:0000106,rheumatological disorder,,,,DERMO:0000001,,False
DERMO:0000107,metabolic or systemic disease,,,,DERMO:0000001,,False
DERMO:0000108,pigmentary disorder,,,,DERMO:0000001,,False
DERMO:0000109,disorder of hair and nails,,,,DERMO:0000001,,False
DERMO:0000110,"disorder caused by infections, infestations, stings, or bites",,,,DERMO:0000001,,False
DERMO:0000111,disorder due to a physical agent,,,,DERMO:0000001,,False
DERMO:0000112,disorder of langerhans cells or macrophages,,,,DERMO:0000001,,False
DERMO:0000113,atrophy or disorder of dermal connective tissues,,,,DERMO:0000001,,False
DERMO:0000114,disorders of subcutaneous fat,,,,DERMO:0000001,,False
DERMO:0000115,vascular disorder,,,"SNOMEDCT_US_2015_03_01:27550009 ""vascular disorder""",DERMO:0000001,,False
DERMO:0000116,disorder of neoplasm of the skin,,,,DERMO:0000001,,False
DERMO:0000117,dermatologic disease with pruritus,,,,DERMO:0000101,,False
DERMO:0000118,pruritus due to infestation,,,,DERMO:0000117,,False
DERMO:0000119,scabies,,,"SNOMEDCT_US_2015_03_01:67172004 ""scabies""|SNOMEDCT_US_2015_03_01:128869009 ""scabies""|SNOMEDCT_US_2015_03_01:154422001 ""scabies""|SNOMEDCT_US_2015_03_01:187215008 ""scabies""|SNOMEDCT_US_2015_03_01:266224002 ""scabies""|DOID:8295 ""scabies""|ICD10:B86 ""scabies""",DERMO:0001385|DERMO:0002325|DERMO:0002802,,False
DERMO:0000120,pediculosis,,lice infestation,"SNOMEDCT_US_2015_03_01:154417001 ""pediculosis""|SNOMEDCT_US_2015_03_01:20848007 ""pediculosis""|SNOMEDCT_US_2015_03_01:266223008 ""pediculosis""|DOID:5502 ""pediculosis""",DERMO:0002802,,False
DERMO:0000121,inflammatory dermatoses,,,,DERMO:0000117,,False
DERMO:0000122,atopic dermatitis,,AD|atopic eczema|eczema,"SNOMEDCT_US_2015_03_01:156331003 ""atopic dermatitis""|SNOMEDCT_US_2015_03_01:24079001 ""atopic dermatitis""|DERMLEX:2100 ""atopic dermatitis""|DOID:10652 ""atopic dermatitis""|DOID:3310 ""atopic dermatitis""|HP:0000964 ""atopic dermatitis""|HP:0001047 ""atopic dermatitis""|ICD10:L20 ""atopic dermatitis""",DERMO:0000121|DERMO:0000432|DERMO:0000487,,False
DERMO:0000124,psoriasis,,,"SNOMEDCT_US_2015_03_01:9014002 ""psoriasis""|SNOMEDCT_US_2015_03_01:156369008 ""psoriasis""|DERMLEX:2042 ""psoriasis""|DOID:8893 ""psoriasis""|HP:0003765 ""psoriasis""|ICD10:L40 ""psoriasis""|MP:0001193 ""psoriasis""",DERMO:0000121|DERMO:0000430|DERMO:0000432,DERMO:0000402,False
DERMO:0000125,cutaneous T-cell lymphoma,,CTCL,"SNOMEDCT_US_2015_03_01:400122007 ""cutaneous t-cell lymphoma""|SNOMEDCT_US_2015_03_01:28054005 ""cutaneous t-cell lymphoma""|SNOMEDCT_US_2015_03_01:255099004 ""cutaneous t-cell lymphoma""|HP:0012192 ""cutaneous t-cell lymphoma""",DERMO:0000116|DERMO:0000117|DERMO:0000432|DERMO:0002340,DERMO:0000435|DERMO:0001228,False
DERMO:0000126,dermatosis resulting from pruritus,,,,DERMO:0000102,,False
DERMO:0000127,prurigo nodularis,,,"SNOMEDCT_US_2015_03_01:63501000 ""prurigo nodularis""|DERMLEX:635 ""prurigo nodularis""|ICD10:L28.1 ""prurigo nodularis""",DERMO:0000126,,False
DERMO:0000128,lichen simplex chronicus,,,"SNOMEDCT_US_2015_03_01:53891004 ""lichen simplex chronicus""|DERMLEX:2106 ""lichen simplex chronicus""|ICD10:L28.0 ""lichen simplex chronicus""",DERMO:0000126,,False
DERMO:0000129,lichen ruber moniliformis,,,"SNOMEDCT_US_2015_03_01:3358001 ""lichen ruber moniliformis""|ICD10:L44.3 ""lichen ruber moniliformis""",DERMO:0000126,,False
DERMO:0000130,variant of pruritus,,,,DERMO:0002968,,False
DERMO:0000131,aquagenic pruritus,,,"SNOMEDCT_US_2015_03_01:201026001 ""aquagenic pruritus""|SNOMEDCT_US_2015_03_01:238695001 ""aquagenic pruritus""|DERMLEX:632 ""aquagenic pruritus""",DERMO:0000130,,False
DERMO:0000132,pruritus ani,,,"SNOMEDCT_US_2015_03_01:90446007 ""pruritus ani""|SNOMEDCT_US_2015_03_01:156381007 ""pruritus ani""|SNOMEDCT_US_2015_03_01:201012005 ""pruritus ani""|DERMLEX:647 ""pruritus ani""|ICD10:L29.0 ""pruritus ani""",DERMO:0000130,,False
DERMO:0000133,pruritus vulvae,,,"SNOMEDCT_US_2015_03_01:156382000 ""pruritus vulvae""|SNOMEDCT_US_2015_03_01:201013000 ""pruritus vulvae""|SNOMEDCT_US_2015_03_01:201014006 ""pruritus vulvae""|SNOMEDCT_US_2015_03_01:267853004 ""pruritus vulvae""|SNOMEDCT_US_2015_03_01:67882000 ""pruritus vulvae""|DERMLEX:648 ""pruritus vulvae""|ICD10:L29.2 ""pruritus vulvae""",DERMO:0000130,,False
DERMO:0000134,pruritus scroti,,,"SNOMEDCT_US_2015_03_01:65645005 ""pruritus scroti""|DERMLEX:649 ""pruritus scroti""|ICD10:L29.1 ""pruritus scroti""",DERMO:0000130,,False
DERMO:0000135,scalp pruritus,,,"SNOMEDCT_US_2015_03_01:277799005 ""scalp pruritus""|DERMLEX:646 ""scalp pruritus""",DERMO:0000130,,False
DERMO:0000136,pruritus in scars,,,,DERMO:0000130,,False
DERMO:0000137,post-burn pruritus,,,,DERMO:0000130,,False
DERMO:0000139,pruritus due to systemic disease,,,"DERMLEX:627 ""pruritus due to systemic disease""",DERMO:0000101,,False
DERMO:0000140,renal pruritus,,,,DERMO:0000139,,False
DERMO:0000141,"renal pruritus, localized",,,,DERMO:0000140,,False
DERMO:0000142,"renal pruritus, generalized",,,,DERMO:0000140,,False
DERMO:0000143,cholestatic pruritus,,,"SNOMEDCT_US_2015_03_01:707150004 ""cholestatic pruritus""",DERMO:0000139,,False
DERMO:0000144,haematologic pruritus,,,,DERMO:0000139,,False
DERMO:0000145,iron deficiency,,,"SNOMEDCT_US_2015_03_01:190663001 ""iron deficiency""|SNOMEDCT_US_2015_03_01:35240004 ""iron deficiency""|ICD10:E61.1 ""iron deficiency""",DERMO:0002739,,False
DERMO:0000146,polycythemia vera,,,"SNOMEDCT_US_2015_03_01:128841001 ""polycythemia vera""|SNOMEDCT_US_2015_03_01:154644004 ""polycythemia vera""|SNOMEDCT_US_2015_03_01:109992005 ""polycythemia vera""|SNOMEDCT_US_2015_03_01:269652000 ""polycythemia vera""|SNOMEDCT_US_2015_03_01:31569001 ""polycythemia vera""|DERMLEX:4542 ""polycythemia vera""|DOID:8997 ""polycythemia vera""|OMIM:147796 ""polycythemia vera""",DERMO:0000621,,False
DERMO:0000147,pruritus due to malignancy,,,"DERMLEX:641 ""pruritus due to malignancy""",DERMO:0000139,,False
DERMO:0000149,non-hodgkin lymphoma,,,"SNOMEDCT_US_2015_03_01:118601006 ""non-hodgkin lymphoma""|DOID:0060060 ""non-hodgkin lymphoma""|HP:0012539 ""non-hodgkin lymphoma""",DERMO:0001725,,False
DERMO:0000151,endocrine pruritus,,,,DERMO:0000139,,False
DERMO:0000152,thyroid disease,,,"SNOMEDCT_US_2015_03_01:14304000 ""thyroid disease""|HP:0000820 ""thyroid disease""",DERMO:0000622,,False
DERMO:0000154,pruritus due to HIV infection and AIDS,,,,DERMO:0000139,,False
DERMO:0000155,pharmacologic pruritus,,,,DERMO:0002968,,False
DERMO:0000156,pruritus due to pregnancy,,,,DERMO:0000101,,False
DERMO:0000157,psychogenic pruritus,,,"SNOMEDCT_US_2015_03_01:154925009 ""psychogenic pruritus""|SNOMEDCT_US_2015_03_01:191966002 ""psychogenic pruritus""|SNOMEDCT_US_2015_03_01:192436003 ""psychogenic pruritus""|SNOMEDCT_US_2015_03_01:268774006 ""psychogenic pruritus""|DERMLEX:634 ""psychogenic pruritus""",DERMO:0002968,,False
DERMO:0000158,pruritus or dysesthesia with neurological aetiology,,,,DERMO:0000101,,False
DERMO:0000159,brachoradial pruritus,,,,DERMO:0000158,,False
DERMO:0000160,burning mouth syndrome,,,"SNOMEDCT_US_2015_03_01:399165002 ""burning mouth syndrome""|SNOMEDCT_US_2015_03_01:111349000 ""burning mouth syndrome""|DERMLEX:669 ""burning mouth syndrome""|DOID:4331 ""burning mouth syndrome""",DERMO:0000158,,False
DERMO:0000161,burning scalp syndrome,,,,DERMO:0000158,,False
DERMO:0000162,notalgia paresthetica,,,"SNOMEDCT_US_2015_03_01:277802001 ""notalgia paresthetica""|DERMLEX:701 ""notalgia paresthetica""",DERMO:0000158,,False
DERMO:0000163,meralgia paresthetica,,,"SNOMEDCT_US_2015_03_01:85007004 ""meralgia paresthetica""|SNOMEDCT_US_2015_03_01:155076004 ""meralgia paresthetica""|DOID:12525 ""meralgia paresthetica""",DERMO:0000158,,False
DERMO:0000164,dysesthetic anogenital pain syndrome,,,,DERMO:0000158,,False
DERMO:0000165,levator ani syndrome,,,,DERMO:0000164,,False
DERMO:0000166,proctalgia fugax,,,"SNOMEDCT_US_2015_03_01:62647006 ""proctalgia fugax""|SNOMEDCT_US_2015_03_01:155788009 ""proctalgia fugax""|SNOMEDCT_US_2015_03_01:270534003 ""proctalgia fugax""",DERMO:0000164,,False
DERMO:0000167,coccydynia,,,"SNOMEDCT_US_2015_03_01:156653009 ""coccydynia""|SNOMEDCT_US_2015_03_01:268084001 ""coccydynia""|SNOMEDCT_US_2015_03_01:34789001 ""coccydynia""",DERMO:0000164,,False
DERMO:0000168,male genital pain syndrome,,,,DERMO:0000164,,False
DERMO:0000169,koro syndrome,,,,DERMO:0000164,,False
DERMO:0000170,reflex sympathetic dystrophy,,,"SNOMEDCT_US_2015_03_01:393605009 ""reflex sympathetic dystrophy""|SNOMEDCT_US_2015_03_01:128079007 ""reflex sympathetic dystrophy""|SNOMEDCT_US_2015_03_01:203490000 ""reflex sympathetic dystrophy""|SNOMEDCT_US_2015_03_01:203492008 ""reflex sympathetic dystrophy""|SNOMEDCT_US_2015_03_01:50642008 ""reflex sympathetic dystrophy""|DERMLEX:706 ""reflex sympathetic dystrophy""|DOID:1811 ""reflex sympathetic dystrophy""",DERMO:0000158,,False
DERMO:0000171,trigeminal neuralgia,,,"SNOMEDCT_US_2015_03_01:155066002 ""trigeminal neuralgia""|SNOMEDCT_US_2015_03_01:31681005 ""trigeminal neuralgia""|DOID:12098 ""trigeminal neuralgia""|HP:0100661 ""trigeminal neuralgia""|ICD10:G50.0 ""trigeminal neuralgia""",DERMO:0000158,,False
DERMO:0000172,trigeminal trophic syndrome,,,"SNOMEDCT_US_2015_03_01:403602005 ""trigeminal trophic syndrome""|DERMLEX:699 ""trigeminal trophic syndrome""",DERMO:0000158,,False
DERMO:0000173,"pruritus, dysesthesia or psychocutaneous disease",,,,DERMO:0000001,,False
DERMO:0000174,psychocutaneous disease,,,,DERMO:0000173,,False
DERMO:0000175,psychodermatologic condition,,,,DERMO:0000174,,False
DERMO:0000176,delusions of parasitosis,,"delusional disorder, somatic type|delusional infestation|delusional parasitosis|ekbom syndrome|monosymptomatic hypochondriacal psychosis","SNOMEDCT_US_2015_03_01:238973003 ""delusions of parasitosis""",DERMO:0000175|DERMO:0002960,,False
DERMO:0000177,body dysmorphic disorder,,dysmorphophobia,"SNOMEDCT_US_2015_03_01:83482000 ""body dysmorphic disorder""|DERMLEX:680 ""body dysmorphic disorder""|DOID:0060163 ""body dysmorphic disorder""",DERMO:0000175,,False
DERMO:0000178,dermatitis artefacta,,factitial dermatitis,"SNOMEDCT_US_2015_03_01:156384004 ""dermatitis artefacta""|SNOMEDCT_US_2015_03_01:27720003 ""dermatitis artefacta""|DERMLEX:617 ""dermatitis artefacta""|DOID:9165 ""dermatitis artefacta""|ICD10:L98.1 ""dermatitis artefacta""",DERMO:0000175,,False
DERMO:0000179,neurotic excoriations,,psychogenic excoiation>,,DERMO:0000175|DERMO:0002960,,False
DERMO:0000182,disorder of hypopigmentation,,disorders of leukoderma,,DERMO:0000108,,False
DERMO:0000183,vitiligo,,,"SNOMEDCT_US_2015_03_01:156437000 ""vitiligo""|SNOMEDCT_US_2015_03_01:56727007 ""vitiligo""|DERMLEX:1839 ""vitiligo""|DOID:12306 ""vitiligo""|HP:0001045 ""vitiligo""|ICD10:L80 ""vitiligo""|MP:0010016 ""vitiligo""",DERMO:0000182,,False
DERMO:0000184,vitiligo ponctue,,,,DERMO:0000183,,False
DERMO:0000185,focal vitiligo,,,,DERMO:0000191,,False
DERMO:0000186,unilateral/segmental vitiligo,,,,DERMO:0000191|DERMO:0003413,,False
DERMO:0000187,vitiligo vulgaris,,,,DERMO:0000193,,False
DERMO:0000188,universal vitiligo,,,"DERMLEX:1847 ""generalized vitiligo""",DERMO:0000183,,False
DERMO:0000189,trichrome vitiligo,,,"SNOMEDCT_US_2015_03_01:403270009 ""trichrome vitiligo""",DERMO:0000183,,False
DERMO:0000190,isomorphic Koebner phenomenon,,IKP,,DERMO:0000183,,False
DERMO:0000191,localised vitiligo,,,"SNOMEDCT_US_2015_03_01:403267005 ""localised vitiligo""",DERMO:0000183,,False
DERMO:0000192,mucosal vitiligo,,,"DERMLEX:1850 ""mucosal vitiligo""",DERMO:0000191,,False
DERMO:0000193,generalised vitiligo,,generalized vitiligo,"SNOMEDCT_US_2015_03_01:403269008 ""generalised vitiligo""",DERMO:0000183,,False
DERMO:0000194,acrofacial vitiligo,,,,DERMO:0000193,,False
DERMO:0000195,childhood vitiligo,,,,DERMO:0000183,,False
DERMO:0000196,hereditary hypomelanosis disorder,,,,DERMO:0000182,,False
DERMO:0000197,oculocutaneous albinism,,OCA,"SNOMEDCT_US_2015_03_01:63844009 ""oculocutaneous albinism""|DOID:0050632 ""oculocutaneous albinism""",DERMO:0000196,,False
DERMO:0000198,oculocutaneous albinism 1A,,OCA1A,,DERMO:0000197,,False
DERMO:0000199,oculocutaneous albinism 1B,,OCA1B,,DERMO:0000197,,False
DERMO:0000200,oculocutaneous albinism 2,,OCA2,,DERMO:0000197,,False
DERMO:0000201,oculocutaneous albinism 3,,OCA3,,DERMO:0000197,,False
DERMO:0000202,oculocutaneous albinism 4,,OCA4,,DERMO:0000197,,False
DERMO:0000203,ocular albinism type 1,,OA1,,DERMO:0000197,,False
DERMO:0000204,piebaldism,,,"SNOMEDCT_US_2015_03_01:6479008 ""piebaldism""|DERMLEX:3184 ""piebaldism""|DOID:3263 ""piebaldism""|HP:0007544 ""piebaldism""|OMIM:164920 ""piebaldism""|OMIM:602150 ""piebaldism""",DERMO:0000196,,False
DERMO:0000205,waardenburg syndrome,,WS,"SNOMEDCT_US_2015_03_01:47434006 ""waardenburg syndrome""|DERMLEX:3192 ""waardenburg syndrome""|DOID:5688 ""waardenburg syndrome""|DOID:9258 ""waardenburg syndrome""",DERMO:0000196,,False
DERMO:0000206,waardenburg syndrome type 1,,WS1,,DERMO:0000205,,False
DERMO:0000207,waardenburg syndrome type 2,,WS2,,DERMO:0000205,,False
DERMO:0000208,klein-waardenburg syndrome,,WS3,"DERMLEX:3222 ""waardenburg syndrom""",DERMO:0000205,,False
DERMO:0000209,shah-waardenburg syndrome,,WS4,"DERMLEX:3223 ""waardenburg syndrom""",DERMO:0000205,,False
DERMO:0000210,tietz syndrome,,,"DERMLEX:3190 ""tietz syndrome""",DERMO:0000205,,False
DERMO:0000211,disorder of melanosome biogenesis,,,,DERMO:0000196,,False
DERMO:0000212,hermansky-pudlak syndrome,,,"SNOMEDCT_US_2015_03_01:9311003 ""hermansky-pudlak syndrome""|SNOMEDCT_US_2015_03_01:190697008 ""hermansky-pudlak syndrome""|DERMLEX:3200 ""hermansky-pudlak syndrome""|DOID:3753 ""hermansky-pudlak syndrome""",DERMO:0000211,,False
DERMO:0000213,hermansky-pudlak syndrome 1,,HPS1,"OMIM:604982 ""hermansky-pudlak syndrome 1""",DERMO:0000212,,False
DERMO:0000214,hermansky-pudlak syndrome 2,,HPS2,"OMIM:603401 ""hermansky-pudlak syndrome 2""",DERMO:0000212,,False
DERMO:0000215,hermansky-pudlak syndrome 3,,HPS3,"OMIM:606118 ""hermansky-pudlak syndrome 3""",DERMO:0000212,,False
DERMO:0000216,hermansky-pudlak syndrome 4,,HPS 4,"OMIM:606682 ""hermansky-pudlak syndrome 4""",DERMO:0000212,,False
DERMO:0000217,hermansky-pudlak syndrome 5,,HPS5,"OMIM:607521 ""hermansky-pudlak syndrome 5""",DERMO:0000212,,False
DERMO:0000218,hermansky-pudlak syndrome 6,,HPS6,"OMIM:607522 ""hermansky-pudlak syndrome 6""",DERMO:0000212,,False
DERMO:0000219,hermansky-pudlak syndrome 7,,HPS7,"OMIM:607145 ""hermansky-pudlak syndrome 7""",DERMO:0000212,,False
DERMO:0000220,hermansky-pudlak syndrome 8,,HPS8,"OMIM:609762 ""hermansky-pudlak syndrome 8""",DERMO:0000212,,False
DERMO:0000221,hermansky-pudlak syndrome 9,,HPS9,"OMIM:604310 ""hermansky-pudlak syndrome 9""",DERMO:0000212,,False
DERMO:0000222,chediak-higashi syndrome,,beguez-cesar-steinbrink syndrome|chediak-higashi disease|chediak-steinbrink anomaly|chediak-steinbrink-higashi syndrome|CHS,"SNOMEDCT_US_2015_03_01:111396008 ""chediak-higashi syndrome""|SNOMEDCT_US_2015_03_01:123309000 ""chediak-higashi syndrome""|SNOMEDCT_US_2015_03_01:190696004 ""chediak-higashi syndrome""|SNOMEDCT_US_2015_03_01:191356000 ""chediak-higashi syndrome""|DERMLEX:3202 ""chediak-higashi syndrome""|DOID:2935 ""chediak-higashi syndrome""|OMIM:606897 ""chediak-higashi syndrome""",DERMO:0000211|DERMO:0003016|DERMO:0003287|DERMO:1010003,,False
DERMO:0000223,cross syndrome,,,"SNOMEDCT_US_2015_03_01:17827007 ""cross syndrome""|DERMLEX:3179 ""oculocerebral syndrome with hypopigmentation""",DERMO:0000211,,False
DERMO:0000224,tricho-hepato-enteric syndrome,,phenotypic diarrhoea of infancy,"SNOMEDCT_US_2015_03_01:703406006 ""tricho-hepato-enteric syndrome""",DERMO:0000211,,False
DERMO:0000225,disorder of melanosome transport and/or transfer,,,,DERMO:0000196,,False
DERMO:0000226,griscelli syndrome,,GS,"SNOMEDCT_US_2015_03_01:37548006 ""griscelli syndrome""|DERMLEX:2000 ""griscelli syndrome""",DERMO:0000225|DERMO:1010003,,False
DERMO:0000227,griscelli syndrome 1,,GS1,,DERMO:0000226,,False
DERMO:0000228,griscelli syndrome 2,,GS2,,DERMO:0000226|DERMO:0003016,,False
DERMO:0000229,griscelli syndrome 3,,GS3,,DERMO:0000226,,False
DERMO:0000230,elejalde syndrome,,,,DERMO:0000225,,False
DERMO:0000232,cutaneous pigmentary mosaicism,,,,DERMO:0000196,,False
DERMO:0000233,hypomelanosis of ito,,HI|incontinentia pigmenti achromians|linear nevoid hyperpigmentation|pigmentary mosaicism,"SNOMEDCT_US_2015_03_01:218358001 ""hypomelanosis of ito""|SNOMEDCT_US_2015_03_01:254202001 ""hypomelanosis of ito""|SNOMEDCT_US_2015_03_01:254816001 ""hypomelanosis of ito""|DERMLEX:1035 ""hypomelanosis of ito""|DOID:3156 ""hypomelanosis of ito""",DERMO:0000232|DERMO:0003423,,False
DERMO:0000234,segmental pigmentation disorder,,,,DERMO:0000232|DERMO:0000262,,False
DERMO:0000235,nevus depigmentosus,,,"SNOMEDCT_US_2015_03_01:112680001 ""nevus depigmentosus""|SNOMEDCT_US_2015_03_01:403541001 ""nevus depigmentosus""|DERMLEX:4438 ""nevus depigmentosus""",DERMO:0000232|DERMO:0003423,,False
DERMO:0000236,albinism-deafness syndrome,,woolf syndrome|ziprkowski-margolis syndrome,"DERMLEX:3194 ""albinism-deafness syndrome""|OMIM:300700 ""albinism-deafness syndrome""",DERMO:0000196|DERMO:1010003,,False
DERMO:0000237,nutritional hypomelanosis,,,,DERMO:0000182,,False
DERMO:0000238,kwashiorkor,,,"SNOMEDCT_US_2015_03_01:154730001 ""kwashiorkor""|SNOMEDCT_US_2015_03_01:267495004 ""kwashiorkor""|SNOMEDCT_US_2015_03_01:58262005 ""kwashiorkor""|DERMLEX:2771 ""kwashiorkor""|DOID:13579 ""kwashiorkor""|ICD10:E40 ""kwashiorkor""",DERMO:0000380|DERMO:0002736,,False
DERMO:0000239,postinflammatory hypomelanosis,,PIH,,DERMO:0000182,,False
DERMO:0000240,pityriasis alba,,,"SNOMEDCT_US_2015_03_01:402296004 ""pityriasis alba""|SNOMEDCT_US_2015_03_01:48596006 ""pityriasis alba""|DERMLEX:2114 ""pityriasis alba""|ICD10:L30.5 ""pityriasis alba""",DERMO:0000487,,False
DERMO:0000242,hypopigmented mycosis fungoides,,,"DERMLEX:2813 ""hypopigmented mycosis fungoides""",DERMO:0001229,,False
DERMO:0000244,lichen sclerosus,,lichen sclerosus et atrophicus,"SNOMEDCT_US_2015_03_01:25674000 ""lichen sclerosus""|DERMLEX:2263 ""lichen sclerosus""|ICD10:L90.0 ""lichen sclerosus""",DERMO:0000106|DERMO:0001736|DERMO:0001796,,False
DERMO:0000245,lupus erythematosus,,,"SNOMEDCT_US_2015_03_01:200936003 ""lupus erythematosus""|DERMLEX:1793 ""lupus erythematosus""|DOID:8857 ""lupus erythematosus""|ICD10:L93 ""lupus erythematosus""",DERMO:0000106|DERMO:0000444,DERMO:0000458,False
DERMO:0000246,hypomelanosis due to infection/parasitic infection,,,,DERMO:0000182,,False
DERMO:0000247,pityriasis versicolor,,tinea versicolor,"SNOMEDCT_US_2015_03_01:154395007 ""pityriasis versicolor""|SNOMEDCT_US_2015_03_01:56454009 ""pityriasis versicolor""|DERMLEX:343 ""tinea versicolor""|DOID:9060 ""pityriasis versicolor""|ICD10:B36.0 ""pityriasis versicolor""",DERMO:0002252,,False
DERMO:0000248,leprosy,,hansen's disease,"SNOMEDCT_US_2015_03_01:81004002 ""leprosy""|SNOMEDCT_US_2015_03_01:154298007 ""leprosy""|SNOMEDCT_US_2015_03_01:266184007 ""leprosy""|DERMLEX:159 ""leprosy""|DOID:1024 ""leprosy""",DERMO:0002198,,False
DERMO:0000249,treponematoses,,,,DERMO:0002161,,False
DERMO:0000252,endemic syphilis,,bejel,"DERMLEX:264 ""endemic syphilis""|DOID:13431 ""endemic syphilis""",DERMO:0000249|DERMO:0001387|DERMO:0002166,,False
DERMO:0000253,secondary syphilis,,,"SNOMEDCT_US_2015_03_01:154382002 ""secondary syphilis""|SNOMEDCT_US_2015_03_01:240557004 ""secondary syphilis""|DERMLEX:269 ""secondary syphilis""|DOID:4157 ""secondary syphilis""",DERMO:0000249|DERMO:0000444|DERMO:0001387|DERMO:1010004,,False
DERMO:0000256,post-kala-azar dermal leishmaniasis,,,"SNOMEDCT_US_2015_03_01:67896006 ""post-kala-azar dermal leishmaniasis""|DERMLEX:405 ""post-kala-azar dermal leishmaniasis""",DERMO:0002455,,False
DERMO:0000257,disorder of hyperpigmentation,,,,DERMO:0000108,,False
DERMO:0000258,postinflammatory hyperpigmentation,,PIH|postinflammatory hypermelanosis,"SNOMEDCT_US_2015_03_01:238699007 ""postinflammatory hyperpigmentation""|SNOMEDCT_US_2015_03_01:55519009 ""postinflammatory hyperpigmentation""|ICD10:L81.0 ""postinflammatory hyperpigmentation""",DERMO:0000262|DERMO:0000263,,False
DERMO:0000259,erythema dyschromicum perstans,,ashy dermatitis|ashy dermatosis|cinderella dermatosis|dermatosis cenicienta|EDP,"SNOMEDCT_US_2015_03_01:58942006 ""erythema dyschromicum perstans""|DERMLEX:2068 ""erythema dyschromicum perstans""",DERMO:0000444,,False
DERMO:0000260,lichen planus pigmentosus,,,"SNOMEDCT_US_2015_03_01:238649008 ""lichen planus pigmentosus""|DERMLEX:2068 ""erythema dyschromicum perstans""",DERMO:0000366|DERMO:0000445,DERMO:0000466,False
DERMO:0000261,melasma,,cholasma|mask of pregnancy,"SNOMEDCT_US_2015_03_01:156434007 ""melasma""|SNOMEDCT_US_2015_03_01:36209000 ""melasma""|DERMLEX:4200 ""melasma""",DERMO:0000262,,False
DERMO:0000262,circumscribed hyperpigmentation,,,,DERMO:0000257,,False
DERMO:0000263,diffuse hyperpigmentation,,,,DERMO:0000257,,False
DERMO:0000264,familial progressive hyperpigmentation,,,"DERMLEX:3236 ""familial progressive hyperpigmentation""",DERMO:0000389,,False
DERMO:0000265,primary (localised) cutaneous amyloidosis,,,,,,True
DERMO:0000266,macular amyloidosis,,,"DERMLEX:2622 ""macular amyloidosis""",,,True
DERMO:0000267,lichen amyloidosis,,,"SNOMEDCT_US_2015_03_01:61985005 ""lichen amyloidosis""|SNOMEDCT_US_2015_03_01:282834007 ""lichen amyloidosis""|DERMLEX:2623 ""lichen amyloidosis""",,,True
DERMO:0000269,pemphigus,,,"SNOMEDCT_US_2015_03_01:65172003 ""pemphigus""|SNOMEDCT_US_2015_03_01:156355008 ""pemphigus""|DOID:9182 ""pemphigus""|ICD10:L10 ""pemphigus""",DERMO:0000104,,False
DERMO:0000270,pemphigus vulgaris,,,"SNOMEDCT_US_2015_03_01:49420001 ""pemphigus vulgaris""|DERMLEX:1748 ""pemphigus vulgaris""|ICD10:L10.0 ""pemphigus vulgaris""",DERMO:0000269|DERMO:0000276,,False
DERMO:0000271,pemphigus vulgaris - mucosal dominant,,pemphigus vulgaris - subgroup 1,,DERMO:0000270,,False
DERMO:0000272,pemphigus vulgaris - mucocutaneous type,,pemphigus vulgaris - subgroup 2,,DERMO:0000270,,False
DERMO:0000273,pemphigus vegetans,,,"SNOMEDCT_US_2015_03_01:81285006 ""pemphigus vegetans""|SNOMEDCT_US_2015_03_01:14800001 ""pemphigus vegetans""|DERMLEX:1749 ""pemphigus vegetans""|ICD10:L10.1 ""pemphigus vegetans""",DERMO:0000270,,False
DERMO:0000274,pemphigus foliaceus,,,"SNOMEDCT_US_2015_03_01:35154004 ""pemphigus foliaceus""|ICD10:L10.2 ""pemphigus foliaceus""",DERMO:0000269|DERMO:0000276|DERMO:0000432,,False
DERMO:0000275,immune mediated,,,,DERMO:0000107,,False
DERMO:0000276,autoimmune,,,"SNOMEDCT_US_2015_03_01:263680009 ""autoimmune""",DERMO:0000275,,False
DERMO:0000277,pemphigus erythmatosus,,senear-usher syndrome,,DERMO:0000274,,False
DERMO:0000278,fogo selvagem,,,"SNOMEDCT_US_2015_03_01:46459009 ""fogo selvagem""|DERMLEX:1767 ""fogo selvagem""",DERMO:0000274,,False
DERMO:0000279,paraneoplastic pemphigus,,,"DERMLEX:1753 ""paraneoplastic pemphigus""",DERMO:0000269|DERMO:0000432|DERMO:0000444,,False
DERMO:0000280,herpetiform pemphigus,,,,DERMO:0000269,,False
DERMO:0000281,drug-induced pemphigus,,,"SNOMEDCT_US_2015_03_01:200907003 ""drug-induced pemphigus""|ICD10:L10.5 ""drug-induced pemphigus""",DERMO:0000269,,False
DERMO:0000282,IgA pemphigus,,,"SNOMEDCT_US_2015_03_01:402717008 ""iga pemphigus""",DERMO:0000269,,False
DERMO:0000283,subcorneal pustular dermatosis type,,,,DERMO:0000282,,False
DERMO:0000284,intraepidermal neutrophilic type,,,,DERMO:0000282,,False
DERMO:0000285,pemphigoid group disease,,,,DERMO:0000104,,False
DERMO:0000286,bullous pemphigoid,,BP|pemphigoid,"SNOMEDCT_US_2015_03_01:77090002 ""bullous pemphigoid""|DERMLEX:1760 ""bullous pemphigoid""|DOID:8506 ""bullous pemphigoid""|ICD10:L12 ""bullous pemphigoid""|ICD10:L12.0 ""bullous pemphigoid""",DERMO:0000285|DERMO:0000432,,False
DERMO:0000287,gestational pemphigoid,,herpes gestationis|pemphigoid gestationis,"DOID:14482 ""gestational pemphigoid""|ICD10:O26.4 ""gestational pemphigoid""",DERMO:0000286|DERMO:0003281,,False
DERMO:0000288,drug-induced bullous pemphigoid,,,"SNOMEDCT_US_2015_03_01:403629000 ""drug-induced bullous pemphigoid""",DERMO:0000286,,False
DERMO:0000289,mucous membrane cicatricial pemphigoid,,benign mucous membrane pemphigoid|ocular pemphigus|scarring pemphigoid,"DOID:11656 ""mucous membrane cicatricial pemphigoid""",DERMO:0000285|DERMO:0001451,,False
DERMO:0000290,epidermolysis bullosa acquisita,,acquired epidermolysis bullosa|dermolytic pemphigoid|EBA,"SNOMEDCT_US_2015_03_01:2772003 ""epidermolysis bullosa acquisita""|DERMLEX:1766 ""epidermolysis bullosa acquisita""|DOID:4313 ""epidermolysis bullosa acquisita""|ICD10:L12.3 ""epidermolysis bullosa acquisita""",DERMO:0000285|DERMO:0001580|DERMO:0001796,,False
DERMO:0000291,linear IgA bullous dermatosis,,IgA bullous pemphigoid|LABD,,DERMO:0000296,,False
DERMO:0000292,linear IgA bullous dermatosis childhood type,,benign chronic bullous dermatosis of childhood|CBDC|childhood linear IgA dermatitis herpetiformis|chronic bullous disease of childhood,"ICD10:L12.2 ""linear iga bullous dermatosis childhood type""",DERMO:0000291,,False
DERMO:0000293,linear IgA bullous dermatosis adult type,,LAD|linear dermatitis herpetiformis|linear IgA dermatosis|linear IgA disease of adults,,DERMO:0000291,,False
DERMO:0000294,anti-p200 pemphigoid,,,,DERMO:0000285,,False
DERMO:0000295,bullous systemic lupus erythematosis,,,,DERMO:0000285|DERMO:0001796,,False
DERMO:0000296,dermatitis herpetiformis or linear IgA bullous dermatosis,,,,DERMO:0000104,,False
DERMO:0000297,vesiculobullous diseases not otherwise specified,,,,DERMO:0000104,,False
DERMO:0000298,bullosis diabeticorum,,bullous eruption of diabetes mellitis|diabetic bullae,"SNOMEDCT_US_2015_03_01:48951005 ""bullosis diabeticorum""|DERMLEX:2799 ""bullosis diabeticorum""",DERMO:0000297,,False
DERMO:0000299,coma blisters,,coma bullae,,DERMO:0000297,,False
DERMO:0000300,drug-induced coma blisters,,,,DERMO:0000299,,False
DERMO:0000301,barbiturate blisters,,,,DERMO:0000300,,False
DERMO:0000302,neurologic blisters,,,,DERMO:0000299,,False
DERMO:0000303,friction blisters,,,,DERMO:0000297,,False
DERMO:0000304,bullous small vessel vasculitis,,,,DERMO:0000297,,False
DERMO:0000305,bullous drug eruptions,,,,DERMO:0000297,,False
DERMO:0000306,bullous insect bite reaction,,,"SNOMEDCT_US_2015_03_01:403148000 ""bullous insect bite reaction""",DERMO:0000297,,False
DERMO:0000307,delayed post burn/graft blisters,,,,DERMO:0000297,,False
DERMO:0000308,oedema blisters,,hydrostatic bullae|oedema bullae|stasis blisters,,DERMO:0000297,,False
DERMO:0000309,PUVA-induced acrobullous dermatosis,,,,DERMO:0000297|DERMO:0002866,,False
DERMO:0000310,vesiculobullous and erosive disease of the newborn,,,,DERMO:0000104,,False
DERMO:0000311,common vesiculobullous and erosive disease of the newborn,,,,DERMO:0000310,,False
DERMO:0000312,erythema toxicum neonatorum,,erythema toxicum|toxic erythema of the newborn,"SNOMEDCT_US_2015_03_01:240302002 ""erythema toxicum neonatorum""|SNOMEDCT_US_2015_03_01:32698008 ""erythema toxicum neonatorum""|DERMLEX:2052 ""erythema toxicum neonatorum""",DERMO:0000311,,False
DERMO:0000313,transient neonatal pustular melanosis,,lentigines neonatorum|transient neonatal pustulosis,"SNOMEDCT_US_2015_03_01:239092005 ""transient neonatal pustular melanosis""|DERMLEX:2053 ""transient neonatal pustular melanosis""",DERMO:0000311,,False
DERMO:0000314,neutrophilic eccrine hidradenitis,"Neutrophilic eccrine hidradenitis is a disorder of the eccrine sweat glands that usually develops 7-14 days after initiating chemotherapy. It is generally regarded as a cytotoxic process directed at the sweat glands, e.g. via a direct toxic effect of chemotherapeutic drugs that are excreted in the sweat.",chemotherapy-associated eccrine hidradenitis|drug-associated eccrine hidradenitis,"SNOMEDCT_US_2015_03_01:238754005 ""neutrophilic eccrine hidradenitis""|DERMLEX:2346 ""eccrine hidradenitis""",DERMO:0002591,,False
DERMO:0000315,grover's disease,"Grover's Disease results in small red, bumpy spots (papules) on the central back, mid chest and occasionally elsewhere. The cause is unknown. Sometimes, it follows sweating or some unexpected heat stress, so there has been suspicion that it may relate to the sweat ducts in some way. But it also may arise in quite dry skin. Many affected individuals are sun damaged.",acantholytic dermatosis,"SNOMEDCT_US_2015_03_01:17796002 ""grover's disease""",DERMO:0002591|DERMO:0002885,,False
DERMO:0000316,neonatal cephalic pustulosis,"Inflammatory non-comedonal pustular eruption, most commonly observed on the cheeks, and less often on the forehead, chin, scalp and chest.",neonatal acne,"DERMLEX:344 ""neonatal cephalic pustulosis""|RID:16259 ""Neonatal cephalic pustulosis""",DERMO:0000311|DERMO:0002471,,False
DERMO:0000317,cutaneous candidiasis,,,,DERMO:0000311,,False
DERMO:0000318,sucking blisters,,,"DERMLEX:3861 ""sucking blisters""",DERMO:0000311,,False
DERMO:0000319,exogenous causes of erosions,,,,DERMO:0000311,,False
DERMO:0000320,uncommon/rare vesiculobullous and erosive disease of the newborn,,,,DERMO:0000310,,False
DERMO:0000321,acropustulosis of infancy,,,"SNOMEDCT_US_2015_03_01:239098009 ""acropustulosis of infancy""|DERMLEX:2049 ""acropustulosis of infancy""",DERMO:0000320,,False
DERMO:0000322,eosinophilic pustular folliculitis in infancy,"Eosinophilic pustular folliculitis in infancy is a rare, self-limiting disorder of unknown etiology that occurs during infancy.",eosinophilic pustular dermatitis in childhood|infantile eosinophilic pustular folliculitits|neonatal eosinophilic pustular folliculitits,,DERMO:0000320|DERMO:0002534,,False
DERMO:0000323,congenital langerhans cell histiocytosis,,,,DERMO:0000320,,False
DERMO:0000324,incontinentia pigmenti,,bloch-sulzberger syndrome|IP,"SNOMEDCT_US_2015_03_01:205567005 ""incontinentia pigmenti""|DERMLEX:3239 ""incontinentia pigmenti""|DOID:12305 ""incontinentia pigmenti""|ICD10:Q82.3 ""incontinentia pigmenti""",DERMO:0000320|DERMO:0000389|DERMO:0003401,,False
DERMO:0000325,hyperimmunoglobulin E syndrome,,,"SNOMEDCT_US_2015_03_01:191009009 ""hyperimmunoglobulin e syndrome""|SNOMEDCT_US_2015_03_01:50926003 ""hyperimmunoglobulin e syndrome""|SNOMEDCT_US_2015_03_01:41541007 ""hyperimmunoglobulin e syndrome""|DOID:3261 ""hyperimmunoglobulin e syndrome""",DERMO:0000320,,False
DERMO:0000326,very rare vesiculobullous and erosive disease of the newborn,,,,DERMO:0000310,,False
DERMO:0000327,neonatal bechets disease,,,,DERMO:0000326,,False
DERMO:0000328,vesiculopustular eruption and transient myeloproliferative disorder in Down's syndrome,,,,DERMO:0000326,,False
DERMO:0000329,intrauterine epidermal necrosis,,,,DERMO:0000326,,False
DERMO:0000330,congenital erosive and vesicular dermatosis,,,,DERMO:0000326,,False
DERMO:0000331,pyoderma gangrenosum,,PG,"SNOMEDCT_US_2015_03_01:74578003 ""pyoderma gangrenosum""|DERMLEX:2164 ""pyoderma gangrenosum""|DOID:8553 ""pyoderma gangrenosum""|ICD10:L88 ""pyoderma gangrenosum""",DERMO:0000326|DERMO:0003262,,False
DERMO:0000332,restrictive dermopathy,,,"DERMLEX:2260 ""restrictive dermopathy""",DERMO:0000326,,False
DERMO:0000333,noma neonatorum,,,":5429|DERMLEX:5429 ""noma neonatorum""|HP:0003333|MP:00000",DERMO:0000326,,False
DERMO:0000334,perinatal gangrene of the buttock,,,"DERMLEX:4484 ""perinatal gangrene of the buttock""",DERMO:0000326,,False
DERMO:0000335,disorders assoc with table 67.1,,,,DERMO:0000258,,False
DERMO:0000337,pigmented lesions,,,,DERMO:0000257,,False
DERMO:0000338,lentigines,,,,DERMO:0000337,,False
DERMO:0000339,cafe-au-lait macules,,CALMs,"HP:0000957 ""cafe-au-lait macules""",DERMO:0000337|DERMO:0000923,,False
DERMO:0000340,drug induced hyperpigmentation,,,,DERMO:0000257,,False
DERMO:0000341,drug-induced discolouration,,,,DERMO:0000182,,False
DERMO:0000342,linear hyperpigmentation,,,"HP:0007546 ""linear hyperpigmentation""",DERMO:0000257,,False
DERMO:0000343,pigmentary demarcation lines,,futcher's lines|ito's lines|PDL|voight's lines,"DERMLEX:4673 ""pigmentary demarcation lines""",DERMO:0000342,,False
DERMO:0000344,pigmentary demarcation lines type A,,,,DERMO:0000343,,False
DERMO:0000345,pigmentary demarcation lines type B,,,,DERMO:0000343,,False
DERMO:0000346,pigmentary demarcation lines type C,,,,DERMO:0000343,,False
DERMO:0000347,pigmentary demarcation lines type D,,,,DERMO:0000343,,False
DERMO:0000348,pigmentary demarcation lines type E,,,,DERMO:0000343,,False
DERMO:0000349,circumscribed PIH,,,,DERMO:0000258,,False
DERMO:0000350,linear PIH,,,,DERMO:0000258|DERMO:0000342,,False
DERMO:0000351,diffuse PIH,,,,DERMO:0000258,,False
DERMO:0000352,flagellate pigmentation from bleomycin,,scratch dermatitis,,DERMO:0000342,,False
DERMO:0000353,flagellate mushroom dermatitis,,,,DERMO:0000342,,False
DERMO:0000354,shiitake-induced toxicoderma,,shiitake mushroom dermatitis,,DERMO:0000353,,False
DERMO:0000355,mushroom worker's disease,,,,DERMO:0000353,,False
DERMO:0000356,hyperpigmentation along the lines of blaschko,,,,DERMO:0000342,,False
DERMO:0000357,linear and whorled nevoid hypermelanosis,,"linear nevoid hyperpigmentation|LWNH|progressive cribriform and zosteriform hyperpigmentation|reticulate and zosteriform hyperpigmentation|reticulate hyperpigmentation of iijima, naito and uyeno|zebra-like hyperpigmentation in whorls and streaks","SNOMEDCT_US_2015_03_01:403803002 ""linear and whorled nevoid hypermelanosis""|DERMLEX:3241 ""linear and whorled nevoid hypermelanosis""",DERMO:0000358|DERMO:0003423,,False
DERMO:0000358,inherited and/or early onset hyperpigmentation along the lines of blaschko disorder,,,,DERMO:0000356,,False
DERMO:0000359,incontinentia pigmenti stage 3,,hyperpigmented incontinentia pigmenti,,DERMO:0000324|DERMO:0000358,,False
DERMO:0000360,chimerism,,,"SNOMEDCT_US_2015_03_01:71568000 ""chimerism""",DERMO:0000358,,False
DERMO:0000361,early epidermal nevus,,,,DERMO:0000358|DERMO:0000805,,False
DERMO:0000362,x-linked reticulate pigmentary disorder,,familial cutaneous amyloidosis|partington syndrome type 2,,DERMO:0000358|DERMO:0000389|DERMO:0002659|DERMO:0003401,DERMO:0000376|DERMO:0002671,False
DERMO:0000363,focal dermal hypoplasia,,Goltz syndrome|goltz-gorlin syndrome,"SNOMEDCT_US_2015_03_01:205573006 ""focal dermal hypoplasia""|DERMLEX:3430 ""focal dermal hypoplasia""|DOID:2120 ""focal dermal hypoplasia""|OMIM:300651 ""focal dermal hypoplasia""",DERMO:0000358|DERMO:0003401,,False
DERMO:0000364,seckel syndrome,,,"SNOMEDCT_US_2015_03_01:57917004 ""seckel syndrome""|DERMLEX:4463 ""seckel syndrom""|DOID:0050569 ""seckel syndrome""",DERMO:0000358,,False
DERMO:0000365,mccune-albright syndrome,,,"SNOMEDCT_US_2015_03_01:67947000 ""mccune-albright syndrome""|SNOMEDCT_US_2015_03_01:36517007 ""mccune-albright syndrome""|DERMLEX:3242 ""mccune-albright syndrome""|OMIM:139320 ""mccune-albright syndrome""",DERMO:0000358|DERMO:0000389|DERMO:0003416,,False
DERMO:0000366,acquired hyperpigmentation along the lines of blaschko,,,,DERMO:0000356,,False
DERMO:0000367,linear lichen planus,,,"SNOMEDCT_US_2015_03_01:44509000 ""linear lichen planus""|DERMLEX:2154 ""linear lichen planus""",DERMO:0000366|DERMO:0000445|DERMO:0003413,,False
DERMO:0000368,linear fixed drug eruption,,,,DERMO:0000366,,False
DERMO:0000369,linear atrophoderma of moulin,,,"SNOMEDCT_US_2015_03_01:403395007 ""linear atrophoderma of moulin""",DERMO:0000366,,False
DERMO:0000370,linear biphasic cutaneous amyloidosis,,,,DERMO:0000366,,False
DERMO:0000371,reticulated hyperpigmentation,,,,DERMO:0000257,,False
DERMO:0000372,prurigo pigmentosa,,,"SNOMEDCT_US_2015_03_01:238589009 ""prurigo pigmentosa""|DERMLEX:638 ""prurigo pigmentosa""",DERMO:0003262,,False
DERMO:0000373,dyskeratosis congenita,,zinsser-engman-cole syndrome,"SNOMEDCT_US_2015_03_01:74911008 ""dyskeratosis congenita""|DERMLEX:3303 ""dyskeratosis congenita""|DOID:2729 ""dyskeratosis congenita""",DERMO:0000589|DERMO:1010003,DERMO:0000603,False
DERMO:0000374,naegeli-franceschetti-jadassohn sundrome,,NFJ syndrome,,DERMO:0000389,,False
DERMO:0000375,dermatopathia pigmentosa reticularis,,DPR,"SNOMEDCT_US_2015_03_01:239088003 ""dermatopathia pigmentosa reticularis""|OMIM:148066 ""dermatopathia pigmentosa reticularis""",DERMO:0000389,,False
DERMO:0000377,dowling-degos disease,,reticular pigmented anomoly of the flextures>|reticulated pigmented anomaly of the flexures,"DERMLEX:3246 ""reticular pigmented anomaly of the flexures""|OMIM:148040 ""dowling-degos disease""",DERMO:0000389,,False
DERMO:0000378,reticulated acropigmentation of kitamura,,kitamura reticulate acropigmentation,,DERMO:0000389,,False
DERMO:0000379,table 67.6,,,,DERMO:0000371,,False
DERMO:0000380,dyschromatosis,,,,DERMO:0000108,,False
DERMO:0000381,dyschromatosis symmetrica hereditaria,,acropigmentation of dohi|symmetrical dyschromatosis of the extremities,"DERMLEX:3226 ""dyschromatosis symmetrica hereditaria""|OMIM:146920 ""dyschromatosis symmetrica hereditaria""",DERMO:0000394|DERMO:1010003,,False
DERMO:0000382,dyschromatosis universalis hereditaria,,DUH,"DERMLEX:3227 ""dyschromatosis universalis hereditaria""",DERMO:0000394|DERMO:1010003,,False
DERMO:0000383,acquired brachial cutaneous dyschromatosis,,,"DERMLEX:4868 ""acquired brachial cutaneous dyschromatosis""",DERMO:0000380,,False
DERMO:0000384,xeroderma pigmentosum,,XP,"SNOMEDCT_US_2015_03_01:44600005 ""xeroderma pigmentosum""|DERMLEX:3300 ""xeroderma pigmentosum""|DOID:0050427 ""xeroderma pigmentosum""|ICD10:Q82.1 ""xeroderma pigmentosum""",DERMO:0000583|DERMO:0002867|DERMO:0002869|DERMO:1010003,,False
DERMO:0000386,wende-bauckus syndrome,,pegum syndrome,,DERMO:1010003,,False
DERMO:0000387,anogenital psoriasis,psoriasis of the anogenital region,,,DERMO:0000124|DERMO:0001742,,False
DERMO:0000388,pigmentation genodermatosis,,,,DERMO:0000002,,False
DERMO:0000389,genetic disorder with hyperpigmentation,,,,DERMO:0000388,,False
DERMO:0000390,galli-galli disease,,,"DERMLEX:4571 ""galli-galli disease""",DERMO:0000389,,False
DERMO:0000391,terminal osseous dysplasia with pigmentary defects,,,,DERMO:0000389,,False
DERMO:0000392,dyschromatosis universalis hereditaria type 1,,,,DERMO:0000382,,False
DERMO:0000393,dyschromatosis universalis hereditaria type 2,,,,DERMO:0000382,,False
DERMO:0000394,genetic disorder with dyschromatosis,,,,DERMO:0000388,,False
DERMO:0000395,non-melanoma skin cancer,,NMSC,"DOID:3451 ""non-melanoma skin cancer""",DERMO:0000116,,False
DERMO:0000396,actinic keratosis,,AK|senile keratosis|solar keratosis,"SNOMEDCT_US_2015_03_01:201101007 ""actinic keratosis""|SNOMEDCT_US_2015_03_01:156395005 ""actinic keratosis""|SNOMEDCT_US_2015_03_01:856006 ""actinic keratosis""|SNOMEDCT_US_2015_03_01:201107006 ""actinic keratosis""|SNOMEDCT_US_2015_03_01:267858008 ""actinic keratosis""|SNOMEDCT_US_2015_03_01:46795000 ""actinic keratosis""|DERMLEX:775 ""actinic keratosis""|DOID:8866 ""actinic keratosis""|ICD10:L57.0 ""actinic keratosis""",DERMO:0000395,,False
DERMO:0000397,hyperkeratotic AK,,hypertrophic AK,,DERMO:0000396,,False
DERMO:0000398,pigmented AK,,SPAK|superficial pigmented AK,,DERMO:0000396,,False
DERMO:0000399,lichenoid AK,,,,DERMO:0000396,,False
DERMO:0000400,atrophic AK,,,,DERMO:0000396,,False
DERMO:0000401,actinic chelitis,,,,DERMO:0000396,,False
DERMO:0000404,parapsoriasis en plaques,,,"SNOMEDCT_US_2015_03_01:56253000 ""parapsoriasis en plaques""|DERMLEX:2177 ""large plaque parapsoriasis""",DERMO:0000430,,False
DERMO:0000405,small plaque parapsoriasis,,chronic superficial dermatitis|digitate dermatosis|xanthoerythrodermia perstans,"SNOMEDCT_US_2015_03_01:200987000 ""small plaque parapsoriasis""|SNOMEDCT_US_2015_03_01:23854007 ""small plaque parapsoriasis""|DERMLEX:2142 ""small plaque parapsoriasis""|ICD10:L41.3 ""small plaque parapsoriasis""",DERMO:0000404,,False
DERMO:0000406,large plaque parapsoriasis,,parakeratosis variegata|retiform parapsoriasis,"SNOMEDCT_US_2015_03_01:67081008 ""large plaque parapsoriasis""|SNOMEDCT_US_2015_03_01:200989002 ""large plaque parapsoriasis""|DERMLEX:2177 ""large plaque parapsoriasis""|ICD10:L41.4 ""large plaque parapsoriasis""|ICD10:L41.5 ""large plaque parapsoriasis""",DERMO:0000404,,False
DERMO:0000407,limited patch stage mycosis fungoides,,,,DERMO:0000406|DERMO:0001229,,False
DERMO:0000408,piyriasis lichenoides et varioliformis acuta,,much-habermann disease|PLEVA,,DERMO:0000409,,False
DERMO:0000409,pityriasis lichenoides,,,"SNOMEDCT_US_2015_03_01:156374000 ""pityriasis lichenoides""|SNOMEDCT_US_2015_03_01:200983001 ""pityriasis lichenoides""|DERMLEX:2062 ""pityriasis lichenoides""",DERMO:0000430|DERMO:0000444,,False
DERMO:0000410,pityriasis lichenoides chronica,,guttate parapsoriasis|PLC,"SNOMEDCT_US_2015_03_01:76830005 ""pityriasis lichenoides chronica""|SNOMEDCT_US_2015_03_01:10057001 ""pityriasis lichenoides chronica""|DERMLEX:2024 ""pityriasis lichenoides chronica""|ICD10:L41.1 ""pityriasis lichenoides chronica""",DERMO:0000409,,False
DERMO:0000411,pityriasis rubra pilaris,,devergie's disease|lichen ruber acuminatus|lichen ruber pilaris|PRP,"SNOMEDCT_US_2015_03_01:3755001 ""pityriasis rubra pilaris""|DERMLEX:2043 ""pityriasis rubra pilaris""|DOID:9212 ""pityriasis rubra pilaris""|ICD10:L44.0 ""pityriasis rubra pilaris""|OMIM:607211 ""pityriasis rubra pilaris""",DERMO:0000430|DERMO:0000432,,False
DERMO:0000412,pityriasis rubra pilaris type 1,,pityriasis rubra pilaris - classic adult type,,DERMO:0000411,,False
DERMO:0000413,pityriasis rubra pilaris type 2,,pityriasis rubra pilaris - atypical adult type,,DERMO:0000411,,False
DERMO:0000414,pityriasis rubra pilaris type 4,,pityriasis rubra pilaris - circumcsribed juvenile,,DERMO:0000411,,False
DERMO:0000415,pityriasis rubra pilaris type 3,,pityriasis rubra pilaris - classic juvenile type,,DERMO:0000411,,False
DERMO:0000416,pityriasis rubra pilaris type 5,,pityriasis rubra pilaris - atypical juvenile,,DERMO:0000411,,False
DERMO:0000417,pityriasis rosea,,pityriasis rosea gibert|roseola annulata,"SNOMEDCT_US_2015_03_01:77252004 ""pityriasis rosea""|SNOMEDCT_US_2015_03_01:156373006 ""pityriasis rosea""|DERMLEX:2058 ""pityriasis rosea""|DOID:8892 ""pityriasis rosea""|ICD10:L42 ""pityriasis rosea""",DERMO:0000430,,False
DERMO:0000418,inverse pityriasis rosea,,,,DERMO:0000417,,False
DERMO:0000419,urticarial pityriasis rosea,,,,DERMO:0000417,,False
DERMO:0000420,erythema multiforme-like pityriasis rosea,,,,DERMO:0000417,,False
DERMO:0000421,vesicular pityriasis rosea,,,,DERMO:0000417,,False
DERMO:0000422,pustular pityriasis rosea,,,,DERMO:0000417,,False
DERMO:0000423,purpuric pityriasis rosea,,,,DERMO:0000417,,False
DERMO:0000424,pityriasis rotunda,,pityriasis circinata|tinea circinata,"SNOMEDCT_US_2015_03_01:238639005 ""pityriasis rotunda""|DERMLEX:2059 ""pityriasis rotunda""|DOID:8892 ""pityriasis rotunda""",DERMO:0000430,,False
DERMO:0000425,pityriasis rotunda type 1,,,,DERMO:0000424,,False
DERMO:0000426,pityriasis rotunda type 2,,,,DERMO:0000424,,False
DERMO:0000427,granular parakeratosis,,axillary granular parakeratosis|intertriginous granular parakeratosis,"DERMLEX:2060 ""granular parakeratosis""",DERMO:0000430,,False
DERMO:0000428,granular parakeratosis infantile form,,,,DERMO:0000427,,False
DERMO:0000429,granular parakeratosis adult form,,,,DERMO:0000427,,False
DERMO:0000430,papulosquamous disorder,,,,DERMO:0000102,,False
DERMO:0000431,erythroderma,,exfoliative dermatitis|exfoliative erythroderma,"SNOMEDCT_US_2015_03_01:399992009 ""erythroderma""|SNOMEDCT_US_2015_03_01:200888009 ""erythroderma""|SNOMEDCT_US_2015_03_01:55012006 ""erythroderma""|DERMLEX:4994 ""erythroderma""|HP:0001019 ""erythroderma""|ICD10:L26 ""erythroderma""|MP:0003454 ""erythroderma""",DERMO:0000102,,False
DERMO:0000432,causes of secondary erythroderma,,,,DERMO:0000442,,False
DERMO:0000433,drug reactions,,,,DERMO:0000432,,False
DERMO:0000434,idiopathic erythroderma,,red man syndrome,,DERMO:0000432|DERMO:0000441,,False
DERMO:0000436,dermatitis,,,"SNOMEDCT_US_2015_03_01:182782007 ""dermatitis""|SNOMEDCT_US_2015_03_01:703938007 ""dermatitis""|SNOMEDCT_US_2015_03_01:238538009 ""dermatitis""|SNOMEDCT_US_2015_03_01:43116000 ""dermatitis""|SNOMEDCT_US_2015_03_01:4979002 ""dermatitis""|DERMLEX:2051 ""dermatitis""|DOID:2723 ""dermatitis""|HP:0000964 ""dermatitis""|MP:0001194 ""dermatitis""",DERMO:0000432|DERMO:0001742,,False
DERMO:0000437,paraneoplastic erythroderma,,,,DERMO:0000432|DERMO:0000441,,False
DERMO:0000440,chronic actinic dermatitis,,PD/AR syndrome|persistent light reaction|photosensitivity dermatitis and actinic reticuloid syndrome,"SNOMEDCT_US_2015_03_01:200862006 ""chronic actinic dermatitis""|DERMLEX:2129 ""chronic actinic dermatitis""",DERMO:0000432|DERMO:0002335|DERMO:0002868,,False
DERMO:0000441,primary erythroderma,,,,DERMO:0000431,,False
DERMO:0000442,secondary erythroderma,,,,DERMO:0000431,,False
DERMO:0000443,infantile erythroderma,,,,DERMO:0000441,,False
DERMO:0000444,lichenoid dermatosis,,,,DERMO:0000102,,False
DERMO:0000445,lichen planus,,lichen ruber planus|LP,"SNOMEDCT_US_2015_03_01:156377007 ""lichen planus""|SNOMEDCT_US_2015_03_01:4776004 ""lichen planus""|DERMLEX:4843 ""lichen planus""|DOID:9201 ""lichen planus""|ICD10:L43 ""lichen planus""",DERMO:0000444,,False
DERMO:0000446,annular lichen planus,,,"SNOMEDCT_US_2015_03_01:201000006 ""annular lichen planus""|DERMLEX:4765 ""annular lichen planus""",DERMO:0000445,,False
DERMO:0000447,bullous lichen planus,,,"SNOMEDCT_US_2015_03_01:6111009 ""bullous lichen planus""|ICD10:L43.1 ""bullous lichen planus""",DERMO:0000445,,False
DERMO:0000448,hypertrophic lichen planus,,lichen planus verrucosus,"SNOMEDCT_US_2015_03_01:68266006 ""hypertrophic lichen planus""|DERMLEX:6185 ""hypertrophic lichen planus""|ICD10:L43.0 ""hypertrophic lichen planus""",DERMO:0000445,,False
DERMO:0000449,inverse lichen planus,,,"DERMLEX:2156 ""inverse lichen planus""",DERMO:0000445,,False
DERMO:0000450,ulcerative lichen planus,,,,DERMO:0000445,,False
DERMO:0000451,vulvovaginal-gingival lichen planus,,,,DERMO:0000445|DERMO:0000470|DERMO:0001736,,False
DERMO:0000452,drug-induced lichen planus,,,,DERMO:0000445,,False
DERMO:0000453,lichen planopilaris,,follicular lichen planus|lichen planus acuminatus|LPP,"SNOMEDCT_US_2015_03_01:64540004 ""lichen planopilaris""|DERMLEX:2152 ""lichen planopilaris""|ICD10:L66.1 ""lichen planopilaris""",DERMO:0000445|DERMO:0001436,,False
DERMO:0000454,lichenoid drug eruption,,,"SNOMEDCT_US_2015_03_01:109254000 ""lichenoid drug eruption""|SNOMEDCT_US_2015_03_01:201005001 ""lichenoid drug eruption""|DERMLEX:2161 ""lichenoid drug eruption""",DERMO:0000444,,False
DERMO:0000455,graft-versus-host disease,,GVHD,"SNOMEDCT_US_2015_03_01:234646005 ""graft-versus-host disease""",DERMO:0000275|DERMO:0000444|DERMO:0001436,DERMO:0002753,False
DERMO:0000456,fixed drug eruption,,,"SNOMEDCT_US_2015_03_01:73692007 ""fixed drug eruption""|DERMLEX:1887 ""fixed drug eruption""",DERMO:0000444|DERMO:0003145,,False
DERMO:0000457,erythema multiforme,,EM,"SNOMEDCT_US_2015_03_01:156362004 ""erythema multiforme""|SNOMEDCT_US_2015_03_01:200919006 ""erythema multiforme""|SNOMEDCT_US_2015_03_01:267848009 ""erythema multiforme""|SNOMEDCT_US_2015_03_01:36715001 ""erythema multiforme""|DOID:0050185 ""erythema multiforme""|ICD10:L51 ""erythema multiforme""",DERMO:0000444|DERMO:0003151,,False
DERMO:0000459,dermatomyosis,,,,DERMO:0000444,,False
DERMO:0000461,mycosis fungoides,,MF,"SNOMEDCT_US_2015_03_01:90120004 ""mycosis fungoides""|SNOMEDCT_US_2015_03_01:118618005 ""mycosis fungoides""|DERMLEX:1527 ""mycosis fungoides""|DOID:8691 ""mycosis fungoides""|ICD10:C84.0 ""mycosis fungoides""",DERMO:0000125|DERMO:0000444,,False
DERMO:0000462,actinic lichen planus,,lichen planus actinicus|lichen planus subtropicus|lichen planus tropicus|lichenoid melanodermatitis,"SNOMEDCT_US_2015_03_01:200999007 ""actinic lichen planus""|DERMLEX:2148 ""actinic lichen planus""",DERMO:0000445,,False
DERMO:0000463,acute lichen planus,,eruptive lichen planus|exanthematous lichen planus,,DERMO:0000445,,False
DERMO:0000464,atrophic lichen planus,,,"SNOMEDCT_US_2015_03_01:25858008 ""atrophic lichen planus""",DERMO:0000445,,False
DERMO:0000465,lichen planus pemphigoides,,,"SNOMEDCT_US_2015_03_01:238653005 ""lichen planus pemphigoides""|DERMLEX:1778 ""lichen planus pemphigoides""",DERMO:0000286|DERMO:0000445,,False
DERMO:0000467,graham little-piccardi-lassueur syndrome,,,,DERMO:0000453,,False
DERMO:0000468,lichen planus-lupus erythematosus overlap  syndrome,,LP-LE overlap syndrome,,DERMO:0000445,,False
DERMO:0000469,nail lichen planus,,,,DERMO:0000445,,False
DERMO:0000470,oral lichen planus,,,"SNOMEDCT_US_2015_03_01:235049008 ""oral lichen planus""|DERMLEX:2151 ""oral lichen planus""",DERMO:0000445,,False
DERMO:0000471,atrophic oral lichen planus,,,"SNOMEDCT_US_2015_03_01:238663002 ""atrophic oral lichen planus""",DERMO:0000470,,False
DERMO:0000472,bullous oral lichen planus,,,,DERMO:0000470,,False
DERMO:0000473,erosive oral lichen planus,,,"SNOMEDCT_US_2015_03_01:238662007 ""erosive oral lichen planus""",DERMO:0000470,,False
DERMO:0000474,papular oral lichen planus,,,"SNOMEDCT_US_2015_03_01:707248001 ""papular oral lichen planus""",DERMO:0000470,,False
DERMO:0000475,pigmented oral lichen planus,,,,DERMO:0000470,,False
DERMO:0000476,plaque-like oral lichen planus,,,,DERMO:0000470,,False
DERMO:0000477,reticular oral lichen planus,,,"SNOMEDCT_US_2015_03_01:707249009 ""reticular oral lichen planus""",DERMO:0000470,,False
DERMO:0000478,gingival lichen planus,,,,DERMO:0000445|DERMO:0000470,,False
DERMO:0000479,palmoplantar lichen planus,,,"DERMLEX:2157 ""palmoplantar lichen planus""",DERMO:0000445,,False
DERMO:0000480,vulvovaginal lichen planus,,,,DERMO:0000445|DERMO:0001736,,False
DERMO:0000481,idiopathic lichen planus,,,,DERMO:0000445,,False
DERMO:0000482,lichen striatus,,BLAISE|Blaschko linear acquired inflammatory skin eruption|lichenoid trophoneurosis|linear lichenoid dermatosis,"SNOMEDCT_US_2015_03_01:42442001 ""lichen striatus""|DERMLEX:2160 ""lichen striatus""|ICD10:L44.2 ""lichen striatus""",DERMO:0000444|DERMO:0003413,,False
DERMO:0000483,lichen nitidus,,,"SNOMEDCT_US_2015_03_01:41890004 ""lichen nitidus""|DERMLEX:2159 ""lichen nitidus""|DOID:8573 ""lichen nitidus""|ICD10:L44.1 ""lichen nitidus""",DERMO:0000444,,False
DERMO:0000484,keratosis lichenoides chronica,,lichen ruber acuminatus verrucosus et reticularis|lichen verrucosus et reticularis|lichenoid trikeratosis|nekam's disease|porokeratosis striata lichenoides,"SNOMEDCT_US_2015_03_01:373601005 ""keratosis lichenoides chronica""|DERMLEX:2067 ""keratosis lichenoides chronica""",DERMO:0000444,,False
DERMO:0000485,actinic lichen nitidus,,lichen nitidus actinicus|summertime actinic lichenoid eruption,,DERMO:0000444,,False
DERMO:0000486,annular lichenoid dermatitis of youth,,annular lichenoid dermatitis,,DERMO:0000444,,False
DERMO:0000487,eczematous eruptive disease,,,,DERMO:0000102,,False
DERMO:0000488,infantile atopic dermatitis,,,"SNOMEDCT_US_2015_03_01:402195009 ""infantile atopic dermatitis""",DERMO:0000122,,False
DERMO:0000489,childhood atopic dermatitis,,,"SNOMEDCT_US_2015_03_01:402196005 ""childhood atopic dermatitis""",DERMO:0000122,,False
DERMO:0000490,adult/adolescent atopic dermatitis,,,,DERMO:0000122,,False
DERMO:0000491,senile atopic dermatitis,,,,DERMO:0000122,,False
DERMO:0000492,regional variants of atopic dermatitis,,,,DERMO:0000122,,False
DERMO:0000493,cheilitis sicca,,eczema of the lips,,DERMO:0000492,,False
DERMO:0000494,lip-licker's eczema,,,,DERMO:0000492,,False
DERMO:0000495,ear eczema,,,,DERMO:0000492,,False
DERMO:0000496,angular cheilitis,,,"SNOMEDCT_US_2015_03_01:81670006 ""angular cheilitis""|SNOMEDCT_US_2015_03_01:155662001 ""angular cheilitis""|SNOMEDCT_US_2015_03_01:196554004 ""angular cheilitis""|SNOMEDCT_US_2015_03_01:200729007 ""angular cheilitis""|SNOMEDCT_US_2015_03_01:266429005 ""angular cheilitis""|DERMLEX:4423 ""angular cheilitis""",DERMO:0000492,,False
DERMO:0000497,eyelid eczema,,,"SNOMEDCT_US_2015_03_01:36259009 ""eyelid eczema""",DERMO:0000492,,False
DERMO:0000498,head and neck dermatitis,,,,DERMO:0000492,,False
DERMO:0000500,atopic hand eczema,,,,DERMO:0000492,,False
DERMO:0000501,dyshidrotic eczema,,acute and recurrent vesicular hand dermatitis|pomphoylox,"SNOMEDCT_US_2015_03_01:402567004 ""dyshidrotic eczema""|SNOMEDCT_US_2015_03_01:25560004 ""dyshidrotic eczema""|DERMLEX:2107 ""dyshidrotic dermatitis""",DERMO:0000487|DERMO:0000492,,False
DERMO:0000502,prurigo form of atopic dermatitis,,,,DERMO:0000492,,False
DERMO:0000503,nummular lesions of the extremities in eczema,,,,DERMO:0000492,,False
DERMO:0000504,nipple eczema,,,"SNOMEDCT_US_2015_03_01:140662007 ""nipple eczema""|SNOMEDCT_US_2015_03_01:163455003 ""nipple eczema""|SNOMEDCT_US_2015_03_01:290100003 ""nipple eczema""",DERMO:0000492,,False
DERMO:0000505,frictional lichenoid eruption,,FLE,"SNOMEDCT_US_2015_03_01:402292002 ""frictional lichenoid eruption""|DERMLEX:3826 ""frictional lichenoid eruption""",DERMO:0000492,,False
DERMO:0000506,seborrheic dermatitis,,,"SNOMEDCT_US_2015_03_01:156328004 ""seborrheic dermatitis""|SNOMEDCT_US_2015_03_01:200764003 ""seborrheic dermatitis""|SNOMEDCT_US_2015_03_01:50563003 ""seborrheic dermatitis""|DERMLEX:2105 ""seborrheic dermatitis""|DOID:8741 ""seborrheic dermatitis""|HP:0001051 ""seborrheic dermatitis""|MP:0009792 ""seborrheic dermatitis""",DERMO:0000487|DERMO:0002329,,False
DERMO:0000507,infantile seborrheic dermatitis,,,"SNOMEDCT_US_2015_03_01:156336008 ""infantile seborrheic dermatitis""|SNOMEDCT_US_2015_03_01:200776003 ""infantile seborrheic dermatitis""|SNOMEDCT_US_2015_03_01:7297005 ""infantile seborrheic dermatitis""",DERMO:0000506,,False
DERMO:0000508,adult seborrheic dermatitis,,,,DERMO:0000506,,False
DERMO:0000509,pityriasis simplex capillitii,,,,DERMO:0000508,,False
DERMO:0000510,asteototic eczema,,<new synonym>dessication dermatitis|eczema craquele|winter eczema|winter itch,,DERMO:0000487,,False
DERMO:0000511,stasis dermatitis,,congestion eczema|gravitational dermatitis|varicose eczema,"SNOMEDCT_US_2015_03_01:35498005 ""stasis dermatitis""|DERMLEX:2109 ""stasis dermatitis""",DERMO:0000487,,False
DERMO:0000512,disseminated eczema,,autosensitisation dermatitis|generalised eczema|id reaction,,DERMO:0000487,,False
DERMO:0000513,nummular dermatitis,,discoid eczema|microbial eczema|nummular eczema,"SNOMEDCT_US_2015_03_01:81418003 ""nummular dermatitis""|DERMLEX:2104 ""nummular dermatitis""|ICD10:L30.0 ""nummular dermatitis""",DERMO:0000487,,False
DERMO:0000514,infective dermatitis,,,"SNOMEDCT_US_2015_03_01:200886008 ""infective dermatitis""|SNOMEDCT_US_2015_03_01:200733000 ""infective dermatitis""|SNOMEDCT_US_2015_03_01:367338000 ""infective dermatitis""|ICD10:L30.3 ""infective dermatitis""",DERMO:0000487,,False
DERMO:0000515,juvenile plantar dermatosis,,<new synonym>dermatitis plantaris sicca|<new synonym>forefoot dermatitis|atopic winter feet|moon-boot foot syndrome|sweaty sock dermatitis,"SNOMEDCT_US_2015_03_01:201028000 ""juvenile plantar dermatosis""|SNOMEDCT_US_2015_03_01:201327003 ""juvenile plantar dermatosis""|SNOMEDCT_US_2015_03_01:238590000 ""juvenile plantar dermatosis""|DERMLEX:2108 ""juvenile plantar dermatitis""",DERMO:0000487|DERMO:0000492,DERMO:0000499,False
DERMO:0000516,diaper dermatitis,,,"SNOMEDCT_US_2015_03_01:91487003 ""diaper dermatitis""|DERMLEX:5252 ""diaper dermatitis""",DERMO:0000487,,False
DERMO:0000517,inherited metabolic disorders affecting the skin,,,,DERMO:0000002,,False
DERMO:0000518,disorder due to enzyme deficiency,,,,DERMO:0000517,,False
DERMO:0000519,alkaptonuria,,ochronosis,"SNOMEDCT_US_2015_03_01:190689001 ""alkaptonuria""|SNOMEDCT_US_2015_03_01:24250001 ""alkaptonuria""|SNOMEDCT_US_2015_03_01:360381004 ""alkaptonuria""|DERMLEX:2650 ""alkaptonuria""|DOID:0050714 ""alkaptonuria""|DOID:14223 ""alkaptonuria""|DOID:9270 ""alkaptonuria""|OMIM:607474 ""alkaptonuria""",DERMO:0000518|DERMO:0002672,DERMO:0002678,False
DERMO:0000520,biotinidase deficiency,,late-onset form of multiple carboxylase deficiency,"SNOMEDCT_US_2015_03_01:8808004 ""biotinidase deficiency""|DERMLEX:2655 ""biotinidase deficiency""|DOID:856 ""biotinidase deficiency""|OMIM:609019 ""biotinidase deficiency""",DERMO:0000518,,False
DERMO:0000521,holocarboxylase synthetase deficiency,,early-onset form of multiple carboxylase deficiency,"SNOMEDCT_US_2015_03_01:15307001 ""holocarboxylase synthetase deficiency""|DERMLEX:2658 ""holocarboxylase synthetase deficiency""|DOID:859 ""holocarboxylase synthetase deficiency""|OMIM:609018 ""holocarboxylase synthetase deficiency""",DERMO:0000518,,False
DERMO:0000522,fabry disease,,anderson-fabry disease,"SNOMEDCT_US_2015_03_01:16652001 ""fabry disease""|DERMLEX:1414 ""fabry disease""|DOID:14499 ""fabry disease""|OMIM:300644 ""fabry disease""",DERMO:0003426,,False
DERMO:0000523,fucosidosis,,,"SNOMEDCT_US_2015_03_01:64716005 ""fucosidosis""|DERMLEX:2637 ""fucosidosis""|DOID:14500 ""fucosidosis""|OMIM:612280 ""fucosidosis""",DERMO:0003426,,False
DERMO:0000524,farber lipogranulomatosis,,,"SNOMEDCT_US_2015_03_01:79935000 ""farber lipogranulomatosis""|DERMLEX:2636 ""farber disease""|DOID:0050464 ""farber lipogranulomatosis""|OMIM:613468 ""farber lipogranulomatosis""",DERMO:0000518,,False
DERMO:0000525,gaucher disease,,,"SNOMEDCT_US_2015_03_01:190794006 ""gaucher disease""|DERMLEX:2638 ""gaucher disease""",DERMO:0000518,,False
DERMO:0000526,gaucher disease type 1,,,,DERMO:0000525,,False
DERMO:0000528,gaucher disease type 3,,,,,,True
DERMO:0000529,hereditary angioedema,,,"SNOMEDCT_US_2015_03_01:82966003 ""hereditary angioedema""|DERMLEX:1983 ""hereditary angioedema""|DOID:14735 ""hereditary angioedema""",,,True
DERMO:0000530,hereditary angioedema type 1,,,,,,True
DERMO:0000531,hereditary angioedema type 2,,,,,,True
DERMO:0000532,hereditary angioedema type 3,,,,,,True
DERMO:0000533,homocystinuria,,,"SNOMEDCT_US_2015_03_01:11282001 ""homocystinuria""|SNOMEDCT_US_2015_03_01:190709008 ""homocystinuria""|DERMLEX:2659 ""homocystinuria""|DOID:9263 ""homocystinuria""|HP:0002156 ""homocystinuria""",DERMO:0000518|DERMO:0001815,,False
DERMO:0000534,niemann-pick disease,,sphingomyelin lipidosis|sphingomyelinase deficiency,"SNOMEDCT_US_2015_03_01:58459009 ""niemann-pick disease""|DOID:14504 ""niemann-pick disease""|MP:0009589 ""niemann-pick disease""",DERMO:0000518,,False
DERMO:0000535,phenylketonuria,,PKU,"SNOMEDCT_US_2015_03_01:7573000 ""phenylketonuria""|SNOMEDCT_US_2015_03_01:154735006 ""phenylketonuria""|SNOMEDCT_US_2015_03_01:190687004 ""phenylketonuria""|DERMLEX:2670 ""phenylketonuria""|DOID:9281 ""phenylketonuria""|OMIM:612349 ""phenylketonuria""",DERMO:0000518,,False
DERMO:0000536,prolidase defciency,,,,DERMO:0000518,,False
DERMO:0000537,hyperphenylalanemia,,,,DERMO:0000535,,False
DERMO:0000538,disorder due to defective transporters or related proteins,,,,DERMO:0000517,,False
DERMO:0000539,acrodermatitis enteropathica,,AE|autosomal recessive zinc deficiency,"SNOMEDCT_US_2015_03_01:37702000 ""acrodermatitis enteropathica""|DERMLEX:2921 ""acrodermatitis enteropathica""|DOID:0050605 ""acrodermatitis enteropathica""|OMIM:607059 ""acrodermatitis enteropathica""",DERMO:0000538|DERMO:0002743,,False
DERMO:0000540,H syndrome,,histiocytosis-lymphadenopathy plus syndrome,"OMIM:602782 ""h syndrome""|OMIM:612373 ""h syndrome""",DERMO:0000538,,False
DERMO:0000541,hartnup disease,,,"SNOMEDCT_US_2015_03_01:80902009 ""hartnup disease""|DERMLEX:2652 ""hartnup disease""|DOID:1060 ""hartnup disease""",DERMO:0000538|DERMO:0001337,,False
DERMO:0000542,hemochromatosis,,,"SNOMEDCT_US_2015_03_01:86781004 ""hemochromatosis""|SNOMEDCT_US_2015_03_01:399187006 ""hemochromatosis""|SNOMEDCT_US_2015_03_01:154751003 ""hemochromatosis""|SNOMEDCT_US_2015_03_01:267504005 ""hemochromatosis""|DERMLEX:2677 ""hemochromatosis""|DOID:2352 ""hemochromatosis""|MP:0005638 ""hemochromatosis""|OMIM:613609 ""hemochromatosis""",DERMO:0000538,,False
DERMO:0000543,hemochromatosis type 3,,,,DERMO:0000542,,False
DERMO:0000544,hemochromatosis type 4,,,,DERMO:0000542,,False
DERMO:0000545,hemochromatosis juvenile type,,hemochromatosis type 2a,,DERMO:0000542,,False
DERMO:0000546,wilson disease,,,"SNOMEDCT_US_2015_03_01:88518009 ""wilson disease""|DERMLEX:2769 ""wilson disease""|DOID:893 ""wilson disease""|OMIM:606882 ""wilson disease""",DERMO:0000538|DERMO:0002747,,False
DERMO:0000547,hyperlipidaemia,,,"SNOMEDCT_US_2015_03_01:154739000 ""hyperlipidaemia""|SNOMEDCT_US_2015_03_01:267499005 ""hyperlipidaemia""|SNOMEDCT_US_2015_03_01:55822004 ""hyperlipidaemia""|DOID:1168 ""hyperlipidaemia""",DERMO:0000517,,False
DERMO:0000548,lipoprotein lipase deficiency,,type 1 hyperlipoproteinaemia,"OMIM:609708 ""lipoprotein lipase deficiency""",DERMO:0000547,,False
DERMO:0000549,apolipoprotein C-2 deficiency,,type 1 hyperproteinaemia,,DERMO:0000547,,False
DERMO:0000550,familial chylomicronemia,,type 1 hyperlipoproteinaemia,,DERMO:0000547,,False
DERMO:0000551,familial hypercholesterolaemia,,type 2 hyperlipoproteinaemia,"SNOMEDCT_US_2015_03_01:398036000 ""familial hypercholesterolaemia""|SNOMEDCT_US_2015_03_01:190772003 ""familial hypercholesterolaemia""|SNOMEDCT_US_2015_03_01:31654005 ""familial hypercholesterolaemia""",DERMO:0000547,,False
DERMO:0000552,familial triglyceridemia,,type 4/5 hyperlipoproteinaemia,,DERMO:0000547,,False
DERMO:0000553,familial hypercholesterolaemia type A,,,,DERMO:0000551,,False
DERMO:0000554,familial hypercholesterolaemia type B,,,,DERMO:0000551,,False
DERMO:0000555,dysbetalipoproteninemia,,type 3 hyperlipoproteinaemia,,DERMO:0000547,,False
DERMO:0000557,hypoalphalipoproteinaemia,,,"SNOMEDCT_US_2015_03_01:190785000 ""hypoalphalipoproteinaemia""",DERMO:0000547,,False
DERMO:0000558,tangier disease,,,"SNOMEDCT_US_2015_03_01:15346004 ""tangier disease""|SNOMEDCT_US_2015_03_01:190783007 ""tangier disease""|DERMLEX:2592 ""tangier disease""|DOID:1388 ""tangier disease""|OMIM:600046 ""tangier disease""",DERMO:0000547,,False
DERMO:0000559,sitosterolemia,,,"SNOMEDCT_US_2015_03_01:238104009 ""sitosterolemia""|DERMLEX:2918 ""sitosterolemia""|MP:0010077 ""sitosterolemia""|OMIM:605459 ""sitosterolemia""|OMIM:605460 ""sitosterolemia""",DERMO:0000547,,False
DERMO:0000560,porphyria,,,"SNOMEDCT_US_2015_03_01:86292002 ""porphyria""|SNOMEDCT_US_2015_03_01:154768004 ""porphyria""|SNOMEDCT_US_2015_03_01:418470004 ""porphyria""|SNOMEDCT_US_2015_03_01:274090006 ""porphyria""|DOID:13268 ""porphyria""|MP:0005654 ""porphyria""",DERMO:0000517|DERMO:0002672,,False
DERMO:0000561,congenital erythropoietic porphyria,,CEP|gunther disease,"SNOMEDCT_US_2015_03_01:22935002 ""congenital erythropoietic porphyria""|DERMLEX:2572 ""congenital erythropoietic porphyria""",DERMO:0002705|DERMO:0002711,,False
DERMO:0000562,hepatoerythropoietic porphyria,,HEP|porphyria cutanea tarda type 3,"SNOMEDCT_US_2015_03_01:111386004 ""hepatoerythropoietic porphyria""|DERMLEX:2578 ""hepatoerythropoietic porphyria""|DOID:5230 ""hepatoerythropoietic porphyria""",DERMO:0002705|DERMO:0002711,,False
DERMO:0000563,porphyria cutanea tarda,,PCT,"SNOMEDCT_US_2015_03_01:61860000 ""porphyria cutanea tarda""|DERMLEX:2575 ""porphyria cutanea tarda""|DOID:3132 ""porphyria cutanea tarda""|ICD10:E80.1 ""porphyria cutanea tarda""|OMIM:613521 ""porphyria cutanea tarda""",DERMO:0002335|DERMO:0002705|DERMO:0002711,,False
DERMO:0000564,hereditary coproporphyria,,HCP,"SNOMEDCT_US_2015_03_01:7425008 ""hereditary coproporphyria""|DERMLEX:2577 ""hereditary coproporphyria""|DOID:13269 ""hereditary coproporphyria""",DERMO:0002705|DERMO:0002710,,False
DERMO:0000565,varigate porphyria,,mixed porphyria|south african porphyria|VP,,DERMO:0002705|DERMO:0002710,,False
DERMO:0000566,erythropoietic protoporphyria,,EEP,"SNOMEDCT_US_2015_03_01:51022005 ""erythropoietic protoporphyria""|DERMLEX:2573 ""erythropoietic protoporphyria""|DOID:13270 ""erythropoietic protoporphyria""",DERMO:0002705|DERMO:0002711,,False
DERMO:0000567,inherited benign neoplasm of the skin disorder,,,,DERMO:0003424,,False
DERMO:0000568,familial cylindromatosis,,brooke-spiegler syndrome|multiple familial trichoepitheliomas,"DERMLEX:2872 ""familial multiple cylindromas""|DOID:0050693 ""familial cylindromatosis""|OMIM:605018 ""familial cylindromatosis""",DERMO:0000567,,False
DERMO:0000569,familial gastrointestinal stromal tumour with familial mastocytosis,,GIST,"DOID:9253 ""familial gastrointestinal stromal tumour with familial mastocytosis""|HP:0100723 ""familial gastrointestinal stromal tumour with familial mastocytosis""",DERMO:0000567,,False
DERMO:0000570,hereditary infantile hemangiomas,,capillary infantile hemangioma,,DERMO:0000567,,False
DERMO:0000571,hereditary leiomyomatosis and renal cell cancer,,"HLRCC|MCUL1|multiple cutaneous and uterine leiomyoma 1, with or without renal cell carcinoma",,DERMO:0000567,,False
DERMO:0000572,familial multiple lipomatosis,,,"DERMLEX:2978 ""familial multiple lipomatosis""",DERMO:0000567,,False
DERMO:0000573,benign symmetric lipomatosis,,benign symmetric lipomatosis of launois-bensaude|madelung disease,"SNOMEDCT_US_2015_03_01:254832003 ""benign symmetric lipomatosis""|DERMLEX:1241 ""benign symmetric lipomatosis""",DERMO:0000567,,False
DERMO:0000574,multiple self-healing squamous epithelioma,,ferguson-smith type epithelioma|MSSE,,DERMO:0000567,,False
DERMO:0000575,neurofibromatosis type 1,,von recklinghausen disease,"SNOMEDCT_US_2015_03_01:92824003 ""neurofibromatosis type 1""|DOID:8712 ""neurofibromatosis type 1""",DERMO:0000732,,False
DERMO:0000576,legius syndrome,,neurofibromatosis 1-like syndrome,"SNOMEDCT_US_2015_03_01:703541007 ""legius syndrome""|OMIM:609291 ""legius syndrome""",DERMO:0000567|DERMO:0000732,,False
DERMO:0000577,watson syndrome,,pulmonic stenosis with cafe-au-lait spots,"SNOMEDCT_US_2015_03_01:7425008 ""watson syndrome""|SNOMEDCT_US_2015_03_01:403820003 ""watson syndrome""|DERMLEX:2940 ""noonan neurofibromatosis syndrome""|OMIM:613113 ""watson syndrome""",DERMO:0000567,,False
DERMO:0000578,neurofibromatosis-noonan syndrome,,neurofibromatosis with noonan phenotype|NFNS,"OMIM:613113 ""neurofibromatosis-noonan syndrome""",DERMO:0000567,,False
DERMO:0000579,neurofibromatosis type 2,,acoustic schwannoma,"SNOMEDCT_US_2015_03_01:92503002 ""neurofibromatosis type 2""|DOID:8712 ""neurofibromatosis type 2""",DERMO:0000732,,False
DERMO:0000580,proteus syndrome,,,"SNOMEDCT_US_2015_03_01:394527003 ""proteus syndrome""|SNOMEDCT_US_2015_03_01:23150001 ""proteus syndrome""|DERMLEX:3422 ""proteus syndrome""|DOID:13482 ""proteus syndrome""",DERMO:0000567|DERMO:0003416,,False
DERMO:0000581,steatocystoma multiplex,,,"SNOMEDCT_US_2015_03_01:109433009 ""steatocystoma multiplex""|SNOMEDCT_US_2015_03_01:201323004 ""steatocystoma multiplex""|DERMLEX:2885 ""steatocystoma multiplex""|HP:0012035 ""steatocystoma multiplex""|ICD10:L72.2 ""steatocystoma multiplex""|OMIM:148069 ""steatocystoma multiplex""",DERMO:0000567|DERMO:0000820,,False
DERMO:0000582,tuberous sclerosis complex,,bourneville disease|epiloia|TS|tuberous sclerosis,"DERMLEX:2951 ""tuberous sclerosis""|DOID:13515 ""tuberous sclerosis complex""|ICD10:Q85.1 ""tuberous sclerosis complex""",DERMO:0000196|DERMO:0000567|DERMO:0003398|DERMO:0003401,DERMO:0000231,False
DERMO:0000583,inherited cutaneous cancer disorder,,,,DERMO:0003424,,False
DERMO:0000584,bazex-dupre-christol syndrome,,,"SNOMEDCT_US_2015_03_01:254820002 ""bazex-dupre-christol syndrome""|DERMLEX:4855 ""bazex syndrome""",DERMO:0000583,,False
DERMO:0000585,epidermodysplasia verruciformis,,,"SNOMEDCT_US_2015_03_01:19138001 ""epidermodysplasia verruciformis""|DERMLEX:610 ""epidermodysplasia verruciformis""|DOID:13777 ""epidermodysplasia verruciformis""|OMIM:605828 ""epidermodysplasia verruciformis""|OMIM:605829 ""epidermodysplasia verruciformis""",DERMO:0000583|DERMO:0002342,,False
DERMO:0000586,cutaneous malignant melanoma 1,,CMM1|familial atypical mole-malignant melanoma syndrome|FAMMM,,DERMO:0000583,,False
DERMO:0000587,gorlin syndrome,,nevoid basal cell carcinoma,"SNOMEDCT_US_2015_03_01:69408002 ""gorlin syndrome""|DERMLEX:2883 ""basal cell nevus syndrome""",DERMO:0000583,,False
DERMO:0000588,huriez syndrome,,HRZ|palmoplantar keratoderma with scleroatrophy|sclerotylosis,"SNOMEDCT_US_2015_03_01:239076000 ""huriez syndrome""|DERMLEX:3062 ""palmoplantar keratoderma with sclerodactyly""|OMIM:181600 ""huriez syndrome""",DERMO:0000583|DERMO:0003319,,False
DERMO:0000589,inherited extracutaneous cancer disorder,,,,DERMO:0003424,,False
DERMO:0000590,xeroderma pigmentosum type A,,XPA,,DERMO:0000384,,False
DERMO:0000591,xeroderma pigmentosum type B,,XPB,,DERMO:0000384,,False
DERMO:0000592,xeroderma pigmentosum type C,,XPC,,DERMO:0000384,,False
DERMO:0000593,xeroderma pigmentosum type D,,XPD,,DERMO:0000384,,False
DERMO:0000594,xeroderma pigmentosum type E,,XPE,,DERMO:0000384,,False
DERMO:0000595,xeroderma pigmentosum type F,,XPF,,DERMO:0000384,,False
DERMO:0000596,xeroderma pigmentosum type G,,XPG,,DERMO:0000384,,False
DERMO:0000597,xeroderma pigmentosum variant type,,XP variant,,DERMO:0000384,,False
DERMO:0000598,ataxia-telangiectasia,,AT|louis-bar syndrome,"DERMLEX:1412 ""ataxia-telangiectasia""|OMIM:607585 ""ataxia-telangiectasia""",DERMO:0000589|DERMO:0000644|DERMO:0000993|DERMO:0003287,,False
DERMO:0000599,birt-hogg-dube syndrome,,,"SNOMEDCT_US_2015_03_01:110985001 ""birt-hogg-dube syndrome""|DERMLEX:2878 ""multiple fibrofolliculoma""|DOID:0050676 ""birt-hogg-dube syndrome""|OMIM:607273 ""birt-hogg-dube syndrome""",DERMO:0000589,,False
DERMO:0000600,bloom syndrome,,congenital telangiectatic erythema,"SNOMEDCT_US_2015_03_01:4434006 ""bloom syndrome""|DERMLEX:3301 ""bloom syndrome""|DOID:2717 ""bloom syndrome""|OMIM:604610 ""bloom syndrome""",DERMO:0000589|DERMO:0002883,,False
DERMO:0000601,costello syndrome,,,"SNOMEDCT_US_2015_03_01:205803001 ""costello syndrome""|SNOMEDCT_US_2015_03_01:309776008 ""costello syndrome""|DERMLEX:3416 ""costello syndrome""|DOID:0050469 ""costello syndrome""|OMIM:190020 ""costello syndrome""",DERMO:0000589,,False
DERMO:0000602,cowden-like syndrome,,,,DERMO:0000589,,False
DERMO:0000604,"dyskeratosis congenita, x-linked",,DKCX|zinsser-cole-engman syndrome,"OMIM:300126 ""dyskeratosis congenita, x-linked""",DERMO:0000373,,False
DERMO:0000605,"dyskeratosis congenita, autosomal dominant 1",,"DKCA1|dyskeratosis congenita, scoggins type","OMIM:602322 ""dyskeratosis congenita, autosomal dominant 1""",DERMO:0000373,,False
DERMO:0000606,"dyskeratosis congenita, autosomal recessive 1",,DKCB1,"OMIM:606471 ""dyskeratosis congenita, autosomal recessive 1""",DERMO:0000373,,False
DERMO:0000607,gardner syndrome,,familial colorectal polyposis|familial polyposis of the colon|GS,"SNOMEDCT_US_2015_03_01:60876000 ""gardner syndrome""|DERMLEX:863 ""gardner syndrome""|OMIM:611731 ""gardner syndrome""",DERMO:0000589|DERMO:0001671,,False
DERMO:0000608,howel-evans syndrome,,non-epidermolytic palmoplantar keratoderma with carcinoma of the esophagus|TOC|tylosis with esophageal cancer,"OMIM:614404 ""howel-evans syndrome""",DERMO:0000589|DERMO:0003322,,False
DERMO:0000609,muir-torre syndrome,,"cutaneous sebaceous neoplasms and keratoacanthomas, with gastrointestinal and other carcinomas|MTS","DERMLEX:2920 ""muir-torre syndrome""|DOID:0050465 ""muir-torre syndrome""|OMIM:120436 ""muir-torre syndrome""|OMIM:609309 ""muir-torre syndrome""",DERMO:0000589|DERMO:0003425,,False
DERMO:0000610,familial adenomatous polyposis 2,,colorectal adenomatous polyposis|FAP2|MUTYH-associated polyposis,,DERMO:0000589,,False
DERMO:0000611,mismatch repair cancer syndrome,,childhood cancer syndrome|MMRCS|turcot syndrome,"OMIM:120436 ""mismatch repair cancer syndrome""|OMIM:600259 ""mismatch repair cancer syndrome""|OMIM:600678 ""mismatch repair cancer syndrome""|OMIM:609309 ""mismatch repair cancer syndrome""",DERMO:0000589,,False
DERMO:0000612,multiple endocrine neoplasia,,MEN,"SNOMEDCT_US_2015_03_01:46724008 ""multiple endocrine neoplasia""|DOID:3125 ""multiple endocrine neoplasia""",DERMO:0000589,,False
DERMO:0000613,multiple endocrine neoplasia 1,,MEN1|multiple endocrine adenomatosis|wermer syndrome,"DOID:10017 ""multiple endocrine neoplasia 1""|DOID:3125 ""multiple endocrine neoplasia 1""|OMIM:613733 ""multiple endocrine neoplasia 1""",DERMO:0000612,,False
DERMO:0000614,multiple endocrine neoplasia 2a,,<new synonym>pheochromocytoma and amyloid-producing medullary thyroid carcinoma|MEN2A|PT syndrome|sipple syndrome,"DOID:0050430 ""multiple endocrine neoplasia 2a""",DERMO:0000612,,False
DERMO:0000615,multiple endocrine neoplasia 2b,,MEN2B|MEN3|mucosal neuromata with endocrine tumors|multiple mucosal neuroma syndrome|wagenmann-froboese syndrome,"DOID:10016 ""multiple endocrine neoplasia 2b""",DERMO:0000612|DERMO:0001671,,False
DERMO:0000616,multiple endocrine neoplasia 4,,MEN4,,DERMO:0000612,,False
DERMO:0000617,PTEN hamartoma tumor syndrome,,PHTS,"OMIM:601728 ""pten hamartoma tumor syndrome""",DERMO:0000589,,False
DERMO:0000618,cowden disease,,CD|cowden syndrome|MHAM|multiple hamartoma syndrome,"DERMLEX:2873 ""cowden syndrome""|DOID:6457 ""cowden disease""",DERMO:0000617,,False
DERMO:0000619,bannayan-riley-ruvalcaba syndrome,,BRRS,"SNOMEDCT_US_2015_03_01:234138005 ""bannayan-riley-ruvalcaba syndrome""|DERMLEX:2981 ""macrocephal""|DOID:0050657 ""bannayan-riley-ruvalcaba syndrome""|OMIM:601728 ""bannayan-riley-ruvalcaba syndrome""",DERMO:0000617,,False
DERMO:0000620,rothmund-thomson syndrome,,,"SNOMEDCT_US_2015_03_01:69093006 ""rothmund-thomson syndrome""|SNOMEDCT_US_2015_03_01:205565002 ""rothmund-thomson syndrome""|SNOMEDCT_US_2015_03_01:205572001 ""rothmund-thomson syndrome""|DERMLEX:3305 ""rothmund-thomson syndrome""|DOID:2732 ""rothmund-thomson syndrome""|OMIM:603780 ""rothmund-thomson syndrome""",DERMO:0000589|DERMO:0000644|DERMO:0002883,,False
DERMO:0000621,non-cutaneous neoplastic or dysplastic disease,,,,DERMO:0000107,,False
DERMO:0000622,endocrine disease,systemic endocrine disease with cutaneous sequelae,,"SNOMEDCT_US_2015_03_01:362969004 ""endocrine disease""|SNOMEDCT_US_2015_03_01:127345001 ""endocrine disease""",DERMO:0000002|DERMO:0000107,,False
DERMO:0000623,apert syndrome,"an autosomal dominant inherited disorder caused by mutation in the FGFR2 gene. As well as skeletal malformations phenotypes can include hyperhidrosis, oily skin with severe acne and patches of missing hair in the eyebrows.",Acrocephalosyndactyly,"SNOMEDCT_US_2015_03_01:205258009 ""apert syndrome""|DERMLEX:3406 ""apert syndrome""|DOID:12960 ""apert syndrome""|OMIM:176943 ""apert syndrome""|RID:17906 ""APERT SYNDROME""|SNOMEDCT:268262006 ""Acrocephalosyndactyly""",DERMO:0000622,,False
DERMO:0000624,beare-stevenson cutis gyrata syndrome,,,"SNOMEDCT_US_2015_03_01:703528008 ""beare-stevenson cutis gyrata syndrome""|DERMLEX:3337 ""cutis gyrata syndrome of beare and stevenson""|DOID:0050660 ""beare-stevenson cutis gyrata syndrome""|OMIM:176943 ""beare-stevenson cutis gyrata syndrome""",DERMO:0000622,,False
DERMO:0000625,crouzon syndrome with acanthosis nigricans,,SADDAN|thanatophoric dysplasia,"SNOMEDCT_US_2015_03_01:702361006 ""crouzon syndrome with acanthosis nigricans""|DOID:13481 ""crouzon syndrome with acanthosis nigricans""|OMIM:134934 ""crouzon syndrome with acanthosis nigricans""",DERMO:0000622,,False
DERMO:0000626,oral-facial-digital syndrome type 1,,,,DERMO:0000622|DERMO:0003401,,False
DERMO:0000627,genodermatosis with prominent neurologic abnormalities,,,,DERMO:0000002,,False
DERMO:0000628,cockayne syndrome,,,"SNOMEDCT_US_2015_03_01:205832003 ""cockayne syndrome""|SNOMEDCT_US_2015_03_01:21086008 ""cockayne syndrome""|DERMLEX:3302 ""cockayne syndrome""|DOID:2962 ""cockayne syndrome""",DERMO:0000627|DERMO:0000644|DERMO:0002869,,False
DERMO:0000629,cockayne syndrome type A,,CSA,,DERMO:0000628,,False
DERMO:0000630,cockayne syndrome type B,,CSB,,DERMO:0000628,,False
DERMO:0000631,cold-induced sweating syndrome,"Impaired thermoregulation, abnormal sweating often in response to cold/low temperatures. There are characteristic facial anomalies.",,"SNOMEDCT_US_2015_03_01:702363009 ""cold-induced sweating syndrome""|OMIM:604237 ""cold-induced sweating syndrome""",DERMO:0000627|DERMO:0002556,,False
DERMO:0000632,erythromelalgia type 2,,idiopathic erythromelalgia|primary erythromelalgia,,DERMO:0000627|DERMO:0002055,,False
DERMO:0000633,familial dysautonomia,,"HSAN 3|neuropathy, hereditart, sensory and autonomic type 3|riley-day syndrome","SNOMEDCT_US_2015_03_01:204087006 ""familial dysautonomia""|SNOMEDCT_US_2015_03_01:29159009 ""familial dysautonomia""|DERMLEX:2942 ""familial dysautonomia""|DOID:11589 ""familial dysautonomia""",DERMO:0000627,,False
DERMO:0000634,insensitivity to pain with anhidrosis,congenital insensitivity to pain with anhidrosis is caused by homozygous or compound heterozygous mutation in the NTRK1 gene on chromosome 1q23,CIPA,OMIM:256800,DERMO:0000627|DERMO:0002577,,False
DERMO:0000635,familial primary localized cutaneous amyloidosis,,,"DOID:0050639 ""familial primary localized cutaneous amyloidosis""",DERMO:0000627|DERMO:0002647,,False
DERMO:0000636,inherited disorder due to defect in coagulation or platelet plugging,,,,DERMO:0000002,,False
DERMO:0000637,activated protein C resistance,,THPH2|thrombophilia due to activated protein C reistance,"SNOMEDCT_US_2015_03_01:421527008 ""activated protein c resistance""|HP:0012175 ""activated protein c resistance""",DERMO:0000636|DERMO:0003208,,False
DERMO:0000638,factor V deficiency,,,"SNOMEDCT_US_2015_03_01:191284007 ""factor v deficiency""|SNOMEDCT_US_2015_03_01:4320005 ""factor v deficiency""|DOID:2216 ""factor v deficiency""|HP:0003225 ""factor v deficiency""|OMIM:612309 ""factor v deficiency""",DERMO:0000636|DERMO:0003208,,False
DERMO:0000639,protein C deficiency,,,"SNOMEDCT_US_2015_03_01:76407009 ""protein c deficiency""|DOID:3756 ""protein c deficiency""|HP:0005543 ""protein c deficiency""",DERMO:0000636|DERMO:0003197,,False
DERMO:0000640,protein S deficiency,,,"SNOMEDCT_US_2015_03_01:1563006 ""protein s deficiency""|DOID:2451 ""protein s deficiency""|HP:0004855 ""protein s deficiency""",DERMO:0000636|DERMO:0003506,,False
DERMO:0000641,antithrombin III deficiency,,,"SNOMEDCT_US_2015_03_01:36351005 ""antithrombin iii deficiency""|DOID:3755 ""antithrombin iii deficiency""|HP:0001976 ""antithrombin iii deficiency""",DERMO:0000636|DERMO:0003208,,False
DERMO:0000642,hyperprothrombinemia,,,,DERMO:0000636|DERMO:0003208,,False
DERMO:0000643,familial thrombotic thrombocytopenic purpura,,,,DERMO:0000636|DERMO:0003173,,False
DERMO:0000644,premature aging syndrome or inherited poikiloderma,,,,DERMO:0000002,,False
DERMO:0000645,branchio-oculo-facial syndrome,,,,DERMO:0000644,,False
DERMO:0000646,nestor-guillermo progeria syndrome,,,"OMIM:603811 ""nestor-guillermo progeria syndrome""",DERMO:0000644,,False
DERMO:0000647,hutchison-gilford progeria syndrome,,HGPS|hutchison-gilford syndrome|progeria,"DOID:3911 ""hutchison-gilford progeria syndrome""",DERMO:0000644,,False
DERMO:0000648,mandibuloacral dysplasia,,,"SNOMEDCT_US_2015_03_01:109419009 ""mandibuloacral dysplasia""|DERMLEX:4586 ""mandibuloacral dysplasia""|OMIM:150330 ""mandibuloacral dysplasia""",DERMO:0000644,,False
DERMO:0000649,mandibuloacral dysplasia type A,,,,DERMO:0000648,,False
DERMO:0000650,mandibuloacral dysplasia type B,,,,DERMO:0000648,,False
DERMO:0000651,werner syndrome,,progeria of the adult,"SNOMEDCT_US_2015_03_01:51626007 ""werner syndrome""|DERMLEX:3312 ""werner syndrome""|DOID:5688 ""werner syndrome""|OMIM:604611 ""werner syndrome""",DERMO:0000644,,False
DERMO:0000652,"werner syndrome, typical",,,,DERMO:0000651,,False
DERMO:0000653,"werner syndrome, atypical",,,,DERMO:0000651,,False
DERMO:0000654,inherited lipodystrophy,,,,DERMO:0000002|DERMO:0001313,DERMO:0001314,False
DERMO:0000655,leprechaunism,,donohue syndrome|insulin-resistant diabetes mellitus and somatic abnormalities|pineal hyperplasia|rabson-mendenhall syndrome,"SNOMEDCT_US_2015_03_01:111307005 ""leprechaunism""|DERMLEX:3745 ""leprechaunism""|DOID:0050470 ""leprechaunism""|OMIM:147670 ""leprechaunism""",DERMO:0000654,,False
DERMO:0000657,congenital generalized lipodystrophy type 1,,"Brunzell syndrome, AGPAT2 related|CGL1",,DERMO:0001315,,False
DERMO:0000658,congenital generalized lipodystrophy type 2,,"brunzell syndrome, BSCL2 related|CGL2",,DERMO:0001315,,False
DERMO:0000659,congenital generalized lipodystrophy type 3,,CGL3,,DERMO:0001315,,False
DERMO:0000660,congenital generalized lipodystrophy type 4,,CGL4,,DERMO:0001315,,False
DERMO:0000662,familial partial lipodystrophy type 2,,,,DERMO:0001316,,False
DERMO:0000663,familial partial lipodystrophy type 3,,,,DERMO:0001316,,False
DERMO:0000664,familial partial lipodystrophy type 4,,,,DERMO:0001316,,False
DERMO:0000665,acquired partial lipodystrophy,,APLD|barraquer-simons syndrome|cephalothoracic lipodystrophy|progressive lipodystrophy,"SNOMEDCT_US_2015_03_01:75659004 ""acquired partial lipodystrophy""|DERMLEX:4597 ""acquired partial lipodystrophy""",DERMO:0001320,DERMO:0001322,False
DERMO:0000666,disorder with cutaneous calcification or ossification,,,,DERMO:0000002,,False
DERMO:0000667,albright hereditary osteodystrophy,,pseudohypoparathyroidism type 1A,"SNOMEDCT_US_2015_03_01:123057000 ""albright hereditary osteodystrophy""|SNOMEDCT_US_2015_03_01:58833000 ""albright hereditary osteodystrophy""|SNOMEDCT_US_2015_03_01:58976002 ""albright hereditary osteodystrophy""|DERMLEX:2727 ""albright hereditary osteodystrophy""|DOID:0080053 ""albright hereditary osteodystrophy""",DERMO:0000666,,False
DERMO:0000668,progressive osseous heteroplasia,,,"DERMLEX:2726 ""progressive osseous heteroplasia""",DERMO:0000666,,False
DERMO:0000669,fibrodysplasia ossificans progressiva,,,"SNOMEDCT_US_2015_03_01:82725007 ""fibrodysplasia ossificans progressiva""|DERMLEX:2728 ""fibrodysplasia ossificans progressiva""|DOID:13374 ""fibrodysplasia ossificans progressiva""|OMIM:102576 ""fibrodysplasia ossificans progressiva""",DERMO:0000666,,False
DERMO:0000670,hyperphospahtemic familial tumoral calcinosis,,,,DERMO:0000666|DERMO:0002729,,False
DERMO:0000671,normophosphatemic familial tumoral calcinosis,,,,DERMO:0000666|DERMO:0002729,,False
DERMO:0000672,pachydermoperiostosis,,POH|primary hypertrophic osteoathropathy,"DERMLEX:3452 ""pachydermoperiostosis""",DERMO:0000666,,False
DERMO:0000673,pachydermoperiostosis type 1,,"hypertrophic osteoarthropathy, primary, autosomal recessive type 1|PHOAR1",,DERMO:0000672,,False
DERMO:0000674,pachydermoperiostosis type 2,,"hypertrophic osteoarthropathy, primary, autosomal recessive type 2|PHOAR2",,DERMO:0000672,,False
DERMO:0000675,disorder associated with multiple lentigines,,,,DERMO:0000567,,False
DERMO:0000676,carney complex,,,"DERMLEX:3224 ""carney complex""|DOID:0050471 ""carney complex""",DERMO:0000675,,False
DERMO:0000677,familial generalized lentiginosis,,,,DERMO:0000675,,False
DERMO:0000678,LEOPARD syndrome,,,"SNOMEDCT_US_2015_03_01:111306001 ""leopard syndrome""|DOID:14291 ""leopard syndrome""",DERMO:0000675,,False
DERMO:0000679,LEOPARD syndrome type 1,,,,DERMO:0000678,,False
DERMO:0000680,LEOPARD syndrome type 2,,,,DERMO:0000678,,False
DERMO:0000681,peutz-jeghers syndrome,,,"SNOMEDCT_US_2015_03_01:157029009 ""peutz-jeghers syndrome""|SNOMEDCT_US_2015_03_01:54411001 ""peutz-jeghers syndrome""|DERMLEX:3245 ""peutz-jeghers syndrome""|DOID:3852 ""peutz-jeghers syndrome""|OMIM:602216 ""peutz-jeghers syndrome""",DERMO:0000675,,False
DERMO:0000682,autoinflammatory genodermatosis,,,,DERMO:0000002,,False
DERMO:0000683,blau syndrome,,"familial granulomatous arthritis, dermatitis and uveitis","SNOMEDCT_US_2015_03_01:699861000 ""blau syndrome""|DERMLEX:2976 ""granulomatous synoviti""|DOID:0050678 ""blau syndrome""|OMIM:605956 ""blau syndrome""",DERMO:0000682,,False
DERMO:0000684,CINCA syndrome,,chronic infantile neurologic cutaneous and articular syndrome|neonatal-onset multisystem inflammatory disease|NOMID,"OMIM:606416 ""cinca syndrome""",DERMO:0000682|DERMO:0003113,,False
DERMO:0000686,familial cold autoinflammatory syndrome type 1,,FCAS1,,DERMO:0003106,,False
DERMO:0000687,familial cold autoinflammatory syndrome type 2,,FCAS2,,DERMO:0003106,,False
DERMO:0000688,familial cold autoinflammatory syndrome type 3,,FCAS3,,DERMO:0003106,,False
DERMO:0000689,muckle-wells syndrome,,MWS,"SNOMEDCT_US_2015_03_01:15123008 ""muckle-wells syndrome""|DERMLEX:2633 ""muckle-wells syndrome""|DOID:0050854 ""muckle-wells syndrome""|OMIM:606416 ""muckle-wells syndrome""",DERMO:0000682|DERMO:0002659|DERMO:0003113,,False
DERMO:0000690,cyclic neutropenia,,,"SNOMEDCT_US_2015_03_01:69295006 ""cyclic neutropenia""|DERMLEX:1976 ""cyclic neutropenia""",DERMO:0000682,,False
DERMO:0000691,"osteomyelitis, sterile multifocal, with periostitis and pustulosis",,deficiency of the interleukin-1 receptor antagonist|DIRA|OMPP,,DERMO:0000682,,False
DERMO:0000692,pustular psoriasis,,generalized pustular psoriasis,"SNOMEDCT_US_2015_03_01:200901002 ""pustular psoriasis""|SNOMEDCT_US_2015_03_01:200973000 ""pustular psoriasis""|DERMLEX:2078 ""pustular psoriasis""|ICD10:L40.1 ""pustular psoriasis""|OMIM:614204 ""generalised pustular psoriasis""|UMLS:C0343055 ""generalized pustular psoriasis""",DERMO:0000124|DERMO:0000682,DERMO:0000403,False
DERMO:0000693,familial hibernian fever,,TRAPS|tumor necrosis factor receptor-associated periodic syndrome,,DERMO:0000682|DERMO:0002659|DERMO:0003112,,False
DERMO:0000694,familial mediterranean fever,,FMF,"SNOMEDCT_US_2015_03_01:12579009 ""familial mediterranean fever""|DERMLEX:2629 ""familial mediterranean fever""|DOID:2987 ""familial mediterranean fever""",DERMO:0000682|DERMO:0002659|DERMO:0003112,,False
DERMO:0000695,hyperimmunoglobulinemia-D syndrome,,,,DERMO:0000682,,False
DERMO:0000696,majeed syndrome,,,"SNOMEDCT_US_2015_03_01:703540008 ""majeed syndrome""|OMIM:605519 ""majeed syndrome""",DERMO:0000682,,False
DERMO:0000697,PAPA syndrome,"An autosomal dominant, hereditary auto-inflammatory disease arising from mutations in the PSTPIP1/CD2BP1 gene on chromosome 15q.","FAMILIAL RECURRENT ARTHRITIS|Pyogenic arthritis - pyoderma gangrenosum - acne|pyogenic arthritis, pyoderma gangrenosum, acne conglobata syndrome","OMIM:604416 ""PYOGENIC STERILE ARTHRITIS, PYODERMA GANGRENOSUM, AND ACNE""|RID:15457 ""PAPA SYNDROME""",DERMO:0000682,,False
DERMO:0000698,familial chilblain lupus,,,,DERMO:0000682,,False
DERMO:0000699,familial chilblain lupus type 1,,CL1,,DERMO:0000698,,False
DERMO:0000700,familial chilblain lupus type 2,,CL2,,DERMO:0000698,,False
DERMO:0000701,familial hidradenitis suppurativa,"Hidradenitis suppurativa, a familial form.",,"DERMLEX:4243 ""familial hidradenitis suppurativa""",DERMO:0000682|DERMO:0002550,,False
DERMO:0000702,familial hidradenitis suppurativa type 1,,,,DERMO:0000701,,False
DERMO:0000703,familial hidradenitis suppurativa type 2,,,,DERMO:0000701,,False
DERMO:0000704,familial hidradenitis suppurativa type 3,,,,DERMO:0000701,,False
DERMO:0000705,neonatal-onset inflammatory skin and bowel disease,,NISBD,,DERMO:0000682,,False
DERMO:0000706,disorder associated with immunodeficiency,,,,,,True
DERMO:0000707,autoimmune polyendocrinopathy-candidiasis-ectodermal dystrophy,,APECED,"SNOMEDCT_US_2015_03_01:11244009 ""autoimmune polyendocrinopathy-candidiasis-ectodermal dystrophy""|DOID:0050167 ""autoimmune polyendocrinopathy-candidiasis-ectodermal dystrophy""",DERMO:0000708,,False
DERMO:0000708,chronic mucocutaneous candidiasis,,CANDF|CMC,"SNOMEDCT_US_2015_03_01:234568006 ""chronic mucocutaneous candidiasis""|DERMLEX:364 ""chronic mucocutaneous candidiasis""|DOID:2058 ""chronic mucocutaneous candidiasis""|HP:0002728 ""chronic mucocutaneous candidiasis""",DERMO:0002268|DERMO:0003287,,False
DERMO:0000709,chronic mucocutaneous candidiasis type 1,,CANDF1,,DERMO:0000708,,False
DERMO:0000710,chronic mucocutaneous candidiasis type 7,,CANDF7,,DERMO:0000708,,False
DERMO:0000711,chronic mucocutaneous candidiasis type 2,,CANDF2|candidal granuloma|CARD9-associated chronic mucocutaneous candidiasis,,DERMO:0000708,,False
DERMO:0000712,chronic mucocutaneous candidiasis type 4,,CANDF4|dectin-1 deficiency,,DERMO:0000708,,False
DERMO:0000713,chronic mucocutaneous candidiasis type 5,,CANDF5|familial chronic mucocutaneous candidiasis,,DERMO:0000708,,False
DERMO:0000714,chronic granulomatous disease,,<new synonym>CGC|bridges-good syndrome|chronic granulomatous disorder|quie syndrome,"SNOMEDCT_US_2015_03_01:387759001 ""chronic granulomatous disease""|SNOMEDCT_US_2015_03_01:11210002 ""chronic granulomatous disease""|SNOMEDCT_US_2015_03_01:191354002 ""chronic granulomatous disease""|DERMLEX:1972 ""chronic granulomatous disease""|DOID:3265 ""chronic granulomatous disease""",DERMO:0003287,,False
DERMO:0000715,chronic granulomatous disease x-linked,,,,DERMO:0000714,,False
DERMO:0000716,"chronic granulomatous disease, autosomal recessive, cytochrome b-negative",,,,DERMO:0000714,,False
DERMO:0000717,"chronic granulomatous disease, autosomal recessive, cytochrome b-positive type 1",,,,DERMO:0000714,,False
DERMO:0000718,"chronic granulomatous disease, autosomal recessive, cytochrome b-positive type 2",,,,DERMO:0000714,,False
DERMO:0000719,"chronic granulomatous disease, autosomal recessive, cytochrome b-positive type 3",,,,DERMO:0000714,,False
DERMO:0000720,clericuzio-type poikiloderma with neutropenia,,"poikiloderma with neutropenia, navajo type",,DERMO:0000589|DERMO:0000644|DERMO:0003287,,False
DERMO:0000721,hyperimmunoglobulinemia-E syndrome,,buckley syndrome|HIES|job syndrome,,DERMO:0003287,,False
DERMO:0000722,IPEX syndrome,,"immune dysregulation, polyendocrinopathy, enteropathy, x-linked syndrome",,DERMO:0003287,,False
DERMO:0000723,hyperimmunoglobulinemia-E syndrome autosomal dominant,,,,DERMO:0000721,,False
DERMO:0000724,hyperimmunoglobulinemia-E syndrome autosomal recessive,,AR-HIES,,DERMO:0000721,,False
DERMO:0000725,leukocyte adhesion deficiency,,LAD,"SNOMEDCT_US_2015_03_01:77358003 ""leukocyte adhesion deficiency""|DERMLEX:1973 ""leukocyte adhesion deficiency""|DOID:6612 ""leukocyte adhesion deficiency""|OMIM:600065 ""leukocyte adhesion deficiency""",DERMO:0003287,,False
DERMO:0000726,leukocyte adhesion deficiency type 1,,LAD1,,DERMO:0000725,,False
DERMO:0000727,leukocyte adhesion deficiency type 2,,LAD2,,DERMO:0000725,,False
DERMO:0000728,leukocyte adhesion deficiency type 3,,LAD3,,DERMO:0000725,,False
DERMO:0000729,omenn syndrome,,,"DERMLEX:1955 ""severe combined immunodeficienc""|DOID:0060010 ""omenn syndrome""|OMIM:179615 ""omenn syndrome""|OMIM:179616 ""omenn syndrome""|OMIM:605988 ""omenn syndrome""",DERMO:0003381,,False
DERMO:0000730,WHIM syndrome,,"warts, hypogammaglobulinemia, infections and myelokathexis syndrome","OMIM:162643 ""whim syndrome""",DERMO:0003368,,False
DERMO:0000731,wiskott-alrdich syndrome,,eczema-thrombocytopenia-immunodeficiency syndrome|WAS|wiskott-aldrich-huntley syndrome,,DERMO:0003287,,False
DERMO:0000732,neurofibromatosis,,,"SNOMEDCT_US_2015_03_01:81669005 ""neurofibromatosis""|SNOMEDCT_US_2015_03_01:154642000 ""neurofibromatosis""|DERMLEX:2936 ""neurofibromatosis""|DOID:8712 ""neurofibromatosis""|HP:0001067 ""neurofibromatosis""",DERMO:0000567|DERMO:0003398,,False
DERMO:0000733,basal cell carcinoma,,BCC,"SNOMEDCT_US_2015_03_01:154507009 ""basal cell carcinoma""|SNOMEDCT_US_2015_03_01:188083002 ""basal cell carcinoma""|SNOMEDCT_US_2015_03_01:1338007 ""basal cell carcinoma""|SNOMEDCT_US_2015_03_01:269582000 ""basal cell carcinoma""|DERMLEX:797 ""basal cell carcinoma""|DOID:2513 ""basal cell carcinoma""|HP:0002671 ""basal cell carcinoma""|MP:0004208 ""basal cell carcinoma""",DERMO:0000395|DERMO:0002340,,False
DERMO:0000734,squamous cell carcinoma in situ,,SCC in situ,"SNOMEDCT_US_2015_03_01:189565007 ""squamous cell carcinoma in situ""|SNOMEDCT_US_2015_03_01:59529006 ""squamous cell carcinoma in situ""",DERMO:0000395,,False
DERMO:0000735,arsenic-induced squamous cell carcinoma in situ,,,,DERMO:0000734,,False
DERMO:0000737,pigmented squamous cell carcinoma in situ,,pigmented  SCC in situ,,DERMO:0000734,,False
DERMO:0000738,verrucous squamous cell carcinoma in situ,,verrucous SCC in situ,,DERMO:0000734,,False
DERMO:0000739,invasive cutaneous squamous cell carcinoma,,invasive cutaneous SCC|SCC,"MP:0004207 ""invasive cutaneous squamous cell carcinoma""",DERMO:0000395|DERMO:0002340,,False
DERMO:0000740,invasive cutaneous squamous cell carcinoma stage 1,,,,DERMO:0000739,,False
DERMO:0000741,invasive cutaneous squamous cell carcinoma stage 2,,,,DERMO:0000739,,False
DERMO:0000742,invasive cutaneous squamous cell carcinoma stage 0,,,,DERMO:0000739,,False
DERMO:0000743,invasive cutaneous squamous cell carcinoma stage 3,,,,DERMO:0000739,,False
DERMO:0000744,invasive cutaneous squamous cell carcinoma stage 4,,,,DERMO:0000739,,False
DERMO:0000745,keratoacanthoma,,KA,"SNOMEDCT_US_2015_03_01:156395005 ""keratoacanthoma""|SNOMEDCT_US_2015_03_01:201061007 ""keratoacanthoma""|SNOMEDCT_US_2015_03_01:201064004 ""keratoacanthoma""|SNOMEDCT_US_2015_03_01:254662007 ""keratoacanthoma""|SNOMEDCT_US_2015_03_01:267858008 ""keratoacanthoma""|SNOMEDCT_US_2015_03_01:58220003 ""keratoacanthoma""|DERMLEX:747 ""keratoacanthoma""|DOID:3149 ""keratoacanthoma""",DERMO:0000395,,False
DERMO:0000746,solitary keratoacanthoma,,,"SNOMEDCT_US_2015_03_01:254663002 ""solitary keratoacanthoma""",DERMO:0000745,,False
DERMO:0000747,multiple keratoacanthoma,,,,DERMO:0000745,,False
DERMO:0000748,grouped keratoacanthoma,,,,DERMO:0000745,,False
DERMO:0000749,keratoacanthoma centrifugum marginatum,,,"DERMLEX:770 ""keratoacanthoma centrifugum marginatum""",DERMO:0000745,,False
DERMO:0000750,giant keratoacanthoma,,,"SNOMEDCT_US_2015_03_01:403907002 ""giant keratoacanthoma""|DERMLEX:769 ""giant keratoacanthoma""",DERMO:0000745,,False
DERMO:0000752,intraoral keratoacanthoma,,,,DERMO:0000745,,False
DERMO:0000753,multiple spontaneously regressing keratoacanthoma,,ferguson-smith keratoacanthoma,,DERMO:0000745,,False
DERMO:0000754,multiple non-regressing keratoacanthoma,,,,DERMO:0000745,,False
DERMO:0000755,generalized eruptive keratoacanthoma,,grzybowski keratoacanthoma,"SNOMEDCT_US_2015_03_01:254664008 ""generalized eruptive keratoacanthoma""",DERMO:0000745,,False
DERMO:0000756,keratoacanthoma associated with muir-torre syndrome,,,,DERMO:0000745,,False
DERMO:0000757,keratoacanthoma associated with chemical exposure,,,,DERMO:0000745,,False
DERMO:0000758,keratoacanthoma associated with immunosuppression,,,,DERMO:0000745,,False
DERMO:0000759,keratoacanthoma associated with HPV infection,,,,DERMO:0000745,,False
DERMO:0000760,verrucous carcinoma,,,"SNOMEDCT_US_2015_03_01:89906000 ""verrucous carcinoma""|DERMLEX:835 ""verrucous  squamous cell carcinoma""|DOID:3737 ""verrucous carcinoma""",DERMO:0000395,,False
DERMO:0000761,epithelioma cuniculatum type,,,,DERMO:0000760,,False
DERMO:0000762,giant condyloma acuminatum of the genitalia,,buschke-lowenstein tumor,,DERMO:0000760|DERMO:0002343,,False
DERMO:0000764,lymphoepithelioma-like carcinoma of the skin,,LELCS,,DERMO:0000395,,False
DERMO:0000765,nodular basal cell carcinoma,,,"SNOMEDCT_US_2015_03_01:403910009 ""nodular basal cell carcinoma""|DERMLEX:800 ""nodular basal cell carcinoma""|DOID:4280 ""nodular basal cell carcinoma""",DERMO:0000733,,False
DERMO:0000766,superficial basal cell carcinoma,,,"SNOMEDCT_US_2015_03_01:403914000 ""superficial basal cell carcinoma""|DERMLEX:803 ""superficial basal cell carcinoma""|DOID:4300 ""superficial basal cell carcinoma""",DERMO:0000733,,False
DERMO:0000767,morpheaform basal cell carcinoma,,,"SNOMEDCT_US_2015_03_01:134152008 ""morpheaform basal cell carcinoma""|DERMLEX:818 ""infiltrating sclerosing basal cell carcinoma""|DOID:4292 ""morpheaform basal cell carcinoma""",DERMO:0000733,,False
DERMO:0000768,fibroepithelial basal cell carcinoma,,fibroepithelioma of pinkus,"SNOMEDCT_US_2015_03_01:43369006 ""fibroepithelial basal cell carcinoma""|DOID:4291 ""fibroepithelial basal cell carcinoma""",DERMO:0000733,,False
DERMO:0000769,basosquamous carcinoma,,metatypical BCC,"SNOMEDCT_US_2015_03_01:37304002 ""basosquamous carcinoma""|DERMLEX:814 ""basosquamous basal cell carcinoma""|DOID:5063 ""basosquamous carcinoma""",DERMO:0000733,,False
DERMO:0000770,micronodular basal cell carcinoma,,,"DERMLEX:801 ""micronodular basal cell carcinoma""|DOID:4289 ""micronodular basal cell carcinoma""",DERMO:0000733,,False
DERMO:0000771,benign epidermal tumor or proliferation,,,,DERMO:0000116,,False
DERMO:0000772,multiple benign epidermal tumor or proliferation,,,,DERMO:0000771,,False
DERMO:0000773,solitary benign epidermal tumor or proliferation,,,,DERMO:0000771,,False
DERMO:0000774,linear benign epidermal tumor or proliferation,,,,DERMO:0000771,,False
DERMO:0000775,seborrheic keratosis,,SK,"SNOMEDCT_US_2015_03_01:398838000 ""seborrheic keratosis""|SNOMEDCT_US_2015_03_01:201096007 ""seborrheic keratosis""|SNOMEDCT_US_2015_03_01:25499005 ""seborrheic keratosis""|DERMLEX:753 ""seborrheic keratosis""|DOID:6498 ""seborrheic keratosis""",DERMO:0000772,,False
DERMO:0000776,lichenoid keratosis,,benign lichenoid keratosis|BLK|lichen planus-like keratosis|LPLK|SLK|solitary lichen planus|solitary lichenoid keratosis,"SNOMEDCT_US_2015_03_01:403198004 ""lichenoid keratosis""",DERMO:0000772|DERMO:0000773,,False
DERMO:0000777,acanthotic seborrheic keratosis,,,"DERMLEX:763 ""acanthotic seborrheic keratosis""",DERMO:0000775,,False
DERMO:0000778,hyperkeratotic seborrheic keratosis,,,"DERMLEX:767 ""hyperkeratotic seborrheic keratosis""",DERMO:0000775,,False
DERMO:0000779,reticulated seborrheic keratosis,,adenoid seborrheic keratosis,,DERMO:0000775,,False
DERMO:0000780,inflamed seborrheic keratosis,,irritated seborrheic keratosis,"SNOMEDCT_US_2015_03_01:442348004 ""inflamed seborrheic keratosis""|DOID:11685 ""inflamed seborrheic keratosis""",DERMO:0000775,,False
DERMO:0000781,clonal seborrheic keratosis,,,,DERMO:0000775,,False
DERMO:0000782,dermatosis papulosa nigra,,DPN,"SNOMEDCT_US_2015_03_01:103672009 ""dermatosis papulosa nigra""|SNOMEDCT_US_2015_03_01:254669003 ""dermatosis papulosa nigra""|SNOMEDCT_US_2015_03_01:25499005 ""dermatosis papulosa nigra""|DERMLEX:754 ""dermatosis papulosa nigra""|DOID:4400 ""dermatosis papulosa nigra""",DERMO:0000772,,False
DERMO:0000783,stucco keratosis,,keratosis alba,"SNOMEDCT_US_2015_03_01:103671002 ""stucco keratosis""|SNOMEDCT_US_2015_03_01:403869001 ""stucco keratosis""|SNOMEDCT_US_2015_03_01:25499005 ""stucco keratosis""|DERMLEX:743 ""stucco keratosis""",DERMO:0000772,,False
DERMO:0000784,porokeratosis,,,"SNOMEDCT_US_2015_03_01:80432009 ""porokeratosis""|SNOMEDCT_US_2015_03_01:400080004 ""porokeratosis""|SNOMEDCT_US_2015_03_01:238630009 ""porokeratosis""|DERMLEX:2057 ""porokeratosis""|DOID:3805 ""porokeratosis""|HP:0200044 ""porokeratosis""",DERMO:0000771,,False
DERMO:0000785,porokeratosis of mibelli,,,"SNOMEDCT_US_2015_03_01:80432009 ""porokeratosis of mibelli""|SNOMEDCT_US_2015_03_01:201087007 ""porokeratosis of mibelli""|DERMLEX:2134 ""porokeratosis of mibelli""",DERMO:0000784,,False
DERMO:0000786,disseminated superficial actinic porokeratosis,,DSAP,"SNOMEDCT_US_2015_03_01:201086003 ""disseminated superficial actinic porokeratosis""|SNOMEDCT_US_2015_03_01:41495000 ""disseminated superficial actinic porokeratosis""|DERMLEX:3080 ""disseminated superficial actinic porokeratosis""|DOID:3805 ""disseminated superficial actinic porokeratosis""",DERMO:0000772|DERMO:0000784,,False
DERMO:0000787,linear porokeratosis,,,"SNOMEDCT_US_2015_03_01:238631008 ""linear porokeratosis""|DERMLEX:2136 ""linear porokeratosis""",DERMO:0000774|DERMO:0000784|DERMO:0003407,,False
DERMO:0000788,punctate porokeratosis,,,"DERMLEX:2139 ""punctate porokeratosis""",DERMO:0000784,,False
DERMO:0000789,porokeratosis palmaris et plantaris disseminata,,PPPD,"DERMLEX:3073 ""porokeratosis palmaris et plantaris disseminata""",DERMO:0000772|DERMO:0000784,,False
DERMO:0000790,porokeratosis ptychotropica,,,,DERMO:0000784,,False
DERMO:0000791,reticular porokeratosis,,,,DERMO:0000784,,False
DERMO:0000792,porokeratosis of mibelli without immunocompromisation,,,,DERMO:0000784,,False
DERMO:0000793,follicular prorkeratosis,,,,DERMO:0000784,,False
DERMO:0000794,flegel disease,,hyperkeratosis lenticularis perstans,"DERMLEX:2070 ""hyperkeratosis lenticularis perstans""|HP:0007570 ""flegel disease""",DERMO:0000772,,False
DERMO:0000795,acrokeratosis verruciformis,,acrokeratosis verruciformis of hopf,"SNOMEDCT_US_2015_03_01:17973008 ""acrokeratosis verruciformis""|DERMLEX:3079 ""acrokeratosis verruciformis""|DOID:0050606 ""acrokeratosis verruciformis""|OMIM:108740 ""acrokeratosis verruciformis""",DERMO:0000772,,False
DERMO:0000796,cutaneous horn,,,"SNOMEDCT_US_2015_03_01:403871001 ""cutaneous horn""|SNOMEDCT_US_2015_03_01:156397002 ""cutaneous horn""|SNOMEDCT_US_2015_03_01:49417009 ""cutaneous horn""|DERMLEX:742 ""cutaneous horn""",DERMO:0000773,,False
DERMO:0000797,clear cell acanthoma,,degos' acanthoma,"SNOMEDCT_US_2015_03_01:65540008 ""clear cell acanthoma""|SNOMEDCT_US_2015_03_01:254670002 ""clear cell acanthoma""|DERMLEX:756 ""clear cell acanthoma""|DOID:172 ""clear cell acanthoma""",DERMO:0000773,,False
DERMO:0000798,inverted follicular keratosis,,IFK,"SNOMEDCT_US_2015_03_01:394728005 ""inverted follicular keratosis""|SNOMEDCT_US_2015_03_01:15112009 ""inverted follicular keratosis""|SNOMEDCT_US_2015_03_01:201096007 ""inverted follicular keratosis""|DOID:6945 ""inverted follicular keratosis""",DERMO:0000773,,False
DERMO:0000799,warty dyskeratoma,,isolated darier's disease,"SNOMEDCT_US_2015_03_01:22524002 ""warty dyskeratoma""|SNOMEDCT_US_2015_03_01:254676008 ""warty dyskeratoma""|DERMLEX:752 ""warty dyskeratoma""",DERMO:0000773,,False
DERMO:0000800,acantholytic (dyskeratotic) acanthoma,,,,DERMO:0000773,,False
DERMO:0000801,epidermolytic acanthoma,,,"DERMLEX:751 ""epidermolytic acanthoma""|DOID:4323 ""epidermolytic acanthoma""",DERMO:0000773,,False
DERMO:0000802,epidermolytic acanthoma isolated form,,,,DERMO:0000801,,False
DERMO:0000803,epidermolytic acanthoma disseminated form,,,,DERMO:0000801,,False
DERMO:0000804,large cell acanthoma,,,"DERMLEX:758 ""large cell acanthoma""|DOID:4321 ""large cell acanthoma""",DERMO:0000773,,False
DERMO:0000805,epidermal nevus,,,"SNOMEDCT_US_2015_03_01:239107007 ""epidermal nevus""|SNOMEDCT_US_2015_03_01:25201003 ""epidermal nevus""|SNOMEDCT_US_2015_03_01:729000 ""epidermal nevus""|DERMLEX:731 ""epidermal nevus""|DOID:0050532 ""epidermal nevus""|HP:0010816 ""epidermal nevus""",DERMO:0000774,,False
DERMO:0000806,nevus verrucosus,,,"SNOMEDCT_US_2015_03_01:398723007 ""nevus verrucosus""|SNOMEDCT_US_2015_03_01:729000 ""nevus verrucosus""",DERMO:0000805,,False
DERMO:0000807,nevus unius lateris,,,"SNOMEDCT_US_2015_03_01:239108002 ""nevus unius lateris""|SNOMEDCT_US_2015_03_01:729000 ""nevus unius lateris""|DERMLEX:748 ""localized epidermal nevus""",DERMO:0000806,,False
DERMO:0000808,ichthyosis hystrix,,porcupine man|systematized epidermal nevus|systematized verrucous nevus,"SNOMEDCT_US_2015_03_01:67510007 ""ichthyosis hystrix""|DERMLEX:3018 ""ichthyosis hystrix""",DERMO:0000015|DERMO:0000805|DERMO:0000806,,False
DERMO:0000809,inflammatory linear verrucous epidermal nevus,,dermatitic epidermal nevus|ILVEN,"SNOMEDCT_US_2015_03_01:399995006 ""inflammatory linear verrucous epidermal nevus""|SNOMEDCT_US_2015_03_01:239109005 ""inflammatory linear verrucous epidermal nevus""|SNOMEDCT_US_2015_03_01:729000 ""inflammatory linear verrucous epidermal nevus""|DERMLEX:732 ""inflammatory linear verrucous epidermal nevus""",DERMO:0000774|DERMO:0000805|DERMO:0003416,,False
DERMO:0000810,nevus comedonicus,,comedo nevus,"SNOMEDCT_US_2015_03_01:35962006 ""nevus comedonicus""|DERMLEX:735 ""nevus comedonicus""",DERMO:0000774|DERMO:0003407,,False
DERMO:0000811,acanthosis nigricans,,,"SNOMEDCT_US_2015_03_01:72129000 ""acanthosis nigricans""|SNOMEDCT_US_2015_03_01:402599005 ""acanthosis nigricans""|DERMLEX:2797 ""acanthosis nigricans""|DOID:3138 ""acanthosis nigricans""|HP:0000956 ""acanthosis nigricans""|ICD10:L83 ""acanthosis nigricans""",DERMO:0000771,,False
DERMO:0000812,cyst,,,"SNOMEDCT_US_2015_03_01:103552005 ""cyst""|SNOMEDCT_US_2015_03_01:133846001 ""cyst""|SNOMEDCT_US_2015_03_01:12494005 ""cyst""|SNOMEDCT_US_2015_03_01:441457006 ""cyst""|SNOMEDCT_US_2015_03_01:264515009 ""cyst""|SNOMEDCT_US_2015_03_01:367643001 ""cyst""|DERMLEX:4975 ""cyst""",DERMO:0000116,,False
DERMO:0000813,cyst with a lining of stratified squamous epithelium,,,,DERMO:0000812,,False
DERMO:0000814,epidermoid cyst,,epidermal cyst|epidermal inclusion cyst|epidermoid inclusion cyst|infundibular cyst,"SNOMEDCT_US_2015_03_01:87595009 ""epidermoid cyst""|SNOMEDCT_US_2015_03_01:390837006 ""epidermoid cyst""|SNOMEDCT_US_2015_03_01:156420007 ""epidermoid cyst""|SNOMEDCT_US_2015_03_01:419893006 ""epidermoid cyst""|SNOMEDCT_US_2015_03_01:419670003 ""epidermoid cyst""|SNOMEDCT_US_2015_03_01:416292009 ""epidermoid cyst""|SNOMEDCT_US_2015_03_01:201231006 ""epidermoid cyst""|DERMLEX:853 ""epidermal cyst""|HP:0200040 ""epidermoid cyst""|ICD10:L72.0 ""epidermoid cyst""|MP:0003414 ""epidermoid cyst""",DERMO:0000813,,False
DERMO:0000815,milium,,,"SNOMEDCT_US_2015_03_01:37719003 ""milium""|DERMLEX:843 ""milium""",DERMO:0000813,,False
DERMO:0000816,trichilemmal cyst,,isthmus-catagen cyst|pilar cyst|wen,"SNOMEDCT_US_2015_03_01:87373006 ""trichilemmal cyst""|SNOMEDCT_US_2015_03_01:419093005 ""trichilemmal cyst""|SNOMEDCT_US_2015_03_01:201232004 ""trichilemmal cyst""|SNOMEDCT_US_2015_03_01:201234003 ""trichilemmal cyst""|SNOMEDCT_US_2015_03_01:254677004 ""trichilemmal cyst""|DERMLEX:854 ""trichilemmal cyst""|ICD10:L72.1 ""trichilemmal cyst""|MP:0009042 ""trichilemmal cyst""",DERMO:0000813,,False
DERMO:0000817,proliferating trichilemmal cyst,,proliferating follicular cystic neoplasm|proliferating pilar tumour|proliferating trichilemmal tumour,"SNOMEDCT_US_2015_03_01:128638007 ""proliferating trichilemmal cyst""|SNOMEDCT_US_2015_03_01:254678009 ""proliferating trichilemmal cyst""",DERMO:0000816,,False
DERMO:0000818,proliferating epidermoid cyst,,proliferating epithelial cyst,"DERMLEX:4732 ""proliferating epidermoid cyst""",DERMO:0000814,,False
DERMO:0000819,vellus hair cyst,,,"SNOMEDCT_US_2015_03_01:254684007 ""vellus hair cyst""",DERMO:0000813,,False
DERMO:0000820,steatocystoma,,,"SNOMEDCT_US_2015_03_01:87373006 ""steatocystoma""|DERMLEX:857 ""steatocystoma""",DERMO:0000813,,False
DERMO:0000821,steatocystoma simplex,,,"SNOMEDCT_US_2015_03_01:429358008 ""steatocystoma simplex""|DERMLEX:857 ""steatocystoma""",DERMO:0000820,,False
DERMO:0000822,cutaneous keratocyst,,isthmic-anagen cyst|sebaceous duct cyst,"DERMLEX:862 ""cutaneous keratocyst""",DERMO:0000813,,False
DERMO:0000823,pigmented follicular cyst,,,"DERMLEX:858 ""pigmented follicular cyst""",DERMO:0000813,,False
DERMO:0000824,dermoid cyst,,,"SNOMEDCT_US_2015_03_01:72277008 ""dermoid cyst""|SNOMEDCT_US_2015_03_01:123151001 ""dermoid cyst""|SNOMEDCT_US_2015_03_01:416529009 ""dermoid cyst""|SNOMEDCT_US_2015_03_01:419952004 ""dermoid cyst""|SNOMEDCT_US_2015_03_01:189117002 ""dermoid cyst""|SNOMEDCT_US_2015_03_01:269641006 ""dermoid cyst""|DERMLEX:859 ""dermoid cyst""|DOID:2658 ""dermoid cyst""",DERMO:0000813|DERMO:0003442|DERMO:0003462,,False
DERMO:0000825,verrucous cyst,,,"DERMLEX:855 ""verrucous cyst""",DERMO:0000813,,False
DERMO:0000826,ear pit cyst,,congenital auricular fistula|periauricular cyst|periauricular fistula,,DERMO:0000813,,False
DERMO:0000827,cyst with a non-stratified squamous lining,,,,DERMO:0000812,,False
DERMO:0000828,cyst without an epithelial lining,,,,DERMO:0000812,,False
DERMO:0000829,hidrocystoma,,cystadenoma|moll's gland cyst|sudoriferous gland,"SNOMEDCT_US_2015_03_01:80549000 ""hidrocystoma""|DOID:2634 ""hidrocystoma""|DOID:3893 ""hidrocystoma""",DERMO:0000827,,False
DERMO:0000830,eccrine hidrocystoma,,,"SNOMEDCT_US_2015_03_01:254716005 ""eccrine hidrocystoma""",DERMO:0000829,,False
DERMO:0000831,apocrine hidrocystoma,,,"SNOMEDCT_US_2015_03_01:254725004 ""apocrine hidrocystoma""",DERMO:0000829,,False
DERMO:0000832,bronchogenic cyst,,,"SNOMEDCT_US_2015_03_01:9550003 ""bronchogenic cyst""|DERMLEX:844 ""bronchogenic cyst""|HP:0100730 ""bronchogenic cyst""",DERMO:0000827,,False
DERMO:0000833,thyroglossal duct cyst,,,"SNOMEDCT_US_2015_03_01:39462005 ""thyroglossal duct cyst""|DERMLEX:845 ""thyroglossal duct cyst""",DERMO:0000827,,False
DERMO:0000834,branchial cleft cyst,,lateral cervical cyst|lymphoepithelial cyst,"SNOMEDCT_US_2015_03_01:59857007 ""branchial cleft cyst""|DERMLEX:866 ""branchial cleft cyst""|HP:0009796 ""branchial cleft cyst""",DERMO:0000827,,False
DERMO:0000835,cutaneous ciliated cyst,,cutaneous ciliated cystadenoma|cutaneous mullerian cyst,"SNOMEDCT_US_2015_03_01:239149002 ""cutaneous ciliated cyst""|DERMLEX:846 ""cutaneous ciliated cyst""",DERMO:0000827,,False
DERMO:0000836,ciliated cyst of the vulva,,paramesonephric mucinous cyst of the vulva,,DERMO:0000827,,False
DERMO:0000837,median raphe cyst,,apocrine cystadenoma of the penis,,DERMO:0000827,,False
DERMO:0000838,omphalomesenteric duct cyst,,omphalomesenteric duct remnant|vitelline cyst,"SNOMEDCT_US_2015_03_01:80880002 ""omphalomesenteric duct cyst""|DERMLEX:848 ""omphalomesenteric duct cyst""",DERMO:0000827,,False
DERMO:0000841,ganglion,,ganglion cyst|synovial cyst,"SNOMEDCT_US_2015_03_01:71307009 ""ganglion""|SNOMEDCT_US_2015_03_01:123251009 ""ganglion""|SNOMEDCT_US_2015_03_01:156687004 ""ganglion""|SNOMEDCT_US_2015_03_01:270543007 ""ganglion""|ICD10:M67.4 ""ganglion""",DERMO:0000828,,False
DERMO:0000842,pseudocyst of the auricle,,cystic chondromalachia|endochondral pseudocyst|intracartilaginous cyst,"DERMLEX:3816 ""pseudocyst of the auricle""",DERMO:0000828,,False
DERMO:0000843,cutaneous metaplasmic synovial cyst,,,,DERMO:0000828,,False
DERMO:0000844,dilated pore of winar,,,,DERMO:0000813,,False
DERMO:0000845,pilar sheath acanthoma,,,"SNOMEDCT_US_2015_03_01:254693008 ""pilar sheath acanthoma""|DERMLEX:877 ""pilar sheath acanthoma""|DOID:4322 ""pilar sheath acanthoma""",DERMO:0000813,,False
DERMO:0000846,bohn's nodules,,,"SNOMEDCT_US_2015_03_01:333833009 ""bohn's nodules""",DERMO:0000815,,False
DERMO:0000847,epstein's pearls,,,"SNOMEDCT_US_2015_03_01:367465006 ""epstein's pearls""|SNOMEDCT_US_2015_03_01:333833009 ""epstein's pearls""",DERMO:0000815,,False
DERMO:0000848,milia en plaque,,,"DERMLEX:2395 ""milia en plaque""",DERMO:0000815,,False
DERMO:0000849,follicular hybrid cyst,,hybrid cyst,,DERMO:0000813,,False
DERMO:0000850,pillonidal cyst,,barber's interdigital pilonidal sinus|pilonidal disease|pilonidal sinus,"HP:0010769 ""pillonidal cyst""",DERMO:0000813|DERMO:0003068,,False
DERMO:0000851,urachal cyst,,,"SNOMEDCT_US_2015_03_01:17234001 ""urachal cyst""|HP:0012618 ""urachal cyst""",DERMO:0000827,,False
DERMO:0000852,cystic ganglionosis,,,,DERMO:0000107,,False
DERMO:0000853,adnexal neoplasm,,,,DERMO:0000116,,False
DERMO:0000854,neoplasm or proliferation of follicular lineage,,,,DERMO:0000853,,False
DERMO:0000855,follicular or folliculosebaceous-apocrine hamartoma,,,,DERMO:0000854,,False
DERMO:0000856,hair follicle nevus,,,"SNOMEDCT_US_2015_03_01:239127008 ""hair follicle nevus""|DERMLEX:873 ""hair follicle nevus""",DERMO:0000855,,False
DERMO:0000857,trichofolliculoma,,,"SNOMEDCT_US_2015_03_01:274899008 ""trichofolliculoma""|SNOMEDCT_US_2015_03_01:33059009 ""trichofolliculoma""|DERMLEX:876 ""trichofolliculoma""",DERMO:0000855,,False
DERMO:0000858,fibrofolliculoma,,,"SNOMEDCT_US_2015_03_01:110984002 ""fibrofolliculoma""|SNOMEDCT_US_2015_03_01:128683008 ""fibrofolliculoma""|SNOMEDCT_US_2015_03_01:254699007 ""fibrofolliculoma""|DERMLEX:878 ""fibrofolliculoma""",DERMO:0000855,,False
DERMO:0000859,perifollicular fibroma,,,"SNOMEDCT_US_2015_03_01:110984002 ""perifollicular fibroma""|SNOMEDCT_US_2015_03_01:128683008 ""perifollicular fibroma""|SNOMEDCT_US_2015_03_01:254698004 ""perifollicular fibroma""|DERMLEX:1302 ""follicular fibroma""",DERMO:0000855,,False
DERMO:0000860,trichodiscoma,,,"SNOMEDCT_US_2015_03_01:128683008 ""trichodiscoma""|SNOMEDCT_US_2015_03_01:254700008 ""trichodiscoma""|DERMLEX:879 ""trichodiscoma""",DERMO:0000855,,False
DERMO:0000861,nevus sebaceous,,,"SNOMEDCT_US_2015_03_01:707136009 ""nevus sebaceous""|HP:0010815 ""nevus sebaceous""",DERMO:0000855,,False
DERMO:0000862,cutaneous mixed tumor,,chondroid syringoma,,DERMO:0000855,,False
DERMO:0000863,neoplasm or proliferation with follicular germinative differentiation,,,,DERMO:0000854,,False
DERMO:0000864,trichoblastoma,,,"SNOMEDCT_US_2015_03_01:277942005 ""trichoblastoma""|DERMLEX:892 ""trichoblastoma""",DERMO:0000863,,False
DERMO:0000865,trichoepithelioma,,,"SNOMEDCT_US_2015_03_01:274898000 ""trichoepithelioma""|SNOMEDCT_US_2015_03_01:59186007 ""trichoepithelioma""|DERMLEX:880 ""trichoepithelioma""|MP:0002732 ""trichoepithelioma""",DERMO:0000864,,False
DERMO:0000866,trichogerminoma,,,"SNOMEDCT_US_2015_03_01:403932000 ""trichogerminoma""",DERMO:0000864,,False
DERMO:0000867,trichoblastic fibroma,,,"DERMLEX:892 ""trichoblastoma""",DERMO:0000864,,False
DERMO:0000868,lymphadenoma,,adamantinoid trichoblastoma,,DERMO:0000864,,False
DERMO:0000869,desmoplastic trichoblastoma,,desmoplastic trichoepithelioma,,DERMO:0000863,,False
DERMO:0000870,neoplasm or proliferation with matrical differentiation,,,,DERMO:0000854,,False
DERMO:0000871,pilomatricoma,,calcifying epithelioma|pilomatrixoma|trichomatrioma,"SNOMEDCT_US_2015_03_01:44155009 ""pilomatricoma""|SNOMEDCT_US_2015_03_01:274901004 ""pilomatricoma""|DERMLEX:882 ""pilomatricoma""|DOID:5374 ""pilomatricoma""|MP:0002013 ""pilomatricoma""",DERMO:0000870,,False
DERMO:0000872,pilomatrical carcinoma,,matrical carcinoma,,DERMO:0000870,,False
DERMO:0000873,neoplasm or proliferation with follicular sheath differentiation,,neoplasm or proliferation with trichilemmal differentiation,,DERMO:0000854,,False
DERMO:0000874,trichilemmoma,,tricholemmoma,"SNOMEDCT_US_2015_03_01:274900003 ""trichilemmoma""|SNOMEDCT_US_2015_03_01:46199002 ""trichilemmoma""|DERMLEX:883 ""trichilemmoma""|HP:0012844 ""trichilemmoma""",DERMO:0000873,,False
DERMO:0000875,desmoplastic trichilemmoma,,,"SNOMEDCT_US_2015_03_01:403928006 ""desmoplastic trichilemmoma""|DERMLEX:895 ""desmoplastic trichilemmoma""",DERMO:0000874,,False
DERMO:0000876,trichilemmal carcinoma,,,"SNOMEDCT_US_2015_03_01:403929003 ""trichilemmal carcinoma""|SNOMEDCT_US_2015_03_01:128624000 ""trichilemmal carcinoma""|DERMLEX:902 ""trichilemmal carcinoma""",DERMO:0000873,,False
DERMO:0000877,neoplasm or proliferation with superficial follicular (infundibular or isthmic) differentiation,,,,DERMO:0000854,,False
DERMO:0000878,tumor of follicular infundibulum,,infundibuloma|isthmicoma|TFI,"SNOMEDCT_US_2015_03_01:254694002 ""tumor of follicular infundibulum""",DERMO:0000877,,False
DERMO:0000879,trichoadenoma,,trichoadenoma of nikolowski,"SNOMEDCT_US_2015_03_01:254695001 ""trichoadenoma""|DERMLEX:881 ""trichoadenoma""",DERMO:0000877,,False
DERMO:0000880,proliferating pilar tumor,,PFCN|PPT|proliferating follicular-cystic neoplasm|proliferating pilar cyst,"DERMLEX:864 ""trichilemmal proliferating cyst""",DERMO:0000877,,False
DERMO:0000881,proliferating follicular-cystic acanthoma,,benign proliferating follicular-cystic neoplasm|PFCA,,DERMO:0000880,,False
DERMO:0000882,proliferating follicular-cystic carcinoma,,malignant proliferating follicular-cystic neoplasm|PFCC,,DERMO:0000880,,False
DERMO:0000883,neoplasm or proliferation with sebaceous differentiation,,,,DERMO:0000853,,False
DERMO:0000884,sebaceous gland hyperplasia,,SGH,"SNOMEDCT_US_2015_03_01:238748009 ""sebaceous gland hyperplasia""|MP:0009794 ""sebaceous gland hyperplasia""",DERMO:0000883,,False
DERMO:0000885,sebaceous adenoma,,sebaceous epithelioma,"SNOMEDCT_US_2015_03_01:78424008 ""sebaceous adenoma""|DERMLEX:910 ""sebaceous adenoma""|DOID:2648 ""sebaceous adenoma""",DERMO:0000883,,False
DERMO:0000886,sebaceoma,,,"SNOMEDCT_US_2015_03_01:403933005 ""sebaceoma""|DERMLEX:911 ""sebaceoma""",DERMO:0000885,,False
DERMO:0000887,sebaceous carcinoma,,adenocarcinoma with sebaceous differentiation,"SNOMEDCT_US_2015_03_01:307599002 ""sebaceous carcinoma""|SNOMEDCT_US_2015_03_01:54734006 ""sebaceous carcinoma""|DERMLEX:912 ""sebaceous adenocarcinoma""|DOID:4839 ""sebaceous carcinoma""|DOID:4840 ""sebaceous carcinoma""",DERMO:0000883,,False
DERMO:0000888,ocular sebaceous carcinoma,,,,DERMO:0000887,,False
DERMO:0000889,extraocular sebaceous carcinoma,,,,DERMO:0000887,,False
DERMO:0000890,neoplasm or proliferation with apocrine differentiation,,,,DERMO:0000853,,False
DERMO:0000891,benign neoplasm or proliferation with apocrine ductular or tubular differentiation,,,,DERMO:0000890,,False
DERMO:0000892,syringoma,,,"SNOMEDCT_US_2015_03_01:71244007 ""syringoma""|SNOMEDCT_US_2015_03_01:189051001 ""syringoma""|SNOMEDCT_US_2015_03_01:302828001 ""syringoma""|DERMLEX:933 ""syringoma""|DOID:2065 ""syringoma""",DERMO:0000891,,False
DERMO:0000893,poroma,,acrospiroma,"MP:0009877 ""poroma""",DERMO:0000891|DERMO:0000921,,False
DERMO:0000894,hidradenoma,,,"SNOMEDCT_US_2015_03_01:81393009 ""hidradenoma""|SNOMEDCT_US_2015_03_01:253020008 ""hidradenoma""|DOID:3896 ""hidradenoma""",DERMO:0000891,,False
DERMO:0000895,apocrine adenoma,,,"SNOMEDCT_US_2015_03_01:307596009 ""apocrine adenoma""|SNOMEDCT_US_2015_03_01:36318001 ""apocrine adenoma""|DERMLEX:922 ""apocrine adenoma""|DOID:3895 ""apocrine adenoma""",DERMO:0000891,,False
DERMO:0000896,tubular adenoma,,,"SNOMEDCT_US_2015_03_01:444408007 ""tubular adenoma""|SNOMEDCT_US_2015_03_01:19665009 ""tubular adenoma""",DERMO:0000895,,False
DERMO:0000897,papillary adenoma,,,"SNOMEDCT_US_2015_03_01:86143001 ""papillary adenoma""|DOID:3172 ""papillary adenoma""",DERMO:0000895,,False
DERMO:0000898,syringocystadenoma papilliferum,,,"SNOMEDCT_US_2015_03_01:8934006 ""syringocystadenoma papilliferum""|SNOMEDCT_US_2015_03_01:239121009 ""syringocystadenoma papilliferum""|DERMLEX:920 ""syringocystadenoma papilliferum""|DOID:5445 ""syringocystadenoma papilliferum""",DERMO:0000895,,False
DERMO:0000899,hiradenoma papilliferum,,papillary hiradenoma,,DERMO:0000895,,False
DERMO:0000900,undifferentiated neoplasm of apocrine lineage,,,,DERMO:0000890,,False
DERMO:0000901,spiradenoma,Eccrine and apocrine.,,"SNOMEDCT_US_2015_03_01:403938001 ""spiradenoma""|SNOMEDCT_US_2015_03_01:4977000 ""spiradenoma""|DOID:5444 ""spiradenoma""",DERMO:0000900|DERMO:0000922,,False
DERMO:0000902,cylindroma,,,"SNOMEDCT_US_2015_03_01:302827006 ""cylindroma""",DERMO:0000900|DERMO:0000922,,False
DERMO:0000903,solitary cylindroma,,,,DERMO:0000902,,False
DERMO:0000904,multiple cylindromas,,turban tumor,,DERMO:0000902,,False
DERMO:0000905,carcinoma of apocrine lineage,,,,DERMO:0000900,,False
DERMO:0000906,porocarcinoma,,,"SNOMEDCT_US_2015_03_01:128685001 ""porocarcinoma""|DERMLEX:951 ""malignant eccrine poroma""|DOID:7566 ""porocarcinoma""",DERMO:0000905|DERMO:0000908,,False
DERMO:0000907,spiradenocarcinoma,,,,DERMO:0000905|DERMO:0000908,,False
DERMO:0000908,adnexal carcinoma,,,"SNOMEDCT_US_2015_03_01:64000002 ""adnexal carcinoma""",DERMO:0000853,,False
DERMO:0000909,microcystic adnexal carcinoma,,MAC|sclerosing sweat duct carcinoma,"SNOMEDCT_US_2015_03_01:128896007 ""microcystic adnexal carcinoma""|SNOMEDCT_US_2015_03_01:254712007 ""microcystic adnexal carcinoma""|DERMLEX:958 ""microcystic adnexal carcinoma""|DOID:5569 ""microcystic adnexal carcinoma""",DERMO:0000905|DERMO:0000908,,False
DERMO:0000910,syringomatous carcinoma,,,"SNOMEDCT_US_2015_03_01:128896007 ""syringomatous carcinoma""|DOID:5569 ""syringomatous carcinoma""",DERMO:0000908,,False
DERMO:0000911,syringomatous carcinoma apocrine lineage,,,,DERMO:0000905|DERMO:0000910,,False
DERMO:0000912,syringomatous carcinoma eccrine lineage,,,,DERMO:0000910,,False
DERMO:0000913,hiradenocarcinoma,,,,DERMO:0000908,,False
DERMO:0000914,hiradenocarcinoma apocrine lineage,,,,DERMO:0000905|DERMO:0000913,,False
DERMO:0000915,hiradenocarcinoma eccrine lineage,,,,DERMO:0000913,,False
DERMO:0000916,adenoid cystic carcinoma,,,"SNOMEDCT_US_2015_03_01:11671000 ""adenoid cystic carcinoma""|DERMLEX:960 ""adenoid cystic carcinoma""|DOID:4866 ""adenoid cystic carcinoma""",DERMO:0000905|DERMO:0000908,,False
DERMO:0000917,neoplasm or proliferation with eccrine differentiation,,,,DERMO:0000853,,False
DERMO:0000918,eccrine nevus,,eccrine hamartoma,"SNOMEDCT_US_2015_03_01:239116006 ""eccrine nevus""|DERMLEX:931 ""eccrine nevus""",DERMO:0000917,,False
DERMO:0000919,coccygeal polyploid eccrine nevus,,,,DERMO:0000918,,False
DERMO:0000920,porokeratotic eccrine ostial and dermal duct nevus,,,"SNOMEDCT_US_2015_03_01:239118007 ""porokeratotic eccrine ostial and dermal duct nevus""",,,True
DERMO:0000921,benign neoplasm or proliferation with eccrine  ductular or tubular differentiation,,,,DERMO:0000917,,False
DERMO:0000922,undifferentiated neoplasm of eccrine lineage,,,,DERMO:0000917,,False
DERMO:0000923,benign melanocytic neoplasm,,,"SNOMEDCT_US_2015_03_01:397195004 ""benign melanocytic neoplasm""",DERMO:0000116,,False
DERMO:0000924,ephelides,,freckles,"SNOMEDCT_US_2015_03_01:72298008 ""ephelides""|SNOMEDCT_US_2015_03_01:403536009 ""ephelides""|DERMLEX:983 ""ephelides""|ICD10:L81.2 ""ephelides""",DERMO:0000923|DERMO:0002885,,False
DERMO:0000925,becker's melanosis,,becker's nevus|becker's pigmentary hamartoma|nevoid melanosis|pigmented hairy epidermal nevus,,DERMO:0000923,,False
DERMO:0000926,solar lentigines,,lentigo senilis|liver spot|old age spot|senile freckle,,DERMO:0000923|DERMO:0002885,,False
DERMO:0000927,PUVA lenitgo,,,,DERMO:0000926|DERMO:0002866,,False
DERMO:0000928,lentigo simplex,,multiple lentiginosis|simple lentigo,"SNOMEDCT_US_2015_03_01:75534002 ""lentigo simplex""|SNOMEDCT_US_2015_03_01:398900000 ""lentigo simplex""|SNOMEDCT_US_2015_03_01:254213003 ""lentigo simplex""|DERMLEX:985 ""lentigo simplex""",DERMO:0000923,,False
DERMO:0000929,mucosal melanotic lesion,,genital lentiginosis|lentiginosis|melanosis|mucosal melanotic  macules,,DERMO:0000923,,False
DERMO:0000930,dermal melanocytosis,,congenital dermal melanocytosis|mongolian spot,"DERMLEX:1033 ""congenital dermal melanocytosis""|DOID:4702 ""dermal melanocytosis""|HP:0100814 ""dermal melanocytosis""",DERMO:0000923,,False
DERMO:0000931,nevus of ota,,congenital melanosis bulbi|nevus fuscoceruleus ophthalmomaxillaris|oculodermal melanocytosis|oculomucodermal melanocytosis,"SNOMEDCT_US_2015_03_01:414929001 ""nevus of ota""|SNOMEDCT_US_2015_03_01:254212008 ""nevus of ota""|SNOMEDCT_US_2015_03_01:254817005 ""nevus of ota""|SNOMEDCT_US_2015_03_01:27486008 ""nevus of ota""|DERMLEX:1034 ""nevus of ota""|DOID:11654 ""nevus of ota""|HP:0009920 ""nevus of ota""",DERMO:0000923,,False
DERMO:0000932,nevus of ito,,nevus fuscoceruleus acromiodeltoideus,"SNOMEDCT_US_2015_03_01:48543002 ""nevus of ito""",DERMO:0000923,,False
DERMO:0000933,nevus of ota-like macules,,acquired nevus of ota-like macules|hori's nevus,,DERMO:0000923,,False
DERMO:0000934,patch blue nevus,,,,DERMO:0000923,,False
DERMO:0000935,blue nevus,,blue neuronevus|blue nevus of jadassohn-tieche|dermal melanocytoma|nevus bleu,"SNOMEDCT_US_2015_03_01:63166000 ""blue nevus""|SNOMEDCT_US_2015_03_01:189051001 ""blue nevus""|DERMLEX:1036 ""blue nevus""|DOID:2086 ""blue nevus""|DOID:5228 ""blue nevus""|HP:0100814 ""blue nevus""",DERMO:0000923,,False
DERMO:0000936,common blue nevus,,ordinary blue nevus,"DERMLEX:4864 ""common blue nevus""|DOID:5228 ""common blue nevus""",DERMO:0000935,,False
DERMO:0000937,cellular blue nevus,,,"SNOMEDCT_US_2015_03_01:88006009 ""cellular blue nevus""|DERMLEX:1039 ""cellular blue nevus""|DOID:5227 ""cellular blue nevus""",DERMO:0000935,,False
DERMO:0000938,epithelioid blue nevus,,,"DERMLEX:1048 ""epithelioid blue nevus""",DERMO:0000935,,False
DERMO:0000939,pigmented epithelioid melanocytoma,,,,DERMO:0000935,,False
DERMO:0000940,malignant blue nevus,,cutaneous melanoma arising in or having features of blue nevus,"SNOMEDCT_US_2015_03_01:67159000 ""malignant blue nevus""|DERMLEX:1084 ""malignant blue nevus""",DERMO:0000976,,False
DERMO:0000941,atypical cellular blue nevus,,,"DERMLEX:1040 ""atypical cellular blue nevus""",DERMO:0000937,,False
DERMO:0000942,common acquired melanocytic nevus,,mole|nevocellular nevus,,DERMO:0000923,,False
DERMO:0000943,junctional nevus,,,"SNOMEDCT_US_2015_03_01:30494009 ""junctional nevus""|DERMLEX:1006 ""junctional nevus""",DERMO:0000942,,False
DERMO:0000944,intraepidermal nevus,,,"SNOMEDCT_US_2015_03_01:30494009 ""intraepidermal nevus""|DOID:2434 ""intraepidermal nevus""",DERMO:0000942,,False
DERMO:0000945,compound nevus,,,"SNOMEDCT_US_2015_03_01:49409001 ""compound nevus""|DERMLEX:1007 ""compound nevus""|DOID:2437 ""compound nevus""",DERMO:0000942,,False
DERMO:0000946,melanocytic nevus associated with epidermolysis bullosa,,EB nevus|epidermolysis bullosa nevus,,DERMO:0000942,,False
DERMO:0000947,melanocytic nevus associated with lichen sclerosus,,,,DERMO:0000942,,False
DERMO:0000948,melanocytic nevus of genital and flexural skin,,,,DERMO:0000923,,False
DERMO:0000949,melanocytic nevus of acral skin,,acral nevus|MANIACS|melanocytic nevus with intraepidermal ascent of cells,,DERMO:0000923,,False
DERMO:0000950,spitz nevus/tumor,,<new synonym>spindle and epithelioid cell tumor|benign juvenile melanoma|spitz's juvenile melanoma,,DERMO:0000923,,False
DERMO:0000951,single spitz nevus,,,,DERMO:0000950,,False
DERMO:0000952,multiple spitz nevi,,,,DERMO:0000950,,False
DERMO:0000953,disseminated spitz nevi,,,,DERMO:0000952,,False
DERMO:0000954,agminated spitz nevi,,,"DERMLEX:4845 ""agminated spitz nevi""",DERMO:0000952,,False
DERMO:0000955,atypical spitz nevus,,,,DERMO:0000950,,False
DERMO:0000956,malignant spitz nevus,,metastasising spitz nevus,,DERMO:0000950,,False
DERMO:0000957,pigmented spindle cell nevus,,pigmented spindle cell tumor of reed|pigmented varient of spitz nevus,"DERMLEX:1019 ""pigmented spindle cell nevus""|DOID:3239 ""pigmented spindle cell nevus""",DERMO:0000923|DERMO:0000950,,False
DERMO:0000958,deep penetrating nevus,,plexiform pigmented spindle cell nevus,"DERMLEX:1011 ""deep penetrating nevus""|DOID:7471 ""deep penetrating nevus""",DERMO:0000957,,False
DERMO:0000959,atypical melanocytic nevus,,atypical mole|atypical nevus|B-K mole|clark's nevus|dysplastic melanocytic nevus|nevus with architectural disorder|the mole of familial atypical mole and melanoma syndrome|the mole of FAMM,,DERMO:0000923,,False
DERMO:0000960,congenital melanocytic nevus,,bathing trunk nevus|congenital nevomelanocytic nevus|garment nevus,"SNOMEDCT_US_2015_03_01:84953004 ""congenital melanocytic nevus""|SNOMEDCT_US_2015_03_01:400151006 ""congenital melanocytic nevus""|SNOMEDCT_US_2015_03_01:398696001 ""congenital melanocytic nevus""|DERMLEX:1020 ""congenital nevus""|DOID:3157 ""congenital melanocytic nevus""|DOID:4700 ""congenital melanocytic nevus""",DERMO:0000923,,False
DERMO:0000961,small congenital nevus,,,"SNOMEDCT_US_2015_03_01:128881008 ""small congenital nevus""",DERMO:0000960,,False
DERMO:0000962,meduim-sized congenital nevus,,,,DERMO:0000960,,False
DERMO:0000963,large congenital nevus,,giant congenital nevus|giant hairy nevus|giant pigmented nevus|largenital melanocytic nevus,"HP:0005600 ""large congenital nevus""",DERMO:0000960,,False
DERMO:0000964,neurocutaneous melanosis,,neurocutaneous melanocytosis,"DERMLEX:3228 ""neurocutaneous melanosis syndrome""",DERMO:0000963,,False
DERMO:0000965,nevus spilus,,speckled lentiginous nevus|zosteriform lentiginous nevus,"SNOMEDCT_US_2015_03_01:75534002 ""nevus spilus""|SNOMEDCT_US_2015_03_01:398660000 ""nevus spilus""|SNOMEDCT_US_2015_03_01:254814003 ""nevus spilus""|DERMLEX:990 ""speckled lentiginous nevus""|DOID:12301 ""nevus spilus""",DERMO:0000923|DERMO:0003401,,False
DERMO:0000966,halo nevus,,leukoderma aquisitum centrifugum|perinevoid vitiligo|sutton's nevus,"SNOMEDCT_US_2015_03_01:78325005 ""halo nevus""|SNOMEDCT_US_2015_03_01:398028009 ""halo nevus""|SNOMEDCT_US_2015_03_01:307602007 ""halo nevus""|DERMLEX:1014 ""halo nevus""|DOID:2423 ""halo nevus""",DERMO:0000923,,False
DERMO:0000967,combined nevus,,melanocytic nevus with phenotypic heterogeneity,,DERMO:0000923,,False
DERMO:0000968,clonal nevus,,inverted type A nevus?,,DERMO:0000967,,False
DERMO:0000969,recurrent melanocytic nevus,,persistant melanocytic nevus,,DERMO:0000923,,False
DERMO:0000970,melanoma,,,"SNOMEDCT_US_2015_03_01:2092003 ""melanoma""|DERMLEX:4758 ""malignant melanoma""|DOID:1909 ""melanoma""|HP:0002861 ""melanoma""",DERMO:0000116,,False
DERMO:0000971,primary cutaneous melanoma,,,,DERMO:0000970,,False
DERMO:0000972,superficial spreading melanoma,,SSM,"SNOMEDCT_US_2015_03_01:55320002 ""superficial spreading melanoma""|DERMLEX:1058 ""superficial spreading melanoma""|HP:0012057 ""superficial spreading melanoma""",DERMO:0000971,,False
DERMO:0000973,nodular melanoma,,NM,"SNOMEDCT_US_2015_03_01:2142002 ""nodular melanoma""|DERMLEX:1060 ""nodular melanoma""|HP:0012058 ""nodular melanoma""",DERMO:0000971,,False
DERMO:0000974,lentigo maligna melanoma,,<new synonym>LMM,"SNOMEDCT_US_2015_03_01:302837001 ""lentigo maligna melanoma""|SNOMEDCT_US_2015_03_01:44474009 ""lentigo maligna melanoma""|DERMLEX:1057 ""lentigo maligna melanoma""|HP:0012059 ""lentigo maligna melanoma""",DERMO:0000971,,False
DERMO:0000975,acral lentiginous melanoma,,ALM,"DERMLEX:1061 ""acral lentiginous melanoma""|DOID:6367 ""acral lentiginous melanoma""|HP:0012060 ""acral lentiginous melanoma""",DERMO:0000971,,False
DERMO:0000976,melanoma variant not otherwise specified,,,,DERMO:0000970,,False
DERMO:0000977,amelanotic melanoma,,,"SNOMEDCT_US_2015_03_01:70594002 ""amelanotic melanoma""|SNOMEDCT_US_2015_03_01:276751004 ""amelanotic melanoma""|DERMLEX:1068 ""amelanotic melanoma""|DOID:4359 ""amelanotic melanoma""",DERMO:0000976,,False
DERMO:0000978,amelanotic acral lentiginous melanoma,,amelanotic ALM,,DERMO:0000975|DERMO:0000977,,False
DERMO:0000979,spitzoid melanoma,,melanoma with features of spitz nevus,,DERMO:0000976,,False
DERMO:0000980,desmoplastic melanoma,,,"DERMLEX:1062 ""desmoplastic melanoma""|DOID:10049 ""desmoplastic melanoma""|DOID:3162 ""desmoplastic melanoma""",DERMO:0000976,,False
DERMO:0000981,clear cell sarcoma,,melanoma of soft parts,"SNOMEDCT_US_2015_03_01:402561003 ""clear cell sarcoma""|SNOMEDCT_US_2015_03_01:271944004 ""clear cell sarcoma""|DERMLEX:1079 ""melanoma of soft parts""|DOID:4233 ""clear cell sarcoma""",DERMO:0000976,,False
DERMO:0000982,ocular melanoma,,,,DERMO:0000976,,False
DERMO:0000983,conjunctival melanoma,,,"DOID:1751 ""conjunctival melanoma""",DERMO:0000982,,False
DERMO:0000984,uveal melanoma,,,"HP:0007716 ""uveal melanoma""",DERMO:0000982,,False
DERMO:0000985,iris melanoma,,,"SNOMEDCT_US_2015_03_01:255012009 ""iris melanoma""|HP:0011524 ""iris melanoma""",DERMO:0000984,,False
DERMO:0000986,choroidal melanoma,,,"HP:0012054 ""choroidal melanoma""",DERMO:0000984,,False
DERMO:0000987,ciliary body melanoma,,,"SNOMEDCT_US_2015_03_01:255015006 ""ciliary body melanoma""|HP:0012055 ""ciliary body melanoma""",DERMO:0000984,,False
DERMO:0000988,mucosal melanoma,,,,DERMO:0000976,,False
DERMO:0000989,childhood melanoma,,,,DERMO:0000970,,False
DERMO:0000990,vascular neoplasm or neoplasm-like proliferation,,,,DERMO:0000116,,False
DERMO:0000991,reactive hyperplasia,,,"SNOMEDCT_US_2015_03_01:35872008 ""reactive hyperplasia""",DERMO:0000990,,False
DERMO:0000992,vascular or lymphatic malformation,,,,DERMO:0000990,,False
DERMO:0000993,telangiectasia,,,"SNOMEDCT_US_2015_03_01:112641009 ""telangiectasia""|SNOMEDCT_US_2015_03_01:155449008 ""telangiectasia""|SNOMEDCT_US_2015_03_01:266324004 ""telangiectasia""|SNOMEDCT_US_2015_03_01:276328002 ""telangiectasia""|DERMLEX:1402 ""telangiectasia""|DOID:1272 ""telangiectasia""|HP:0001009 ""telangiectasia""",DERMO:0000115|DERMO:0001960,,False
DERMO:0000994,benign vascular neoplasm,,,,DERMO:0000990,,False
DERMO:0000995,borderline or lowgrade malignant vascular neoplasm,,,,DERMO:0000990,,False
DERMO:0000996,malignant vascular neoplasm,,,"DOID:175 ""malignant vascular neoplasm""",DERMO:0000990,,False
DERMO:0000997,perivascular neoplasm or neoplastic-like proliferation,,,,DERMO:0000990,,False
DERMO:0000998,angiosarcoma,,hemangiosarcoma|lymphangiosarcoma|malignant hemangioendothelioma,"SNOMEDCT_US_2015_03_01:403977003 ""angiosarcoma""|SNOMEDCT_US_2015_03_01:39000009 ""angiosarcoma""|DERMLEX:1458 ""angiosarcoma""|DODERMO:1011816 ""angiosarcoma""|DOID:2689 ""angiosarcoma""|HP:0200058 ""angiosarcoma""|MP:0003667 ""angiosarcoma""",DERMO:0000996,,False
DERMO:0000999,intravascular papillary endothelial hyperplasia,,<new synonym>masson's lesion|masson's hemangio-endotheliome vegetant intravasculaire|masson's pseudoangiosarcoma|masson's tumor|PEH,"SNOMEDCT_US_2015_03_01:238770007 ""intravascular papillary endothelial hyperplasia""|DERMLEX:1420 ""intravascular papillary endothelial hyperplasia""",DERMO:0000991,,False
DERMO:0001000,reactive angioendotheliomatosis,,,"DERMLEX:1421 ""reactive angioendotheliomatosis""",DERMO:0000991,,False
DERMO:0001001,intravascular reactive angioendotheliomatosis,,,,DERMO:0001000,,False
DERMO:0001002,diffuse dermal angiomatosis,,,"DERMLEX:4473 ""diffuse dermal angiomatosis""",DERMO:0001000,DERMO:0002025,False
DERMO:0001006,lymphatic malformation,,cavernous lymphangioma|LM|lymphangioma|lymphangioma simplex,"SNOMEDCT_US_2015_03_01:234095009 ""lymphatic malformation""|DOID:1475 ""lymphatic malformation""|HP:0100764 ""lymphatic malformation""",DERMO:0000992|DERMO:0001968,DERMO:0001962,False
DERMO:0001007,microcystic lymphatic malformation,,lymphangioma circumscriptum,,DERMO:0001006,,False
DERMO:0001008,macrocystic lymphatic malformation,,cystic hygroma,"DOID:3081 ""macrocystic lymphatic malformation""|HP:0000476 ""macrocystic lymphatic malformation""",DERMO:0001006,,False
DERMO:0001009,capillary-venous-lymphatic malformation,,CLVM,"SNOMEDCT_US_2015_03_01:234136009 ""capillary-venous-lymphatic malformation""",DERMO:0000992|DERMO:0001970,,False
DERMO:0001010,arteriovenous malformation,,AVM|cirsoid aneurysm|cirsoid hemangioma,"SNOMEDCT_US_2015_03_01:403966009 ""arteriovenous malformation""|SNOMEDCT_US_2015_03_01:234141001 ""arteriovenous malformation""|SNOMEDCT_US_2015_03_01:24551003 ""arteriovenous malformation""|DERMLEX:1394 ""arteriovenous malformation""|DOID:11294 ""arteriovenous malformation""|HP:0100026 ""arteriovenous malformation""|MP:0006093 ""arteriovenous malformation""",DERMO:0000992|DERMO:0001969,DERMO:0001963,False
DERMO:0001011,verrucous hemangioma,,,"DERMLEX:1436 ""verrucous hemangioma""",DERMO:0000992,,False
DERMO:0001012,generalized essential telangiectasia,,GET,"SNOMEDCT_US_2015_03_01:238763007 ""generalized essential telangiectasia""|DERMLEX:1410 ""generalized essential telangiectasia""",DERMO:0000993,,False
DERMO:0001013,unilateral nevoid telangiectasia,,,"DERMLEX:1409 ""unilateral nevoid telangiectasia""",DERMO:0000993,,False
DERMO:0001014,hereditary hemorrhagic telangiectasia,,HHT|osler-weber-rendu disease,"SNOMEDCT_US_2015_03_01:155449008 ""hereditary hemorrhagic telangiectasia""|SNOMEDCT_US_2015_03_01:21877004 ""hereditary hemorrhagic telangiectasia""|SNOMEDCT_US_2015_03_01:266324004 ""hereditary hemorrhagic telangiectasia""|DERMLEX:1411 ""hereditary hemorrhagic telangiectasia""|DOID:1270 ""hereditary hemorrhagic telangiectasia""",DERMO:0000993,,False
DERMO:0001015,hereditary benign telangiectasia,,,"SNOMEDCT_US_2015_03_01:238764001 ""hereditary benign telangiectasia""|DERMLEX:1413 ""hereditary benign telangiectasia""",DERMO:0000993,,False
DERMO:0001016,angioma serpiginosum,,,"SNOMEDCT_US_2015_03_01:49465005 ""angioma serpiginosum""|DERMLEX:1431 ""angioma serpiginosum""|DOID:4028 ""angioma serpiginosum""",DERMO:0000993,,False
DERMO:0001017,spider nevus,,nevus araneus|spider angioma|spider telangiectasia,"SNOMEDCT_US_2015_03_01:155448000 ""spider nevus""|SNOMEDCT_US_2015_03_01:195382003 ""spider nevus""|DERMLEX:1408 ""nevus araneus""",DERMO:0000993,,False
DERMO:0001018,venous lake,,,"SNOMEDCT_US_2015_03_01:402843003 ""venous lake""|DERMLEX:1405 ""venous lake""",DERMO:0000115,,False
DERMO:0001019,angiokeratoma,,,"SNOMEDCT_US_2015_03_01:26810009 ""angiokeratoma""|DERMLEX:1404 ""angiokeratoma""|DOID:479 ""angiokeratoma""|HP:0001014 ""angiokeratoma""",DERMO:0001960,,False
DERMO:0001020,angiokeratoma circumscriptum,,,"SNOMEDCT_US_2015_03_01:21848000 ""angiokeratoma circumscriptum""|DERMLEX:1419 ""angiokeratoma circumscriptum""|DOID:5949 ""angiokeratoma circumscriptum""",DERMO:0001009|DERMO:0001019,,False
DERMO:0001023,cherry angioma,,campbell-de morgan spot|cherry hemangioma|senile angioma,"SNOMEDCT_US_2015_03_01:5050001 ""cherry angioma""|DERMLEX:1433 ""cherry angioma""|DOID:2495 ""cherry angioma""",DERMO:0000994,,False
DERMO:0001024,sinusoidal hemangioma,,sinusoidal venous malformation,"SNOMEDCT_US_2015_03_01:403965008 ""sinusoidal hemangioma""|SNOMEDCT_US_2015_03_01:699606005 ""sinusoidal hemangioma""|DERMLEX:1444 ""sinusoidal hemangioma""",DERMO:0000994|DERMO:0001988,DERMO:0001989,False
DERMO:0001025,hobnail hemangioma,,targetoid hemosiderotic henagioma,"DERMLEX:1438 ""targetoid hemosiderotic hemangioma""|DOID:505 ""hobnail hemangioma""",DERMO:0000994,,False
DERMO:0001026,tufted angioma,,acquired tufted angioma|angioblastoma of nakagawa|hypertrophic hemangioma|progressive capillary hemangioma|tufted hemangioma,"SNOMEDCT_US_2015_03_01:705155008 ""tufted angioma""|DERMLEX:1434 ""tufted angioma""|HP:0012329 ""tufted angioma""",DERMO:0000994|DERMO:0001959,,False
DERMO:0001027,multifocal lymphangioendotheliomatosis with thrombocytopenia,,congenital cutaneovisceral angiomatosis with thrombocytopenia|MLT,,DERMO:0000994,,False
DERMO:0001028,glomeruloid hemangioma,,,"SNOMEDCT_US_2015_03_01:403976007 ""glomeruloid hemangioma""|DERMLEX:1422 ""glomeruloid hemangioma""|DOID:486 ""glomeruloid hemangioma""",DERMO:0000991|DERMO:0000994,,False
DERMO:0001029,microvenular hemangioma,,microcapillary hemangioma,"SNOMEDCT_US_2015_03_01:403964007 ""microvenular hemangioma""|SNOMEDCT_US_2015_03_01:699607001 ""microvenular hemangioma""|DERMLEX:1437 ""microvenular hemangioma""",DERMO:0000991|DERMO:0000994,,False
DERMO:0001030,angiolymphoid hyperplasia with eosinophilia,,ALHE|epitheloid hemangioma|histiocytoid hemangioma|inflammatory angoimatous nodule|inflammatory arteriovenous hemangioma|intravenous atypical vascular proliferation|nodular angioblastic hyperplasia with eosinophilia and lymphofolliculosis|papular angioplasia|pseudopyogenic granuloma,"SNOMEDCT_US_2015_03_01:125574005 ""angiolymphoid hyperplasia with eosinophilia""|DERMLEX:1423 ""angiolymphoid hyperplasia with eosinophilia""|DOID:474 ""angiolymphoid hyperplasia with eosinophilia""",DERMO:0000991|DERMO:0000994,,False
DERMO:0001032,spindle cell hemangioma,,spindle cell hemangioendothelioma,"SNOMEDCT_US_2015_03_01:403967000 ""spindle cell hemangioma""|SNOMEDCT_US_2015_03_01:128769003 ""spindle cell hemangioma""|DERMLEX:1427 ""spindle-cell hemangioendothelioma""|DOID:496 ""spindle cell hemangioma""",DERMO:0000992|DERMO:0000994|DERMO:0001959,,False
DERMO:0001033,epithelioid angiomatous nodule,,,,DERMO:0000994,,False
DERMO:0001034,papillary hemangioma,,,,DERMO:0000994,,False
DERMO:0001035,acquired elastotic hemangioma,,,,DERMO:0000994,,False
DERMO:0001036,cutaneous pseudoangiomatous stromal hyperplasia,,,,DERMO:0000994,,False
DERMO:0001038,dabska-type hemangioendothelioma,,dabska tumor|endovascular papillary angioendothelioma|hobnail hemangioendothelioma|malignant endovascular papillary angioendothelioma|papillay intralymphatic angioendothelioma|PILA,"DERMLEX:1450 ""endovascular papillary angioendothelioma""",DERMO:0000995,,False
DERMO:0001039,retiform hemangioendothelioma,,hobnail hemangioendothelioma,"SNOMEDCT_US_2015_03_01:403982005 ""retiform hemangioendothelioma""|SNOMEDCT_US_2015_03_01:703659003 ""retiform hemangioendothelioma""|DERMLEX:1449 ""retiform hemangioendothelioma""",DERMO:0000995,,False
DERMO:0001040,epithelioid hemangioendothelioma,,,"SNOMEDCT_US_2015_03_01:84290008 ""epithelioid hemangioendothelioma""|SNOMEDCT_US_2015_03_01:403981003 ""epithelioid hemangioendothelioma""|SNOMEDCT_US_2015_03_01:54124005 ""epithelioid hemangioendothelioma""|DERMLEX:1448 ""epithelioid hemangioendothelioma""",DERMO:0000995,,False
DERMO:0001041,kaposi sarcoma,,KS,"SNOMEDCT_US_2015_03_01:109385007 ""kaposi sarcoma""|DERMLEX:1447 ""kaposi sarcoma""|ICD10:C46 ""kaposi sarcoma""",DERMO:0000995|DERMO:0002340|DERMO:0002382,,False
DERMO:0001042,glomus tumor,,solid glomus tumor|solitary glomus tumor,"SNOMEDCT_US_2015_03_01:403969002 ""glomus tumor""|SNOMEDCT_US_2015_03_01:10438002 ""glomus tumor""|SNOMEDCT_US_2015_03_01:189193002 ""glomus tumor""|DERMLEX:1464 ""glomus tumor""|DOID:2431 ""glomus tumor""",DERMO:0000997,,False
DERMO:0001043,glomuvenous malformation,,glomangioma|infiltrating glomus tumor|multiple glomus tumors,"DERMLEX:1468 ""glomangiomas""|DOID:2436 ""glomuvenous malformation""",DERMO:0000997|DERMO:0001961,,False
DERMO:0001044,infantile-type hemangiopericytoma,,congenital hemangiopericytoma|infantile-type myofibromatosis?,,DERMO:0001046|DERMO:0001959,,False
DERMO:0001045,adult-type hemangiopericytoma,,,,DERMO:0001046,,False
DERMO:0001046,hemangiopericytoma,,,"SNOMEDCT_US_2015_03_01:134335004 ""hemangiopericytoma""|SNOMEDCT_US_2015_03_01:36060005 ""hemangiopericytoma""|DERMLEX:1465 ""hemangiopericytoma""|DOID:264 ""hemangiopericytoma""",DERMO:0000997,,False
DERMO:0001047,glomangiopericytoma,,,"DERMLEX:4271 ""glomangiopericytoma""",DERMO:0000997,,False
DERMO:0001048,myopericytoma,,,"SNOMEDCT_US_2015_03_01:400065005 ""myopericytoma""|DERMLEX:4270 ""myopericytoma""",DERMO:0000997,,False
DERMO:0001049,perivascular epithelioid cell tumor,,PEComa,"SNOMEDCT_US_2015_03_01:388601000 ""perivascular epithelioid cell tumor""|DOID:2643 ""perivascular epithelioid cell tumor""",DERMO:0000997,,False
DERMO:0001050,POEMS syndrome,,Crow Fukase syndrome|polyneuropathy organomegaly endocrinopathy monoclonal gammopathy and skin lesions|Takatsuki disease,"SNOMEDCT_US_2015_03_01:79268002 ""poems syndrome""|DOID:14039 ""poems syndrome""",DERMO:0000621,,False
DERMO:0001051,angiokeratoma corporis diffusum,,,"SNOMEDCT_US_2015_03_01:16652001 ""angiokeratoma corporis diffusum""|DERMLEX:1414 ""fabry disease""|DOID:14499 ""angiokeratoma corporis diffusum""|HP:0001071 ""angiokeratoma corporis diffusum""",DERMO:0001019,,False
DERMO:0001052,angiokeratoma of the scrotum or vulva,,angiokeratoma of fordyce,"DOID:664 ""angiokeratoma of the scrotum or vulva""",DERMO:0001019,,False
DERMO:0001053,angiokeratoma of mibelli,,,"SNOMEDCT_US_2015_03_01:62727008 ""angiokeratoma of mibelli""|DERMLEX:1415 ""angiokeratoma of mibelli""|DOID:5948 ""angiokeratoma of mibelli""",DERMO:0001019,,False
DERMO:0001054,granuloma gravidarum,,,"SNOMEDCT_US_2015_03_01:447222001 ""granuloma gravidarum""|DERMLEX:1429 ""epulis of pregnancy""",DERMO:0001647,,False
DERMO:0001055,classic kaposi sarcoma,,chronic kaposi sarcoma|kaposi sarcoma type 1,"DERMLEX:1454 ""classic kaposi sarcoma""",DERMO:0001041,,False
DERMO:0001056,african endemic kaposi sarcoma,,kaposi sarcoma type 2,,DERMO:0001041,,False
DERMO:0001057,fulminant lymphadenopathic kaposi sarcoma,,,,DERMO:0001056,,False
DERMO:0001058,kaposi sarcoma due to iatrogenic immunosuppression,,kaposi sarcoma type 3|transplantation-associated kaposi sarcoma,,DERMO:0001041,,False
DERMO:0001059,AIDS-related epidemic kaposi sarcoma,,kaposi sarcoma type 4,,DERMO:0001041,,False
DERMO:0001060,nodular african endemic kaposi sarcoma,,,,DERMO:0001056,,False
DERMO:0001061,florid african endemic kaposi sarcoma,,,,DERMO:0001056,,False
DERMO:0001062,infiltrative african endemic kaposi sarcoma,,,,DERMO:0001056,,False
DERMO:0001063,neural or neuroendocrine neoplasm,,,,DERMO:0000116,,False
DERMO:0001064,neuroma,,,"SNOMEDCT_US_2015_03_01:443892003 ""neuroma""|SNOMEDCT_US_2015_03_01:25169009 ""neuroma""|DERMLEX:1097 ""neuroma""|DOID:2001 ""neuroma""",DERMO:0001090,,False
DERMO:0001065,traumatic neuroma,,amputation neuroma,"SNOMEDCT_US_2015_03_01:63561003 ""traumatic neuroma""|SNOMEDCT_US_2015_03_01:212140008 ""traumatic neuroma""|SNOMEDCT_US_2015_03_01:230650009 ""traumatic neuroma""|DERMLEX:1131 ""traumatic neuroma""",DERMO:0001064,,False
DERMO:0001066,spontaneous neuroma,,,,DERMO:0001064,,False
DERMO:0001067,"solitary, palisaded encapsulated neuroma",,PEN,,DERMO:0001066,,False
DERMO:0001068,multiple non-encapsulated neuroma,,,,DERMO:0001066,,False
DERMO:0001069,neuroma variant,,,,DERMO:0001064,,False
DERMO:0001070,schwannoma,,acoustic neuroma|neurilemmoma|neurolemmoma|schwann cell tumor,"SNOMEDCT_US_2015_03_01:404022001 ""schwannoma""|SNOMEDCT_US_2015_03_01:985004 ""schwannoma""|SNOMEDCT_US_2015_03_01:189948006 ""schwannoma""|DERMLEX:1089 ""schwannoma""|DOID:12689 ""schwannoma""|DOID:3192 ""schwannoma""|HP:0009588 ""schwannoma""|HP:0100008 ""schwannoma""",DERMO:0001091,,False
DERMO:0001071,common schwannoma,,solitary schwannoma,,DERMO:0001070,,False
DERMO:0001072,ancient schwannoma,,,"SNOMEDCT_US_2015_03_01:404023006 ""ancient schwannoma""|SNOMEDCT_US_2015_03_01:985004 ""ancient schwannoma""|SNOMEDCT_US_2015_03_01:409704009 ""ancient schwannoma""|DERMLEX:1113 ""ancient schwannoma""",DERMO:0001070,,False
DERMO:0001073,cellular schwannoma,,,"SNOMEDCT_US_2015_03_01:404026003 ""cellular schwannoma""|SNOMEDCT_US_2015_03_01:985004 ""cellular schwannoma""|SNOMEDCT_US_2015_03_01:253086004 ""cellular schwannoma""|DERMLEX:1104 ""cellular schwannoma""|DOID:3196 ""cellular schwannoma""",DERMO:0001070,,False
DERMO:0001074,plexiform schwannoma,,,"SNOMEDCT_US_2015_03_01:404025004 ""plexiform schwannoma""|SNOMEDCT_US_2015_03_01:985004 ""plexiform schwannoma""|SNOMEDCT_US_2015_03_01:253087008 ""plexiform schwannoma""|DERMLEX:1107 ""plexiform schwannoma""|DOID:3206 ""plexiform schwannoma""",DERMO:0001070,,False
DERMO:0001075,variant schwannoma,,,,DERMO:0001070,,False
DERMO:0001076,neurofibroma,,,"SNOMEDCT_US_2015_03_01:89084002 ""neurofibroma""|SNOMEDCT_US_2015_03_01:404029005 ""neurofibroma""|DERMLEX:1088 ""neurofibroma""|DOID:962 ""neurofibroma""",DERMO:0001091,,False
DERMO:0001077,superficial neurofibroma,,solitary nerve sheath tumor|solitary neurofibroma|sporadic neurofibroma,,DERMO:0001076,,False
DERMO:0001078,deep neurofibroma,,subcutaneous neurofibroma,,DERMO:0001076,,False
DERMO:0001079,diffuse neurofibroma,,,"SNOMEDCT_US_2015_03_01:254242006 ""diffuse neurofibroma""|DERMLEX:1099 ""diffuse neurofibroma""",DERMO:0001076,,False
DERMO:0001080,pigmented neurofibroma,,,"SNOMEDCT_US_2015_03_01:703088001 ""pigmented neurofibroma""",DERMO:0001076,,False
DERMO:0001081,plexiform neurofibroma,,,"SNOMEDCT_US_2015_03_01:403818001 ""plexiform neurofibroma""|SNOMEDCT_US_2015_03_01:41252002 ""plexiform neurofibroma""|DERMLEX:1101 ""plexiform neurofibroma""|DOID:5151 ""plexiform neurofibroma""|HP:0009732 ""plexiform neurofibroma""",DERMO:0001076,,False
DERMO:0001082,variant neurofibroma,,,,DERMO:0001076,,False
DERMO:0001083,nerve sheath myxoma,,myxoma of the nerve sheath|neurothekeoma,"SNOMEDCT_US_2015_03_01:253089006 ""nerve sheath myxoma""|SNOMEDCT_US_2015_03_01:51836001 ""nerve sheath myxoma""|DERMLEX:1091 ""nerve sheath myxoma""",DERMO:0001091,,False
DERMO:0001084,classic myxoid type nerve sheath myxoma,,,,DERMO:0001083,,False
DERMO:0001085,cellular type nerve sheath myxoma,,cellular neurothekeoma,,DERMO:0001083,,False
DERMO:0001086,granular cell tumor,,abrikossoff's tumor,"SNOMEDCT_US_2015_03_01:404035005 ""granular cell tumor""|SNOMEDCT_US_2015_03_01:12169001 ""granular cell tumor""|DERMLEX:1125 ""granular cell tumor""|DOID:2411 ""granular cell tumor""",DERMO:0001092,,False
DERMO:0001087,perineurioma,,fibrolamellar nerve sheath tumor|localized hypertrophic neuropathy|storiform perineurial fibroma,"SNOMEDCT_US_2015_03_01:404036006 ""perineurioma""|SNOMEDCT_US_2015_03_01:128795001 ""perineurioma""|DERMLEX:1095 ""perineurioma""|DOID:4697 ""perineurioma""",DERMO:0001091,,False
DERMO:0001088,malignant peripheral nerve sheath tumor,,malignant schwannoma|neurosarcoma,"SNOMEDCT_US_2015_03_01:404037002 ""malignant peripheral nerve sheath tumor""|SNOMEDCT_US_2015_03_01:19897006 ""malignant peripheral nerve sheath tumor""|SNOMEDCT_US_2015_03_01:134324009 ""malignant peripheral nerve sheath tumor""|DERMLEX:1090 ""malignant peripheral nerve sheath tumor""|DOID:5940 ""malignant peripheral nerve sheath tumor""|HP:0100697 ""malignant peripheral nerve sheath tumor""",DERMO:0001091,,False
DERMO:0001089,merkel cell carcinoma,,cutaneous apudoma|primary neuroendocrine carcinoma of the skin|primary small cell carcinoma of the skin|trabecular carcinoma of the skin,"SNOMEDCT_US_2015_03_01:253001006 ""merkel cell carcinoma""|SNOMEDCT_US_2015_03_01:5052009 ""merkel cell carcinoma""|DERMLEX:1137 ""merkel cell carcinoma""|DOID:3965 ""merkel cell carcinoma""",DERMO:0001092,,False
DERMO:0001090,peripheral nerve sheath hamartoma,,,,DERMO:0001093,,False
DERMO:0001091,true nerve sheath neoplasm,,,,DERMO:0001093,,False
DERMO:0001092,peripheral nerve sheath tumor not otherwise specified,,,,DERMO:0001093,,False
DERMO:0001093,peripheral nerve sheath tumor,,,"MP:0002030 ""peripheral nerve sheath tumor""",DERMO:0001063,,False
DERMO:0001094,neural heterotopic neural tissue tumor,,,,DERMO:0001063,,False
DERMO:0001095,hetertopic meningeal tissue,,cutaneous meningioma|meningioma,"DOID:3565 ""hetertopic meningeal tissue""|HP:0002858 ""hetertopic meningeal tissue""|OMIM:156100 ""hetertopic meningeal tissue""",DERMO:0001094,DERMO:0001096|DERMO:0001097|DERMO:0001098,False
DERMO:0001101,neuroblastic or ganglionic tumor,,,,DERMO:0001094,,False
DERMO:0001102,neuroblastoma,,,"SNOMEDCT_US_2015_03_01:87364003 ""neuroblastoma""|SNOMEDCT_US_2015_03_01:432328008 ""neuroblastoma""|DERMLEX:1138 ""neuroblastoma""|DOID:769 ""neuroblastoma""|HP:0003006 ""neuroblastoma""|MP:0002039 ""neuroblastoma""|OMIM:156490 ""neuroblastoma""",DERMO:0001101,,False
DERMO:0001103,primary primitive neuroectodermal tumor,,,,DERMO:0001101,,False
DERMO:0001104,ganglioneuroma,,,"SNOMEDCT_US_2015_03_01:189929007 ""ganglioneuroma""|SNOMEDCT_US_2015_03_01:53801007 ""ganglioneuroma""|DOID:4817 ""ganglioneuroma""|HP:0003005 ""ganglioneuroma""",DERMO:0001101,,False
DERMO:0001105,neural heterotopic tissue tumor not otherwise specified,,,,DERMO:0001094,,False
DERMO:0001106,pigmented neuroectodermal tumor of infancy,,,"SNOMEDCT_US_2015_03_01:404042005 ""pigmented neuroectodermal tumor of infancy""",DERMO:0001105,,False
DERMO:0001107,metastatic neuroblastoma,,,"SNOMEDCT_US_2015_03_01:704152002 ""metastatic neuroblastoma""|DERMLEX:1704 ""metastatic neuroblastoma""|DOID:4173 ""metastatic neuroblastoma""",DERMO:0001102,,False
DERMO:0001108,primary neuroblastoma,,,,DERMO:0001102,,False
DERMO:0001109,fibrous or fibrohistiocytic proliferation of skin or tendon,,,,DERMO:0000116,,False
DERMO:0001110,skin tag,,acrochordon|fibroepithelial polyp|soft fibroma,"SNOMEDCT_US_2015_03_01:156440000 ""skin tag""|SNOMEDCT_US_2015_03_01:201091002 ""skin tag""|SNOMEDCT_US_2015_03_01:31069005 ""skin tag""|DERMLEX:1260 ""fibroepithelial polyp""|DOID:6873 ""skin tag""",DERMO:0001109,,False
DERMO:0001111,cutaneous angiofibroma,,,,DERMO:0001109,,False
DERMO:0001112,pearly penile papule,,,"DERMLEX:1363 ""pearly penile papule""",DERMO:0001111,,False
DERMO:0001113,fibrous papule,,,,DERMO:0001111,,False
DERMO:0001114,multiple facial anggiofibromas,,,,DERMO:0001111,,False
DERMO:0001115,periungual angiofibroma,,,,DERMO:0001111,,False
DERMO:0001116,dermatofibroma,,benign fibrous histiocytoma|dental dendrocytoma|fibroma simplex|histiocytoma|nodular subepidermal fibrosis|sclerosing hemangioma,"SNOMEDCT_US_2015_03_01:72079004 ""dermatofibroma""|SNOMEDCT_US_2015_03_01:427186000 ""dermatofibroma""|SNOMEDCT_US_2015_03_01:189051001 ""dermatofibroma""|SNOMEDCT_US_2015_03_01:302843004 ""dermatofibroma""|DERMLEX:1273 ""dermatofibroma""|DOID:4231 ""dermatofibroma""|DOID:4418 ""dermatofibroma""|DOID:495 ""dermatofibroma""|MP:0002037 ""dermatofibroma""",DERMO:0001109,,False
DERMO:0001117,dermatofibroma with atypical (monster) cells,,atypical (pseudosarcomatous) cutaneous histiocytoma,,DERMO:0001116,,False
DERMO:0001118,atrophic dermatofibroma,,,"SNOMEDCT_US_2015_03_01:404000008 ""atrophic dermatofibroma""",DERMO:0001116,,False
DERMO:0001119,deep dermatofibroma extending into subcutaneous tissue,,,,DERMO:0001116,,False
DERMO:0001120,palisading dermatofibroma,,,,DERMO:0001116,,False
DERMO:0001121,aneurysmal dermatofibroma,,hemosiderotic sclerosing hemangioma,,DERMO:0001116,,False
DERMO:0001122,dermatofibroma with osteoclast-like cells,,,,DERMO:0001116,,False
DERMO:0001123,ossifying dermatofibroma,,,,DERMO:0001116,,False
DERMO:0001124,clear cell dermatofibroma,,,,DERMO:0001116,,False
DERMO:0001125,xanthomatous dermatofibroma,,,,DERMO:0001116,,False
DERMO:0001126,dermatofibroma with granular cells,,,,DERMO:0001116,,False
DERMO:0001127,cellular dermatofibroma,,,,DERMO:0001116,,False
DERMO:0001128,myxoid dermatofibroma,,,,DERMO:0001116,,False
DERMO:0001129,acral fibrokeratoma,,acquired digital fibrokeratoma,,DERMO:0001109,,False
DERMO:0001130,superficial acral fibromyxoma,,,,DERMO:0001109,,False
DERMO:0001131,sclerotic fibroma of the skin,,,,DERMO:0001109,,False
DERMO:0001132,pleomorphic fibroma of the skin,,,,DERMO:0001109,,False
DERMO:0001133,epitheliod fibrous histiocytoma,,,,DERMO:0001109,,False
DERMO:0001134,multinucleate cell angiohistiocytoma,,,"DERMLEX:2853 ""multinucleate cell angiohistiocytoma""",DERMO:0001109,,False
DERMO:0001135,dermatomyfibroma,,,,DERMO:0001109,,False
DERMO:0001136,giant cell tumor of tendon sheath,,giant cell synovioma|localized nodular tenosynovitis|pigmented villonodular synovitis,"SNOMEDCT_US_2015_03_01:71508003 ""giant cell tumor of tendon sheath""|SNOMEDCT_US_2015_03_01:95413004 ""giant cell tumor of tendon sheath""|SNOMEDCT_US_2015_03_01:128777004 ""giant cell tumor of tendon sheath""|DERMLEX:1276 ""giant cell tumor of tendon sheath""|DOID:2702 ""giant cell tumor of tendon sheath""|DOID:314 ""giant cell tumor of tendon sheath""",DERMO:0001109,,False
DERMO:0001137,fibroma of tendon sheath,,,"SNOMEDCT_US_2015_03_01:403992002 ""fibroma of tendon sheath""|SNOMEDCT_US_2015_03_01:703610002 ""fibroma of tendon sheath""|DERMLEX:1261 ""fibroma of tendon sheath""",DERMO:0001109,,False
DERMO:0001138,nodular fasciitis,,pseudosarcomatous fasciitis|subcutaneous pseudosarcomatous fibromatosis,"SNOMEDCT_US_2015_03_01:400138001 ""nodular fasciitis""|SNOMEDCT_US_2015_03_01:156729009 ""nodular fasciitis""|SNOMEDCT_US_2015_03_01:703616008 ""nodular fasciitis""|SNOMEDCT_US_2015_03_01:268106003 ""nodular fasciitis""|SNOMEDCT_US_2015_03_01:35548007 ""nodular fasciitis""|DERMLEX:1266 ""nodular fasciitis""|DOID:7327 ""nodular fasciitis""",DERMO:0001109,,False
DERMO:0001139,connective tissue nevus,,collagenoma|dermatofibrosis lenticularis disseminata|shagreen patch,"SNOMEDCT_US_2015_03_01:400091006 ""connective tissue nevus""|SNOMEDCT_US_2015_03_01:22858003 ""connective tissue nevus""|SNOMEDCT_US_2015_03_01:19291000 ""connective tissue nevus""|DERMLEX:1262 ""connective tissue nevus""|HP:0009721 ""connective tissue nevus""",DERMO:0001109,,False
DERMO:0001140,infantile digital fibroma,,inclusion body fibromatosis|recurring digital fibrous tumor of childhood,"SNOMEDCT_US_2015_03_01:399903008 ""infantile digital fibroma""|SNOMEDCT_US_2015_03_01:254742005 ""infantile digital fibroma""|DERMLEX:1299 ""infantile digital fibroma""",DERMO:0001109,,False
DERMO:0001141,infantile myofibromatosis,,congenital generalized fibromatosis|congenital multicentric fibromatosis,"SNOMEDCT_US_2015_03_01:73767002 ""infantile myofibromatosis""|SNOMEDCT_US_2015_03_01:254146000 ""infantile myofibromatosis""|DERMLEX:1269 ""infantile myofibromatosis""",DERMO:0001109,,False
DERMO:0001142,calcifying aponeurotic fibroma,,calcifying fibroma|cartilage analogue of fibromatosis|juvenile aponeurotic fibroma,"SNOMEDCT_US_2015_03_01:133856002 ""calcifying aponeurotic fibroma""|SNOMEDCT_US_2015_03_01:703612005 ""calcifying aponeurotic fibroma""|SNOMEDCT_US_2015_03_01:703614006 ""calcifying aponeurotic fibroma""|SNOMEDCT_US_2015_03_01:238862009 ""calcifying aponeurotic fibroma""|DERMLEX:1203 ""calcifying aponeurotic fibroma""",DERMO:0001109,,False
DERMO:0001143,fibrous hamartoma of infancy,,subdermal fibromatous tumor in infancy,"SNOMEDCT_US_2015_03_01:56364004 ""fibrous hamartoma of infancy""|DERMLEX:1267 ""fibrous hamartoma of infancy""|HP:0100882 ""fibrous hamartoma of infancy""",DERMO:0001109,,False
DERMO:0001144,fibromatosis,,,"SNOMEDCT_US_2015_03_01:19928005 ""fibromatosis""|MP:0003580 ""fibromatosis""",DERMO:0001109,,False
DERMO:0001145,superficial fascial fibromatosis,,,,DERMO:0001144,,False
DERMO:0001147,plantar fibromatosis,,ledderhose's disease,"SNOMEDCT_US_2015_03_01:13370002 ""plantar fibromatosis""|SNOMEDCT_US_2015_03_01:240032001 ""plantar fibromatosis""|DOID:8936 ""plantar fibromatosis""",DERMO:0001145,,False
DERMO:0001148,penile fibromatosis,,peyronie's disease,"SNOMEDCT_US_2015_03_01:1335005 ""penile fibromatosis""|DERMLEX:3471 ""peyronie disease""|DOID:8616 ""penile fibromatosis""",DERMO:0001145,,False
DERMO:0001149,knuckle pads,,holoderma,"SNOMEDCT_US_2015_03_01:16687001 ""knuckle pads""|DERMLEX:1301 ""knuckle pads""|ICD10:M72.1 ""knuckle pads""",DERMO:0001145,,False
DERMO:0001150,pachydermodactyly,,,"SNOMEDCT_US_2015_03_01:238857008 ""pachydermodactyly""|DERMLEX:1343 ""pachydermodactyly""",DERMO:0001145,,False
DERMO:0001151,deep musculoaponeurotic fibromatosis,,,,DERMO:0001144,,False
DERMO:0001152,desmoid tumor (extrabdominal),,,,DERMO:0001151,,False
DERMO:0001153,plexiform fibrohistiocytic tumor,,,"SNOMEDCT_US_2015_03_01:128743009 ""plexiform fibrohistiocytic tumor""|DERMLEX:1288 ""plexiform fibrohistiocytic tumor""",DERMO:0001109,,False
DERMO:0001154,atypical fibroxanthoma,,superficial variant of malignant fibrous histiocytoma,"SNOMEDCT_US_2015_03_01:26496005 ""atypical fibroxanthoma""|DERMLEX:1283 ""atypical fibroxanthoma""",DERMO:0001109,,False
DERMO:0001155,dermatofibrosarcoma protuberans,,DFSP,"SNOMEDCT_US_2015_03_01:76594008 ""dermatofibrosarcoma protuberans""|SNOMEDCT_US_2015_03_01:188140006 ""dermatofibrosarcoma protuberans""|SNOMEDCT_US_2015_03_01:276799004 ""dermatofibrosarcoma protuberans""|DERMLEX:1286 ""dermatofibrosarcoma protuberans""|DOID:3507 ""dermatofibrosarcoma protuberans""|OMIM:190040 ""dermatofibrosarcoma protuberans""",DERMO:0001109,,False
DERMO:0001156,bednar tumor,,,"SNOMEDCT_US_2015_03_01:62621002 ""bednar tumor""|SNOMEDCT_US_2015_03_01:398670003 ""bednar tumor""|SNOMEDCT_US_2015_03_01:253041002 ""bednar tumor""|DERMLEX:1094 ""pigmented dermatofibrosarcoma protuberans""",DERMO:0001155,,False
DERMO:0001157,giant cell fibroblastoma,,,"SNOMEDCT_US_2015_03_01:128742004 ""giant cell fibroblastoma""|SNOMEDCT_US_2015_03_01:238863004 ""giant cell fibroblastoma""|DERMLEX:1287 ""giant cell fibroblastoma""",DERMO:0001109,,False
DERMO:0001158,fibrosarcoma,,,"SNOMEDCT_US_2015_03_01:443250000 ""fibrosarcoma""|SNOMEDCT_US_2015_03_01:53654007 ""fibrosarcoma""|DERMLEX:1278 ""fibrosarcoma""|DOID:3355 ""fibrosarcoma""|HP:0100244 ""fibrosarcoma""",DERMO:0001109,,False
DERMO:0001159,epithelioid sarcoma,,epithelioid cell sarcoma,"SNOMEDCT_US_2015_03_01:59238007 ""epithelioid sarcoma""|DERMLEX:1295 ""epithelioid sarcoma""|DOID:6193 ""epithelioid sarcoma""",DERMO:0001109,,False
DERMO:0001160,"muscle, adipose or cartilage neoplasm",,,,DERMO:0000116,,False
DERMO:0001161,smooth muscle tumor,,,"SNOMEDCT_US_2015_03_01:75109009 ""smooth muscle tumor""|DOID:4310 ""smooth muscle tumor""",DERMO:0001160,,False
DERMO:0001162,leiomyoma,,leiomyoma cutis|superficial benign smooth muscle tumor|superficial leiomyoma,"SNOMEDCT_US_2015_03_01:44598004 ""leiomyoma""|DERMLEX:1161 ""leiomyoma""|DOID:127 ""leiomyoma""|DOID:5132 ""leiomyoma""",DERMO:0001161,,False
DERMO:0001163,piloleiomyoma,,,"SNOMEDCT_US_2015_03_01:449204005 ""piloleiomyoma""|DERMLEX:1167 ""piloleiomyoma""",DERMO:0001162,,False
DERMO:0001164,genital leiomyoma,,leiomyoma of the external genitalia,"SNOMEDCT_US_2015_03_01:404044006 ""genital leiomyoma""",DERMO:0001162,,False
DERMO:0001165,angioleiomyoma,,,"SNOMEDCT_US_2015_03_01:86959002 ""angioleiomyoma""|DERMLEX:1168 ""angioleiomyoma""",DERMO:0001162,,False
DERMO:0001166,solitary piloleiomyoma,,,"DERMLEX:1172 ""solitary piloleiomyoma""",DERMO:0001163,,False
DERMO:0001167,multiple piloleiomyomas,,,,DERMO:0001163,,False
DERMO:0001168,reed syndrome,,,,DERMO:0000583,,False
DERMO:0001169,leiomyosarcoma,,malignant smooth muscle tumor,"SNOMEDCT_US_2015_03_01:443719001 ""leiomyosarcoma""|SNOMEDCT_US_2015_03_01:51549004 ""leiomyosarcoma""|DERMLEX:1162 ""leiomyosarcoma""|DOID:1967 ""leiomyosarcoma""|HP:0100243 ""leiomyosarcoma""|MP:0002035 ""leiomyosarcoma""",DERMO:0001161,,False
DERMO:0001170,cutaneous leiomyosarcoma,,dermal leiomyosarcoma|superficial leiomyosarcoma,"SNOMEDCT_US_2015_03_01:254771006 ""cutaneous leiomyosarcoma""|DERMLEX:1181 ""cutaneous leiomyosarcoma""|DOID:5273 ""cutaneous leiomyosarcoma""|HP:0006755 ""cutaneous leiomyosarcoma""",DERMO:0001169,,False
DERMO:0001171,subcutaneous leiomyosarcoma,,,"DERMLEX:1182 ""subcutaneous leiomyosarcoma""",DERMO:0001169,,False
DERMO:0001172,smooth muscle hamartoma,,,"DERMLEX:1160 ""smooth muscle hamartoma""",DERMO:0001161,,False
DERMO:0001173,tumor of fat,,,,DERMO:0001160,,False
DERMO:0001174,lipoma,,,"SNOMEDCT_US_2015_03_01:154612003 ""lipoma""|SNOMEDCT_US_2015_03_01:93163002 ""lipoma""|SNOMEDCT_US_2015_03_01:46720004 ""lipoma""|DERMLEX:1215 ""lipoma""|DOID:3315 ""lipoma""|HP:0012032 ""lipoma""|OMIM:600700 ""lipoma""",DERMO:0001173,,False
DERMO:0001175,solitary lipoma,,,,DERMO:0001174,,False
DERMO:0001176,multiple lipomas,,lipomatosis,"DOID:3153 ""multiple lipomas""|HP:0001012 ""multiple lipomas""",DERMO:0001174,,False
DERMO:0001177,adiposis dolorosa,,dercum disease,"SNOMEDCT_US_2015_03_01:71404003 ""adiposis dolorosa""|DERMLEX:1242 ""adiposis dolorosa""|DOID:3928 ""adiposis dolorosa""",DERMO:0001176,,False
DERMO:0001178,infiltrating lipomatosis,,diffuse lipomatosis,"DOID:3923 ""infiltrating lipomatosis""",DERMO:0001176,,False
DERMO:0001179,hemihyperplasia-multiple lipomatosis syndrome,,,,DERMO:0001176,,False
DERMO:0001180,CLOVE syndrome,,"congenital lipomatous overgrowth, vascular malformations and epidermal nevi syndrome",,DERMO:0001186,,False
DERMO:0001181,SOLAMEN syndrome,,"segmental overgrowth, lipomatosis, arteriovenous malformations, and epidermal nevi  syndrome",,DERMO:0000617,,False
DERMO:0001182,angiolipoma,,,"SNOMEDCT_US_2015_03_01:73219006 ""angiolipoma""|SNOMEDCT_US_2015_03_01:404057003 ""angiolipoma""|DERMLEX:1228 ""angiolipoma""|DOID:3616 ""angiolipoma""",DERMO:0001173,,False
DERMO:0001183,spindle cell lipoma,,pleomorphic lipoma,"SNOMEDCT_US_2015_03_01:404058008 ""spindle cell lipoma""|SNOMEDCT_US_2015_03_01:27313007 ""spindle cell lipoma""|DERMLEX:1217 ""spindle cell lipoma""|DOID:10184 ""spindle cell lipoma""|DOID:10192 ""spindle cell lipoma""",DERMO:0001173,,False
DERMO:0001184,hibernoma,,fetal lipoma|lipoma of embryonic fat|lipoma of immature adipose tissue,"SNOMEDCT_US_2015_03_01:77027006 ""hibernoma""|SNOMEDCT_US_2015_03_01:404064001 ""hibernoma""|DERMLEX:1222 ""hibernoma""",DERMO:0001173,,False
DERMO:0001185,nevus lipomatous superficialis,,nevus lipomatous of hoffman and zurhelle,,DERMO:0001173,,False
DERMO:0001186,embronic lipoma,,,,DERMO:0001173,,False
DERMO:0001187,lipoblastoma,,ciscumscribed embryonic lipoma,"SNOMEDCT_US_2015_03_01:63629005 ""lipoblastoma""|SNOMEDCT_US_2015_03_01:400102008 ""lipoblastoma""|SNOMEDCT_US_2015_03_01:420777000 ""lipoblastoma""|SNOMEDCT_US_2015_03_01:274906009 ""lipoblastoma""|DERMLEX:1221 ""lipoblastoma""",DERMO:0001186,,False
DERMO:0001188,lipoblastomatosis,,diffuse embronic lipoma,"SNOMEDCT_US_2015_03_01:63629005 ""lipoblastomatosis""|SNOMEDCT_US_2015_03_01:400149007 ""lipoblastomatosis""|SNOMEDCT_US_2015_03_01:421419001 ""lipoblastomatosis""|SNOMEDCT_US_2015_03_01:274906009 ""lipoblastomatosis""|DERMLEX:1245 ""congenital lipomatosis""",DERMO:0001186,,False
DERMO:0001189,liposarcoma,,atypical lipoma|atypical lipomatous tumor,"SNOMEDCT_US_2015_03_01:254829001 ""liposarcoma""|SNOMEDCT_US_2015_03_01:49430005 ""liposarcoma""|DERMLEX:1223 ""liposarcoma""|DOID:3382 ""liposarcoma""|DOID:5690 ""liposarcoma""|HP:0012034 ""liposarcoma""|OMIM:164953 ""liposarcoma""",DERMO:0001173,,False
DERMO:0001190,well-differentiated liposarcoma,,,"DERMLEX:1252 ""well-differentiated liposarcoma""",DERMO:0001189,,False
DERMO:0001191,myxoid liposarcoma,,,"SNOMEDCT_US_2015_03_01:404069006 ""myxoid liposarcoma""|SNOMEDCT_US_2015_03_01:27849002 ""myxoid liposarcoma""|DERMLEX:1253 ""myxoid liposarcoma""|DOID:5363 ""myxoid liposarcoma""|HP:0012268 ""myxoid liposarcoma""|OMIM:126337 ""myxoid liposarcoma""",DERMO:0001189,,False
DERMO:0001192,pleomorphic liposarcoma,,,"SNOMEDCT_US_2015_03_01:404071006 ""pleomorphic liposarcoma""|SNOMEDCT_US_2015_03_01:112683004 ""pleomorphic liposarcoma""|DERMLEX:1255 ""pleomorphic liposarcoma""|DOID:5702 ""pleomorphic liposarcoma""",DERMO:0001189,,False
DERMO:0001193,round cell liposarcoma,,,"SNOMEDCT_US_2015_03_01:404070007 ""round cell liposarcoma""|SNOMEDCT_US_2015_03_01:43296007 ""round cell liposarcoma""|DERMLEX:1254 ""round cell liposarcoma""",DERMO:0001189,,False
DERMO:0001194,dedifferentiated liposarcoma,,,"SNOMEDCT_US_2015_03_01:67280001 ""dedifferentiated liposarcoma""|SNOMEDCT_US_2015_03_01:404072004 ""dedifferentiated liposarcoma""|SNOMEDCT_US_2015_03_01:189784007 ""dedifferentiated liposarcoma""|DERMLEX:1256 ""dedifferentiated liposarcoma""",DERMO:0001189,,False
DERMO:0001195,tumor of cartilage,,,,DERMO:0001160,,False
DERMO:0001196,extraskeletal chondroma,,chondroma of soft parts,"DERMLEX:1199 ""extraskeletal chondroma""|DOID:3814 ""extraskeletal chondroma""",DERMO:0001195,,False
DERMO:0001197,mastocytosis,,,"SNOMEDCT_US_2015_03_01:125541005 ""mastocytosis""|SNOMEDCT_US_2015_03_01:78745000 ""mastocytosis""|DERMLEX:1731 ""dermal mast cell disorders""|DOID:350 ""mastocytosis""|HP:0100495 ""mastocytosis""|ICD10:Q82.2 ""mastocytosis""",DERMO:0000116,DERMO:0000268,False
DERMO:0001198,cutaneous mastocytosis,,CM,"SNOMEDCT_US_2015_03_01:397012002 ""cutaneous mastocytosis""|SNOMEDCT_US_2015_03_01:703827008 ""cutaneous mastocytosis""|DOID:3663 ""cutaneous mastocytosis""|HP:0200151 ""cutaneous mastocytosis""",DERMO:0001197,,False
DERMO:0001199,urticaria pigmentosa,,macropapular cutaneous mastocytosis,"SNOMEDCT_US_2015_03_01:78745000 ""urticaria pigmentosa""|SNOMEDCT_US_2015_03_01:703828003 ""urticaria pigmentosa""|SNOMEDCT_US_2015_03_01:205566001 ""urticaria pigmentosa""|DERMLEX:2190 ""urticaria pigmentosa""|DOID:12309 ""urticaria pigmentosa""",DERMO:0001198,,False
DERMO:0001200,diffuse cutaneous mastocytosis,,,"SNOMEDCT_US_2015_03_01:703826004 ""diffuse cutaneous mastocytosis""|DERMLEX:2191 ""diffuse cutaneous mastocytosis""|DOID:3665 ""diffuse cutaneous mastocytosis""",DERMO:0001198,,False
DERMO:0001201,mastocytoma,,,"SNOMEDCT_US_2015_03_01:89796001 ""mastocytoma""|SNOMEDCT_US_2015_03_01:404171008 ""mastocytoma""|SNOMEDCT_US_2015_03_01:134333006 ""mastocytoma""|DERMLEX:4345 ""mastocytoma""|DOID:3664 ""mastocytoma""",DERMO:0001198,,False
DERMO:0001202,indolent systemic mastocytosis,,ISM,"SNOMEDCT_US_2015_03_01:70910003 ""indolent systemic mastocytosis""|SNOMEDCT_US_2015_03_01:397356009 ""indolent systemic mastocytosis""|DOID:4660 ""indolent systemic mastocytosis""",DERMO:0001197,,False
DERMO:0001203,smoldering systemic mastocytosis,,SSM,,DERMO:0001202,,False
DERMO:0001204,isolated bone marrow mastocytosis,,,,DERMO:0001202,,False
DERMO:0001205,systemic mastocytosis with associated clonal hematological non-mast cell-lineage disease,,SM-AHNMD,"DOID:4797 ""systemic mastocytosis with associated clonal hematological non-mast cell-lineage disease""",DERMO:0001197,,False
DERMO:0001206,myeloproliferative disorder,,,"SNOMEDCT_US_2015_03_01:414794006 ""myeloproliferative disorder""|SNOMEDCT_US_2015_03_01:425333006 ""myeloproliferative disorder""|SNOMEDCT_US_2015_03_01:188772004 ""myeloproliferative disorder""|DOID:4960 ""myeloproliferative disorder""|HP:0005547 ""myeloproliferative disorder""|OMIM:605392 ""myeloproliferative disorder""",DERMO:0000621,,False
DERMO:0001207,chronic myelomonocytic leukemia,,CMML,"SNOMEDCT_US_2015_03_01:79660002 ""chronic myelomonocytic leukemia""|SNOMEDCT_US_2015_03_01:128831004 ""chronic myelomonocytic leukemia""|SNOMEDCT_US_2015_03_01:188769006 ""chronic myelomonocytic leukemia""|SNOMEDCT_US_2015_03_01:127225006 ""chronic myelomonocytic leukemia""|HP:0012325 ""chronic myelomonocytic leukemia""",DERMO:0001724,,False
DERMO:0001208,myelodysplastic disorder,,,,DERMO:0000621,,False
DERMO:0001209,acute myeloid leukemia,,AML,"SNOMEDCT_US_2015_03_01:91861009 ""acute myeloid leukemia""|SNOMEDCT_US_2015_03_01:413443009 ""acute myeloid leukemia""|SNOMEDCT_US_2015_03_01:17788007 ""acute myeloid leukemia""|DERMLEX:1582 ""acute myeloid leukemia involving skin""|DOID:9119 ""acute myeloid leukemia""|HP:0004808 ""acute myeloid leukemia""",DERMO:0001724,,False
DERMO:0001211,aggressive systemic mastocytosis,,ASM,"SNOMEDCT_US_2015_03_01:397358005 ""aggressive systemic mastocytosis""|SNOMEDCT_US_2015_03_01:397008008 ""aggressive systemic mastocytosis""|DOID:4798 ""aggressive systemic mastocytosis""",DERMO:0001197,,False
DERMO:0001212,lympheadenopathic mastocytosis with eosinophilia,,,,DERMO:0001211,,False
DERMO:0001213,mast cell leukemia,,MCL,"SNOMEDCT_US_2015_03_01:70798001 ""mast cell leukemia""|SNOMEDCT_US_2015_03_01:128924002 ""mast cell leukemia""|SNOMEDCT_US_2015_03_01:110002002 ""mast cell leukemia""|SNOMEDCT_US_2015_03_01:188755006 ""mast cell leukemia""|DERMLEX:1661 ""mast cell leukemia""",DERMO:0001197|DERMO:0001724,,False
DERMO:0001214,aleukemic mast cell leukemia,,,,DERMO:0001213|DERMO:0001724,,False
DERMO:0001215,mast cell sarcoma,,,"SNOMEDCT_US_2015_03_01:13583002 ""mast cell sarcoma""|SNOMEDCT_US_2015_03_01:118615008 ""mast cell sarcoma""",DERMO:0001197,,False
DERMO:0001216,extracutaneous mastocytoma,,,"SNOMEDCT_US_2015_03_01:63175003 ""extracutaneous mastocytoma""|DOID:4659 ""extracutaneous mastocytoma""",DERMO:0001197,,False
DERMO:0001217,B-cell lymphoma of the skin,,cutaneous B-cell lymphoma|pCBCL|primary cutaneous B-cell lymphoma|SALT-related lymphoma|skin-associated lymphoid tissue-related B-cell lymphoma,,DERMO:0000116|DERMO:0002340,,False
DERMO:0001218,primary cutaneous follicle centre lymphoma,,PCFCL,"SNOMEDCT_US_2015_03_01:404143002 ""primary cutaneous follicle centre lymphoma""|SNOMEDCT_US_2015_03_01:419662008 ""primary cutaneous follicle centre lymphoma""",DERMO:0001217,,False
DERMO:0001219,primary cutaneous marginal zone B-cell lymphoma,,extranodal marginal zone lymphoma of mucosa-associated lymphoid tissue|MALT lymphoma|PCMZL,"SNOMEDCT_US_2015_03_01:404140004 ""primary cutaneous marginal zone b-cell lymphoma""|SNOMEDCT_US_2015_03_01:420028002 ""primary cutaneous marginal zone b-cell lymphoma""|OMIM:604860 ""primary cutaneous marginal zone b-cell lymphoma""",DERMO:0001217,,False
DERMO:0001220,"primary cutaneous diffuse large B-cell lymphoma, leg type",,DLBCLLT,,DERMO:0001217,,False
DERMO:0001221,primary cutaneous diffuse large B-cell lymphoma,,"diffuse large B-cell lymphoma, NOS",,DERMO:0001217,,False
DERMO:0001222,intravascular diffuse large B-cell lymphoma,,IVDLBCL,,DERMO:0001217,,False
DERMO:0001223,precursor B lymphoblastic lymphoma,,precursor B lymphoblastic leukemia,,DERMO:0001217|DERMO:0001724,,False
DERMO:0001224,arthropathic psoriasis,Inflammatory arthritis associated psoriasis,psoriatic arthritis,"UMLS_CUI:C0003872 ""Arthropathic psoriasis""",DERMO:0000124,,False
DERMO:0001225,plasmablastic lymphoma,,,"SNOMEDCT_US_2015_03_01:78010001 ""plasmablastic lymphoma""|SNOMEDCT_US_2015_03_01:450909005 ""plasmablastic lymphoma""",DERMO:0001217,,False
DERMO:0001226,EBV-associated diffuse large B-cell lymphoma of the elderly,,,,DERMO:0001217,,False
DERMO:0001227,plasma cell dyscrasia,,,"SNOMEDCT_US_2015_03_01:71390001 ""plasma cell dyscrasia""",DERMO:0001217|DERMO:0002650,,False
DERMO:0001229,classical mycosis fungoides,,ailbert-bazin type mycosis fungoides,,DERMO:0000461,,False
DERMO:0001230,generalized patch stage mycosis fungoides,,,,DERMO:0000406|DERMO:0001229,,False
DERMO:0001231,tumor stage mycosis fungoides,,,"SNOMEDCT_US_2015_03_01:404113004 ""tumor stage mycosis fungoides""|DERMLEX:1541 ""tumor stage mycosis fungoides""",DERMO:0001229,,False
DERMO:0001232,hyperpigmented mycosis fungoides,,,,DERMO:0001229,,False
DERMO:0001233,folliculotropic mycosis fungoides,,folliculocentric mycosis fungoides|folliculotropic MF|MF- associated follicular mucinosis|pilotropic mycosis fungoides,"SNOMEDCT_US_2015_03_01:404109006 ""folliculotropic mycosis fungoides""",DERMO:0000461,,False
DERMO:0001234,pagetoid reticulosis,,unilesional mycosis fungoides,"SNOMEDCT_US_2015_03_01:404119000 ""pagetoid reticulosis""|SNOMEDCT_US_2015_03_01:90120004 ""pagetoid reticulosis""|SNOMEDCT_US_2015_03_01:419386004 ""pagetoid reticulosis""|DERMLEX:1538 ""pagetoid reticulosis""|PMDERMO:20652112 ""journal article""",DERMO:0000461,,False
DERMO:0001235,"pagetoid reticulosis, ketron-goodman type",,generalized pagetoid reticulosis|ketron-goodman disease|KGD,,DERMO:0001234,,False
DERMO:0001236,"pagetoid reticulosis, woringer-kolopp type",,localized pagetoid reticulosis|WKD|woringer-kolopp disease,,DERMO:0001234,,False
DERMO:0001237,granulomatous slack skin,,,"DERMLEX:1528 ""granulomatous slack skin""",DERMO:0000461,,False
DERMO:0001238,sezary syndrome,,SS,"SNOMEDCT_US_2015_03_01:4950009 ""sezary syndrome""|DERMLEX:1542 ""sezary syndrome""|DOID:8541 ""sezary syndrome""",DERMO:0000125,,False
DERMO:0001239,adult T-cell lymphoma,,adult T-cell leukemia|ATLL,"SNOMEDCT_US_2015_03_01:77430005 ""adult t-cell lymphoma""|DOID:0050523 ""adult t-cell lymphoma""",DERMO:0000125|DERMO:0001724,,False
DERMO:0001240,primary cutaneous CD30-positive lymphoproliferative disorder,,,,DERMO:0000125,,False
DERMO:0001241,primary cutaneous anaplastic large cell lymphoma,,C-ALCL,"SNOMEDCT_US_2015_03_01:397352006 ""primary cutaneous anaplastic large cell lymphoma""|SNOMEDCT_US_2015_03_01:128804002 ""primary cutaneous anaplastic large cell lymphoma""",DERMO:0001240,,False
DERMO:0001242,lymphomatoid papulosis,,LyP,"SNOMEDCT_US_2015_03_01:397353001 ""lymphomatoid papulosis""|SNOMEDCT_US_2015_03_01:128804002 ""lymphomatoid papulosis""|SNOMEDCT_US_2015_03_01:200986009 ""lymphomatoid papulosis""|SNOMEDCT_US_2015_03_01:31047003 ""lymphomatoid papulosis""|DERMLEX:1489 ""lymphomatoid papulosis""|ICD10:L41.2 ""lymphomatoid papulosis""",DERMO:0001240,,False
DERMO:0001243,LyP type A,,,,DERMO:0001242,,False
DERMO:0001244,LyP type B,,,,DERMO:0001242,,False
DERMO:0001245,LyP type C,,,,DERMO:0001242,,False
DERMO:0001246,LyP type D,,,,DERMO:0001242,,False
DERMO:0001247,subcutaneous panniculitis-like T-cell lymphoma,,SPTCL,"SNOMEDCT_US_2015_03_01:103682005 ""subcutaneous panniculitis-like t-cell lymphoma""|SNOMEDCT_US_2015_03_01:404133000 ""subcutaneous panniculitis-like t-cell lymphoma""|ICD10:C86.3 ""subcutaneous panniculitis-like t-cell lymphoma""",DERMO:0000125|DERMO:0001300,,False
DERMO:0001248,"extranodal NK/T-cell lymphoma, nasal type",,,"SNOMEDCT_US_2015_03_01:414166008 ""extranodal nk/t-cell lymphoma, nasal type""|ICD10:C86.0 ""extranodal nk/t-cell lymphoma, nasal type""",DERMO:0000125|DERMO:0001300,,False
DERMO:0001249,primary cutaneous CD8-positive aggressive epidermotropic cytotoxic T-cell lymphoma,,,,DERMO:0000125,,False
DERMO:0001250,primary cutaneous gamma/delta T-cell lymphoma,,PCGD-TCL,,DERMO:0000125|DERMO:0001300,,False
DERMO:0001251,primary cutaneous CD4-positive small/medium pleomorphic T-cell lymphoma,,,,DERMO:0000125,,False
DERMO:0001252,"primary cutaneous peripheral T-cell lymphoma, unspecified",,,,DERMO:0000125,,False
DERMO:0001253,"lymphoproliferative or myeloproliferative disease, not otherwise specified",,,,DERMO:0000116,,False
DERMO:0001254,benign lymphocytic infiltrate,,,,DERMO:0001253,,False
DERMO:0001255,lymphocytic infiltrate of jessner,,benign lymphocytic infiltrate of the skin|jessner's lymphocytic infiltration of the skin|jessner-kanof lymphocytic infiltration of the skin|LIJ,,DERMO:0001254,,False
DERMO:0001256,borrelia lymphocytoma,,CLH|cutaneous B- or T- cell pseudolymphoma|cutaneous lymphoid hyperplasia|LABC|lymphadenosis benigna cutis|lymphocytoma cutis|miliary lymphocytoma|pseudolymphoma|pseudolymphoma of spiegler and fendt|sarcoidosis of spiegler and fendt|spiegler-fendt lymphoid hyperplasia|spiegler-fendt sarcoid,,DERMO:0001254|DERMO:0002162,DERMO:0002164,False
DERMO:0001257,extramedullary hematopoiesis,,EMH,"SNOMEDCT_US_2015_03_01:42952007 ""extramedullary hematopoiesis""|HP:0001978 ""extramedullary hematopoiesis""|MP:0000240 ""extramedullary hematopoiesis""",DERMO:0001254,,False
DERMO:0001258,malignant hematopoietic infiltrate,,,,DERMO:0001253,,False
DERMO:0001259,leukemia cutis,,,"SNOMEDCT_US_2015_03_01:404156009 ""leukemia cutis""|DERMLEX:1492 ""leukemia cutis""|PMDERMO:18089498",DERMO:0001258,,False
DERMO:0001260,"non- B-cell, non- T-cell lymphoma",,,,DERMO:0001258|DERMO:0002340,,False
DERMO:0001261,hodgkin disease,,HD|hodgkin lymphoma,"SNOMEDCT_US_2015_03_01:118599009 ""hodgkin disease""|DOID:12858 ""hodgkin disease""|DOID:8567 ""hodgkin disease""|ICD10:C81 ""hodgkin disease""|OMIM:613169 ""hodgkin disease""",DERMO:0001260|DERMO:0001725,DERMO:0000148,False
DERMO:0001262,blastic plasmacytoid dendritic cell neoplasm,,blastic NK-cell lymphoma|blastic plasmacytoid dendritic cell lymphoma|BPDCN|CD4+/CD56+ hematodermic neoplasm,"SNOMEDCT_US_2015_03_01:445030005 ""blastic plasmacytoid dendritic cell neoplasm""|SNOMEDCT_US_2015_03_01:445105005 ""blastic plasmacytoid dendritic cell neoplasm""|ICD10:C86.4 ""blastic plasmacytoid dendritic cell neoplasm""",DERMO:0001260,,False
DERMO:0001263,angioimmunoblastic T-cell lymphoma,,AITCL|angioimmunoblastic lymphadenopathy|angioimmunoblastic lymphadenopathy with dysproteinemia|immunoblastic lymphadenopathy|lymphogranulomatosis X,"SNOMEDCT_US_2015_03_01:835009 ""angioimmunoblastic t-cell lymphoma""|SNOMEDCT_US_2015_03_01:413537009 ""angioimmunoblastic t-cell lymphoma""|ICD10:C86.5 ""angioimmunoblastic t-cell lymphoma""",DERMO:0001258,,False
DERMO:0001264,lymphomatoid granulomatosis,,,"SNOMEDCT_US_2015_03_01:60337005 ""lymphomatoid granulomatosis""|SNOMEDCT_US_2015_03_01:239940004 ""lymphomatoid granulomatosis""|DERMLEX:1512 ""lymphomatoid granulomatosis""",DERMO:0001258,,False
DERMO:0001265,cutaneous metastasis,,,"SNOMEDCT_US_2015_03_01:94579000 ""cutaneous metastasis""",DERMO:0000116,,False
DERMO:0001266,panniculitis,,,"SNOMEDCT_US_2015_03_01:156779007 ""panniculitis""|SNOMEDCT_US_2015_03_01:22125009 ""panniculitis""|SNOMEDCT_US_2015_03_01:268122002 ""panniculitis""|DOID:1526 ""panniculitis""|HP:0012490 ""panniculitis""|MP:0011164 ""panniculitis""",DERMO:0000114,,False
DERMO:0001267,erythema nodosum,,erythema contusiformis,"SNOMEDCT_US_2015_03_01:156363009 ""erythema nodosum""|SNOMEDCT_US_2015_03_01:200929004 ""erythema nodosum""|SNOMEDCT_US_2015_03_01:32861005 ""erythema nodosum""|DERMLEX:2353 ""erythema nodosum""|HP:0012219 ""erythema nodosum""|ICD10:L52 ""erythema nodosum""",DERMO:0001301,,False
DERMO:0001268,subacute nodular migratory panniculitis,,chronic erythema nodosum|erythema nodosum migrans,"SNOMEDCT_US_2015_03_01:76097009 ""subacute nodular migratory panniculitis""|DERMLEX:2354 ""erythema nodosum migrans""",DERMO:0001267,,False
DERMO:0001269,morpeha panniculitis,,,,DERMO:0001301,,False
DERMO:0001270,scleroderma panniculitis,,,,DERMO:0001301,,False
DERMO:0001271,alpha1-antitrypsin deficiency panniculitis,,alpha1-proteinase deficiency panniculitis,"DERMLEX:2355 ""alpha1-antitrypsin deficiency panniculitis""",DERMO:0001301,,False
DERMO:0001272,erythema induratum,,nodular vasculitis,"SNOMEDCT_US_2015_03_01:11354005 ""erythema induratum""|SNOMEDCT_US_2015_03_01:2028007 ""erythema induratum""|DERMLEX:2356 ""erythema induratum""",DERMO:0001302|DERMO:0002194,,False
DERMO:0001273,"erythema induratum, tuberculous associated",,bazin's disease|erythema induratum of bazin,,DERMO:0001272,,False
DERMO:0001274,"erythema induratum, non-tuberculous associated",,erythema induratum of whitfield,,DERMO:0001272,,False
DERMO:0001275,pancreatic panniculitis,,enzymatic panniculitis|pancreatic fat necrosis,"DERMLEX:2357 ""pancreatic panniculitis""",DERMO:0001302,,False
DERMO:0001276,sclerema neonatorum,,,"SNOMEDCT_US_2015_03_01:78945007 ""sclerema neonatorum""|SNOMEDCT_US_2015_03_01:206539008 ""sclerema neonatorum""|DERMLEX:2359 ""sclerema neonatorum""|ICD10:P83.0 ""sclerema neonatorum""",DERMO:0001277,,False
DERMO:0001277,panniculitide with needle shaped clefts in the subcutis,,,,DERMO:0001302,,False
DERMO:0001278,subcutaneous fat necrosis of the newborn,,,"DERMLEX:2358 ""subcutaneous fat necrosis of the newborn""",DERMO:0001277,,False
DERMO:0001279,post-steroid panniculitis,,,"DERMLEX:2360 ""post-steroid panniculitis""",DERMO:0001277,,False
DERMO:0001280,lupus erythematosus panniculitis,,lupus panniculitis|subcutaneous lupus erythematosus,"DERMLEX:2370 ""lupus panniculitis""",DERMO:0001302|DERMO:0001874,,False
DERMO:0001281,panniculitis of dermatomyositis,,,"DERMLEX:2362 ""panniculitis of dermatomyositis""",DERMO:0001302,,False
DERMO:0001282,traumatic panniculitis,,,"SNOMEDCT_US_2015_03_01:238891007 ""traumatic panniculitis""|DERMLEX:4122 ""traumatic panniculitis""",DERMO:0001302,,False
DERMO:0001283,cold panniculitis,,haxthausen's disease,"SNOMEDCT_US_2015_03_01:66487006 ""cold panniculitis""|SNOMEDCT_US_2015_03_01:397768002 ""cold panniculitis""|DERMLEX:2361 ""cold panniculitis""",DERMO:0001282,,False
DERMO:0001284,sclerosing granuloma,,,,DERMO:0001282,,False
DERMO:0001285,panniculitis due to injectable substances or therapies,,,,DERMO:0001282,,False
DERMO:0001286,panniculitis due to blunt trauma,,,,DERMO:0001282,,False
DERMO:0001287,equestrian cold panniculitis,,,,DERMO:0001283,,False
DERMO:0001288,popsicle panniculitis,,,"DERMLEX:2361 ""cold panniculitis""",DERMO:0001283,,False
DERMO:0001289,grease gun granuloma,,,,DERMO:0001284,,False
DERMO:0001290,eosinophilic sclerosing lipogranuloma,,,,DERMO:0001284,,False
DERMO:0001291,texier's disease,,,,DERMO:0001285,,False
DERMO:0001292,povidone panniculitis,,,,DERMO:0001285,,False
DERMO:0001293,cancer vaccine panniculitis,,,,DERMO:0001285,,False
DERMO:0001294,panniculitis due to aluminum in hyposensitization vaccines,,,,DERMO:0001285,,False
DERMO:0001295,panniculitis due to injectable aesthetic microimplants,,,,DERMO:0001285,,False
DERMO:0001296,post-irradiation or radiation recall panniculitis,,,,DERMO:0001285,,False
DERMO:0001297,lipodermatosclerosis,,chronic panniculitis with lipomembranous changes|hypodermitis sclerodermiformis|sclerosing panniculitis,"SNOMEDCT_US_2015_03_01:95335006 ""lipodermatosclerosis""|SNOMEDCT_US_2015_03_01:410016009 ""lipodermatosclerosis""|SNOMEDCT_US_2015_03_01:201301003 ""lipodermatosclerosis""|SNOMEDCT_US_2015_03_01:201306008 ""lipodermatosclerosis""|DERMLEX:2365 ""lipodermatosclerosis""",DERMO:0001302,,False
DERMO:0001298,infection-induced panniculitis,,infective panniculitis,,DERMO:0001302,,False
DERMO:0001299,cytophagic histiocytic panniculitis,,,"SNOMEDCT_US_2015_03_01:238883003 ""cytophagic histiocytic panniculitis""|DERMLEX:4374 ""cytophagic histiocytic panniculitis""",DERMO:0001302,,False
DERMO:0001300,malignant subcutaneous infiltrate,,,,DERMO:0001302,,False
DERMO:0001301,predominantly septal panniculitis,,,,DERMO:0001266,,False
DERMO:0001302,lobular or mixed septal-lobular panniculitis,,,,DERMO:0001266,,False
DERMO:0001303,unusual form panniculitis,,,,DERMO:0001266,,False
DERMO:0001304,crystal deposition panniculitis,,,,DERMO:0001303,,False
DERMO:0001305,idiopathic palmoplantar hidradenitis,"Idiopathic plantar hidradenitis is an uncommon condition affecting children where tender, red lumps appear on the soles and palms. The proposed pathomechanism involves eccrine gland rupture due to mechanical and thermal trauma.",palmoplantar eccrine hidradenitis|recurrent palmoplantar hidradenitis,,DERMO:0001303|DERMO:0002591,,False
DERMO:0001306,sweets' panniculitis,,subcutaneous sweet's syndrome,,DERMO:0001303|DERMO:0003263,,False
DERMO:0001307,panniculitic bacterid,,,,DERMO:0001303,,False
DERMO:0001308,plasma cell panniculitis,,,,DERMO:0001303,,False
DERMO:0001309,panniculitis of lyme's disease,,,,DERMO:0001303,,False
DERMO:0001310,fasciitis-panniculitis syndrome,,,,DERMO:0001303,,False
DERMO:0001311,atypical lymphocytic lobular panniculitis,,,,DERMO:0001303,,False
DERMO:0001312,infantile-onset panniculitis with uveitis and systemic granulomatosis,,,,DERMO:0001303,,False
DERMO:0001313,lipodystrophy,,lipoatrophy|lipohypertrophy,"SNOMEDCT_US_2015_03_01:71325002 ""lipodystrophy""|SNOMEDCT_US_2015_03_01:190789006 ""lipodystrophy""|DERMLEX:2352 ""lipodystrophy""|DOID:811 ""lipodystrophy""|HP:0009125 ""lipodystrophy""|HP:0100578 ""lipodystrophy""|MP:0011174 ""lipodystrophy""",DERMO:0000114,,False
DERMO:0001315,congenital generalized lipodystrophy,,berardinelli-seip syndrome|brunzell syndrome|CGL,"SNOMEDCT_US_2015_03_01:284449005 ""congenital generalized lipodystrophy""|DERMLEX:4580 ""congenital generalized lipodystrophy""|DOID:0050585 ""congenital generalized lipodystrophy""|HP:0009059 ""congenital generalized lipodystrophy""",DERMO:0000654,DERMO:0000656,False
DERMO:0001316,familial partial lipodystrophy,,FPLD,"SNOMEDCT_US_2015_03_01:49292002 ""familial partial lipodystrophy""|DERMLEX:4581 ""familial partial lipodystrophy""|DOID:0050440 ""familial partial lipodystrophy""",DERMO:0000654,DERMO:0000661,False
DERMO:0001317,"familial partial lipodystrophy, kobberling type",,,,DERMO:0001316,,False
DERMO:0001318,"familial partial lipodystrophy, dunnigan type",,,,DERMO:0001316,,False
DERMO:0001319,familial partial lipodystrophy with mandibuloacral dysplasia,,familial partial lipodystrophy with MAD,,DERMO:0001316,,False
DERMO:0001320,acquired lipodystrophy,,,"DERMLEX:4579 ""acquired lipodystrophy""",DERMO:0001313,,False
DERMO:0001321,acquired generalized lipodystrophy,,lawrence syndrome,"SNOMEDCT_US_2015_03_01:86907008 ""acquired generalized lipodystrophy""|DERMLEX:4596 ""acquired generalized lipodystrophy""",DERMO:0001320,,False
DERMO:0001323,HIV/ART-associated lipodystrophy syndrome,,,,DERMO:0001320,,False
DERMO:0001324,berardinelli-seip congental lipodystrophy type 1,,BSCL1,,DERMO:0001315,,False
DERMO:0001325,berardinelli-seip congental lipodystrophy type 2,,BSCL2,,DERMO:0001315,,False
DERMO:0001326,localized lipoatrophy,,,"SNOMEDCT_US_2015_03_01:238896002 ""localized lipoatrophy""|DERMLEX:4598 ""localized lipodystrophy""",DERMO:0001313,,False
DERMO:0001327,insulin lipodystrophy,,,,DERMO:0000665|DERMO:0001328,,False
DERMO:0001328,drug-induced lipoatrophy,,,,DERMO:0001326,,False
DERMO:0001329,involutional lipoatrophy,,,,DERMO:0001326,,False
DERMO:0001330,atrophic connective tissue panniculitis,,,,DERMO:0001326,,False
DERMO:0001331,lipoatrophy semicircularis,,semicircular lipoatrophy,,DERMO:0001326,,False
DERMO:0001332,annular lipoatrophy,,,"DERMLEX:4606 ""annular lipoatrophy""",DERMO:0001326,,False
DERMO:0001333,lipodystrophia centrifugalis abdominalis infantalis,,centrifugal lipodystrophy,"SNOMEDCT_US_2015_03_01:238899009 ""lipodystrophia centrifugalis abdominalis infantalis""|DERMLEX:4601 ""centrifugal lipodystrophy""",DERMO:0001326,,False
DERMO:0001335,non-progressive late-onset linear hemifacial lipoatrophy,,,,DERMO:0001326,,False
DERMO:0001336,allergic contact dermatitis,,ACD|contact eczema,"SNOMEDCT_US_2015_03_01:200841005 ""allergic contact dermatitis""|SNOMEDCT_US_2015_03_01:238575004 ""allergic contact dermatitis""|DERMLEX:2101 ""allergic contact dermatitis""|DOID:2773 ""allergic contact dermatitis""|DOID:3042 ""allergic contact dermatitis""|ICD10:L23 ""allergic contact dermatitis""",DERMO:0001341,,False
DERMO:0001337,amino acid disorder,,,"SNOMEDCT_US_2015_03_01:44779003 ""amino acid disorder""",DERMO:0002735,,False
DERMO:0001338,acute contact dermatitis,,,"SNOMEDCT_US_2015_03_01:111189002 ""acute contact dermatitis""",DERMO:0001336,,False
DERMO:0001339,chronic contact dermatitis,,,"SNOMEDCT_US_2015_03_01:51221005 ""chronic contact dermatitis""",DERMO:0001336,,False
DERMO:0001340,autosensitization dermatitis,,,"SNOMEDCT_US_2015_03_01:3014005 ""autosensitization dermatitis""|DERMLEX:2110 ""autoeczematization""",DERMO:0001336,,False
DERMO:0001341,contact dermatitis,,,"SNOMEDCT_US_2015_03_01:156338009 ""contact dermatitis""|SNOMEDCT_US_2015_03_01:200780008 ""contact dermatitis""|SNOMEDCT_US_2015_03_01:267842005 ""contact dermatitis""|SNOMEDCT_US_2015_03_01:40275004 ""contact dermatitis""|DOID:2773 ""contact dermatitis""",DERMO:0000102|DERMO:0001368|DERMO:0001742,,False
DERMO:0001342,irritant contact dermatitis,,chemical burn|housewife's eczema|ICD|irritant dermatitis|irritant dermatitis syndrome|irritant reaction|toxic contact dermatitis,"SNOMEDCT_US_2015_03_01:110979008 ""irritant contact dermatitis""|SNOMEDCT_US_2015_03_01:200850007 ""irritant contact dermatitis""|DERMLEX:2102 ""irritant contact dermatitis""|DOID:2772 ""irritant contact dermatitis""|ICD10:L24 ""irritant contact dermatitis""",DERMO:0001341,,False
DERMO:0001343,pigmented allergic contact dermatitis,,,,DERMO:0001336,,False
DERMO:0001344,lichenoid allergic contact dermatitis,,,"SNOMEDCT_US_2015_03_01:238672005 ""lichenoid allergic contact dermatitis""",DERMO:0001336,,False
DERMO:0001345,purpuric allergic contact dermatitis,,,,DERMO:0001336,,False
DERMO:0001346,granulomatous allergic contact dermatitis,,,,DERMO:0001336,,False
DERMO:0001347,pseudolymphomatous allergic contact dermatitis,,,,DERMO:0001336,,False
DERMO:0001348,photoinduced allergic contact dermatitis,,,,DERMO:0001336|DERMO:0002866,,False
DERMO:0001349,airborne allergic contact dermatitis,,,,DERMO:0001336,,False
DERMO:0001350,systemic contact dermatitis,,,"DERMLEX:1901 ""systemic contact dermatitis""",DERMO:0001336,,False
DERMO:0001351,baboon syndrome,,,"SNOMEDCT_US_2015_03_01:277804000 ""baboon syndrome""|DERMLEX:1910 ""baboon syndrome""",DERMO:0001336,,False
DERMO:0001352,textile dermatitis,,,,DERMO:0001336,,False
DERMO:0001353,acute irritant contact dermatitis,,,"SNOMEDCT_US_2015_03_01:402261004 ""acute irritant contact dermatitis""|SNOMEDCT_US_2015_03_01:425630003 ""acute irritant contact dermatitis""|SNOMEDCT_US_2015_03_01:238579005 ""acute irritant contact dermatitis""",DERMO:0001342,,False
DERMO:0001354,chronic irritant contact dermatitis,,,"SNOMEDCT_US_2015_03_01:238581007 ""chronic irritant contact dermatitis""",DERMO:0001342,,False
DERMO:0001355,acute delayed irritant contact dermatitis,,,,DERMO:0001342,,False
DERMO:0001356,irritant reaction irritant contact dermatitis,,,,DERMO:0001342,,False
DERMO:0001357,cumulative irritant contact dermatitis,,,"SNOMEDCT_US_2015_03_01:402274005 ""cumulative irritant contact dermatitis""",DERMO:0001342,,False
DERMO:0001358,asteatotic dermatitis,,asteatotic eczema|exsiccation eczematic irritant contact dermatitis,,DERMO:0001342,,False
DERMO:0001359,traumatic irritant contact dermatitis,,,,DERMO:0001342,,False
DERMO:0001360,pustular and acneiform irritant contact dermatitis,,,,DERMO:0001342,,False
DERMO:0001361,non-erythematous irritant contact dermatitis,,,,DERMO:0001342,,False
DERMO:0001362,sensory irritant contact dermatitis,,subjective irritant contact dermatitis,,DERMO:0001342,,False
DERMO:0001363,airborne irritant contact dermatitis,,,,DERMO:0001342,,False
DERMO:0001364,frictional irritant contact dermatitis,,,,DERMO:0001342,,False
DERMO:0001365,contact urticaria,,contact urticaria syndrome|immediate contact reaction|protein contact dermatitis,"SNOMEDCT_US_2015_03_01:19364004 ""contact urticaria""|DERMLEX:1923 ""contact urticaria""|ICD10:L50.6 ""contact urticaria""",DERMO:0001342|DERMO:0003070,,False
DERMO:0001366,immunological subtype contact urticaria,,,,DERMO:0001365,,False
DERMO:0001367,non-immunological subtype contact urticaria,,,,DERMO:0001365,,False
DERMO:0001368,occupational dermatosis,,,,DERMO:0000102,,False
DERMO:0001369,mechanical occupational dermatosis,,,,DERMO:0001368,,False
DERMO:0001370,chemical occupational dermatosis,,,,DERMO:0001368,,False
DERMO:0001371,physical occupational dermatosis,,,,DERMO:0001368,,False
DERMO:0001372,biological occupational dermatosis,,,,DERMO:0001368,,False
DERMO:0001373,fiberglass dermatitis,,,"SNOMEDCT_US_2015_03_01:238504001 ""fiberglass dermatitis""",DERMO:0000130|DERMO:0001342,DERMO:0000138,False
DERMO:0001374,occupational skin cancer,,,,DERMO:0001368,,False
DERMO:0001375,occupational acne,Form of acne resulting from various chemical exposures as well as particular environmental and physical factors.,,"SNOMEDCT_US_2015_03_01:201220003 ""occupational acne""|DERMLEX:2302 ""occupational acne""|RID:15851 ""OCCUPATIONAL ACNE""|SNOMEDCT:201220003 ""Occupational acne""",DERMO:0001368|DERMO:0002471,,False
DERMO:0001376,chloracne,"Chloracne is a rare skin condition caused by certain toxic halogenated aromatic hydrocarbon chemicals, including the dioxins. It develops a few months after swallowing, inhaling or touching the responsible agent.",,"SNOMEDCT_US_2015_03_01:83684005 ""chloracne""|DERMLEX:2297 ""chloracne""",DERMO:0001375,,False
DERMO:0001377,oil acne,"Oil folliculitis is inflammation of hair follicles due to exposure to various oils in the workplace. The follicles may be obviously plugged with oil. The pustules may be sterile or contain the harmless skin bacteria, Staphylococcus epidermidis.",Oil folliculitis,"SNOMEDCT_US_2015_03_01:403351001 ""oil acne""",DERMO:0001375,,False
DERMO:0001378,tar acne,Tar acne is inflammation of hair follicles due to exposure to various tars/tar products in the workplace.,,,DERMO:0001375,,False
DERMO:0001379,acne mechanica,"A form of acne triggered by excess heat, pressure, or friction on the skin.",clarinetist's cheilitis|fiddler's neck|flautist's chin,"SNOMEDCT_US_2015_03_01:13101006 ""acne mechanica""|DERMLEX:3820 ""acne mechanica""|RID:14174 ""ACNE MECHANICA""|SNOMEDCT:13101006 ""Acne mechanica""",DERMO:0001375|DERMO:0002471|DERMO:0002952,DERMO:0002483,False
DERMO:0001380,acne cosmetica,Acne developing in areas of skin chronically exposed to follicle-occluding cosmetics.,,"SNOMEDCT_US_2015_03_01:17332000 ""acne cosmetica""",DERMO:0001375,,False
DERMO:0001381,acne due to halogens,Halogenodermas are rare skin reactions related to high levels of halogens in the body.,halogenoderma,,DERMO:0001375,,False
DERMO:0001382,iododerma,Iodide-induced acne,iodide-induced acne eruption,"SNOMEDCT_US_2015_03_01:89414003 ""iododerma""|DERMLEX:1908 ""iododerma""",DERMO:0001381,,False
DERMO:0001383,bromoderma,bromide-induced acne,bromide-induced acne eruption,"SNOMEDCT_US_2015_03_01:8007005 ""bromoderma""|DERMLEX:1907 ""bromoderma""",DERMO:0001381,,False
DERMO:0001384,vibration white finger,,dead finger|hand-arm vibration syndrome,"SNOMEDCT_US_2015_03_01:234034005 ""vibration white finger""",DERMO:0001368,,False
DERMO:0001385,occupational infection,,,,DERMO:0001368,,False
DERMO:0001386,herpetic whitlow,,,"SNOMEDCT_US_2015_03_01:43891009 ""herpetic whitlow""|DERMLEX:506 ""herpetic whitlow""|DOID:8607 ""herpetic whitlow""",DERMO:0001385|DERMO:0002364,,False
DERMO:0001387,syphilis,,lues,"SNOMEDCT_US_2015_03_01:76272004 ""syphilis""|SNOMEDCT_US_2015_03_01:154379007 ""syphilis""|SNOMEDCT_US_2015_03_01:186904000 ""syphilis""|DERMLEX:267 ""syphilis""|DOID:4166 ""syphilis""",DERMO:0001385|DERMO:0002314|DERMO:0002427,DERMO:0002318,False
DERMO:0001388,AIDS,,acquired immunodeficiency syndrome,"SNOMEDCT_US_2015_03_01:62479008 ""aids""|DOID:635 ""aids""",DERMO:0001385,,False
DERMO:0001389,orf,,contagious pustular dermatosis|ecthyma contagiosum|infectious pustular dermatitis|scabby mouth disease|sore mouth disease,"SNOMEDCT_US_2015_03_01:74050005 ""orf""|SNOMEDCT_US_2015_03_01:154344005 ""orf""|SNOMEDCT_US_2015_03_01:266193008 ""orf""|DERMLEX:580 ""orf""|DOID:8771 ""orf""",DERMO:0001385|DERMO:0002396,,False
DERMO:0001390,milker's nodule,,bovine papular stomatitis|pseudocowpox,"SNOMEDCT_US_2015_03_01:27240009 ""milker's nodule""|DOID:8729 ""milker's nodule""",DERMO:0001385|DERMO:0002396,,False
DERMO:0001392,anthrax,,,"SNOMEDCT_US_2015_03_01:154295005 ""anthrax""|SNOMEDCT_US_2015_03_01:409498004 ""anthrax""|SNOMEDCT_US_2015_03_01:17540007 ""anthrax""|DERMLEX:72 ""anthrax""|ICD10:A22 ""anthrax""",DERMO:0001385,,False
DERMO:0001393,fishtank granuloma,,,,DERMO:0001385,,False
DERMO:0001394,butcher's warts,,,,DERMO:0001385|DERMO:0002342,,False
DERMO:0001395,infection by methicillin-resistant staphylococcus aureus,,,,DERMO:0002065,,False
DERMO:0001396,erysipelas,,st. anthony's fire,"SNOMEDCT_US_2015_03_01:266005008 ""erysipelas""|SNOMEDCT_US_2015_03_01:154305002 ""erysipelas""|SNOMEDCT_US_2015_03_01:44653001 ""erysipelas""|DERMLEX:56 ""erysipelas""|DOID:11330 ""erysipelas""|HP:0001055 ""erysipelas""|ICD10:A46 ""erysipelas""",DERMO:0001385|DERMO:0002065,,False
DERMO:0001397,erysipeloid,,diamond skin disease|pseudoerysipelas,"SNOMEDCT_US_2015_03_01:400105005 ""erysipeloid""|SNOMEDCT_US_2015_03_01:186322009 ""erysipeloid""|SNOMEDCT_US_2015_03_01:29878007 ""erysipeloid""|DERMLEX:57 ""erysipeloid""|DOID:0050061 ""erysipeloid""|ICD10:A26 ""erysipeloid""",DERMO:0001385|DERMO:0002109,,False
DERMO:0001398,cellulitis,,,"SNOMEDCT_US_2015_03_01:74276003 ""cellulitis""|SNOMEDCT_US_2015_03_01:385627004 ""cellulitis""|SNOMEDCT_US_2015_03_01:191132005 ""cellulitis""|SNOMEDCT_US_2015_03_01:128045006 ""cellulitis""|DERMLEX:59 ""cellulitis""|DOID:3488 ""cellulitis""|HP:0100658 ""cellulitis""|ICD10:L03 ""cellulitis""",DERMO:0001385|DERMO:0002065,,False
DERMO:0001402,dermatosis due to plants,,,,DERMO:0000102,,False
DERMO:0001403,urticarial plant reaction,,,,DERMO:0001366|DERMO:0001402|DERMO:0001404,,False
DERMO:0001404,toxin-mediated urticaria,,,,DERMO:0001367,,False
DERMO:0001405,plant reaction irritant dermatitis,,,,DERMO:0001342|DERMO:0001402,,False
DERMO:0001406,phototoxic plant reaction dermatitis,,phytophotodermatitis,,DERMO:0001402|DERMO:0002866,,False
DERMO:0001407,plant-based allergic contact dermatitis,,,,DERMO:0001336|DERMO:0001402,,False
DERMO:0001408,immunological contact urticaria due to plants,,,,DERMO:0001366|DERMO:0001402,,False
DERMO:0001409,mechanical irritant dermatitis due to plants,,,,DERMO:0001402,,False
DERMO:0001410,glochid dermatitis,,,,DERMO:0001409,,False
DERMO:0001411,chemical irritant dermatitis due to plants,,,,DERMO:0001402,,False
DERMO:0001412,bulb dermatitis,,,,DERMO:0001411,,False
DERMO:0001413,chili burn,,hunan hand syndrome,,DERMO:0001411,,False
DERMO:0001414,strimmer dermatitis,,,"SNOMEDCT_US_2015_03_01:238522003 ""strimmer dermatitis""",DERMO:0001406,,False
DERMO:0001415,phytophotoallergic contact dermatitis,,,,DERMO:0001406,,False
DERMO:0001416,anacardiaceae dermatitis,,,,DERMO:0001407,,False
DERMO:0001417,alopecia,,,"SNOMEDCT_US_2015_03_01:156408004 ""alopecia""|SNOMEDCT_US_2015_03_01:201129005 ""alopecia""|SNOMEDCT_US_2015_03_01:270504008 ""alopecia""|SNOMEDCT_US_2015_03_01:56317004 ""alopecia""|DERMLEX:4950 ""alopecia""|DOID:987 ""alopecia""|HP:0001596 ""alopecia""|MP:0000414 ""alopecia""",DERMO:1010006,,False
DERMO:0001418,androgenic alopecia,,AGA|common balding|hereditary balding,"SNOMEDCT_US_2015_03_01:87872006 ""androgenic alopecia""|SNOMEDCT_US_2015_03_01:238726003 ""androgenic alopecia""|DERMLEX:3737 ""patterned hair loss""|DOID:0050801 ""androgenic alopecia""|ICD10:L64 ""androgenic alopecia""",DERMO:0001426,,False
DERMO:0001419,female pattern hair loss,,FAGA|female androgenic alopecia|FPHL,,DERMO:0001418,,False
DERMO:0001420,male pattern hair loss,,MAGA|male androgenic alopecia|MPHL,,DERMO:0001418,,False
DERMO:0001421,telogen effluvium,,,"SNOMEDCT_US_2015_03_01:201147004 ""telogen effluvium""|SNOMEDCT_US_2015_03_01:39479004 ""telogen effluvium""|DERMLEX:4214 ""telogen effluvium""|DOID:1943 ""telogen effluvium""|ICD10:L65.0 ""telogen effluvium""",DERMO:0001426,,False
DERMO:0001422,trichotillomania,,habitual hair pulling,"SNOMEDCT_US_2015_03_01:17155009 ""trichotillomania""|SNOMEDCT_US_2015_03_01:192032006 ""trichotillomania""|DERMLEX:656 ""trichotillomania""|DOID:0050587 ""trichotillomania""|HP:0012167 ""trichotillomania""|ICD10:F63.3 ""trichotillomania""|OMIM:609678 ""trichotillomania""",DERMO:0000175|DERMO:0001426,DERMO:0000181,False
DERMO:0001423,alopecia areata,,,"SNOMEDCT_US_2015_03_01:68225006 ""alopecia areata""|SNOMEDCT_US_2015_03_01:201131001 ""alopecia areata""|DERMLEX:1841 ""alopecia areata""|DOID:986 ""alopecia areata""|HP:0002229 ""alopecia areata""|ICD10:L63 ""alopecia areata""",DERMO:0001426,,False
DERMO:0001424,alopecia totalis,,,"SNOMEDCT_US_2015_03_01:19754005 ""alopecia totalis""|HP:0007418 ""alopecia totalis""",DERMO:0001423,,False
DERMO:0001425,alopecia universalis,,,"SNOMEDCT_US_2015_03_01:86166000 ""alopecia universalis""|SNOMEDCT_US_2015_03_01:201145007 ""alopecia universalis""|DERMLEX:1851 ""alopecia universalis""|DOID:0050634 ""alopecia universalis""|HP:0002289 ""alopecia universalis""|ICD10:L63.1 ""alopecia universalis""|OMIM:602302 ""alopecia universalis""",DERMO:0001423,,False
DERMO:0001426,non-cicatricial alopecia,,,,DERMO:0001417,,False
DERMO:0001427,post-operative pressure-induced alopecia,,,,DERMO:0001426,,False
DERMO:0001428,temporal triangular alopecia,,congenital triangular alopecia,,DERMO:0001426,,False
DERMO:0001429,lipedematous alopecia,,lipedematous scalp,"SNOMEDCT_US_2015_03_01:238923001 ""lipedematous alopecia""",DERMO:0001426,,False
DERMO:0001430,psoriasis of the scalp,psoriasis occurring in the scalp,,"DERMLEX:5333 ""psoriasis of the scalp""",DERMO:0000124|DERMO:0001426,,False
DERMO:0001431,TNF-alpha inhibitor-induced psoriasiform alopecia,,,,DERMO:0001426,,False
DERMO:0001432,congenital atrichia with papules,,,,DERMO:0001426,,False
DERMO:0001433,cicatricial alopecia,,scarring alopecia,"SNOMEDCT_US_2015_03_01:400088006 ""cicatricial alopecia""|SNOMEDCT_US_2015_03_01:31471004 ""cicatricial alopecia""",DERMO:0001417,,False
DERMO:0001434,primary cicatricial alopecia,,,,DERMO:0001433,,False
DERMO:0001435,secondary cicatricial alopecia,,,,DERMO:0001433,,False
DERMO:0001436,lymphocytic cicatricial alopecia,,,,DERMO:0001434,,False
DERMO:0001437,discoid lupus erythematosus,,DLE|scarring alopecia of lupus erythematosus,"SNOMEDCT_US_2015_03_01:13902000 ""discoid lupus erythematosus""|SNOMEDCT_US_2015_03_01:156365002 ""discoid lupus erythematosus""|SNOMEDCT_US_2015_03_01:200938002 ""discoid lupus erythematosus""|SNOMEDCT_US_2015_03_01:238927000 ""discoid lupus erythematosus""|DERMLEX:1803 ""discoid lupus erythematosus""|HP:0007417 ""discoid lupus erythematosus""|ICD10:L93.0 ""discoid lupus erythematosus""",DERMO:0001436|DERMO:0001874,,False
DERMO:0001438,classic lichen planopilaris,,classic LPP,,DERMO:0000453,,False
DERMO:0001439,frontal fibrosing alopecia,,,"SNOMEDCT_US_2015_03_01:403325003 ""frontal fibrosing alopecia""",DERMO:0000453,,False
DERMO:0001440,classic pseudopelade,,brocq's alopecia,,DERMO:0001436,,False
DERMO:0001441,central centrifugal cicatricial alopecia,,CCCA|follicular degeneration syndrome|folliculitis decalvans of the central scalp and vertex |hot comb alopecia|pseudopelade of the central scalp,"SNOMEDCT_US_2015_03_01:109441000119102 ""central centrifugal cicatricial alopecia""|DERMLEX:4854 ""central centrifugal cicatricial alopecia""",DERMO:0001436,,False
DERMO:0001442,alopecia mucinosa,,,"SNOMEDCT_US_2015_03_01:27382006 ""alopecia mucinosa""|DERMLEX:1543 ""follicular mucinosis""|DOID:9905 ""alopecia mucinosa""|ICD10:L65.2 ""alopecia mucinosa""",DERMO:0001436|DERMO:0002622,,False
DERMO:0001443,neutrophilic cicatricial alopecia,,,,DERMO:0001434,,False
DERMO:0001444,folliculitis decalvans,,,"SNOMEDCT_US_2015_03_01:201153004 ""folliculitis decalvans""|SNOMEDCT_US_2015_03_01:53593008 ""folliculitis decalvans""|DERMLEX:39 ""folliculitis decalvans""|ICD10:L66.2 ""folliculitis decalvans""",DERMO:0001443,,False
DERMO:0001445,dissecting cellulitis,,perifolliculitis abscedens et suffodiens,,DERMO:0001443,,False
DERMO:0001446,mixed cicatricial alopecia,,,,DERMO:0001434,,False
DERMO:0001447,acne keloidalis,Acne keloidalis refers to the presence of keloid-like papules and plaques on the occipital scalp and posterior neck.,acne keloidalis nuchae|dermatitis papillaris capillitii|folliculitis keloidalis|folliculitis keloidis nuchae|nuchal keloid acne,"SNOMEDCT_US_2015_03_01:238742005 ""acne keloidalis""",DERMO:0001446|DERMO:0002545|DERMO:0003068,,False
DERMO:0001448,acne neurotica,,,,DERMO:0001446,,False
DERMO:0001449,erosive pustular dermatosis,,,"SNOMEDCT_US_2015_03_01:403530003 ""erosive pustular dermatosis""",DERMO:0001446|DERMO:0002885,,False
DERMO:0001450,nonspecific cicatricial alopecia,,,,DERMO:0001434,,False
DERMO:0001451,cicatricial pemphigoid,,,"SNOMEDCT_US_2015_03_01:200913007 ""cicatricial pemphigoid""|SNOMEDCT_US_2015_03_01:34250006 ""cicatricial pemphigoid""|DERMLEX:1761 ""cicatricial pemphigoid""|DOID:11656 ""cicatricial pemphigoid""|ICD10:L12.1 ""cicatricial pemphigoid""",DERMO:0001450,,False
DERMO:0001452,busulfan-induced alopecia,,,,DERMO:0001450,,False
DERMO:0001453,burnt-out cicatricial alopecia,,end-stage cicatricial alopecia,,DERMO:0001434,,False
DERMO:0001454,tuffted folliculitis,,,,DERMO:0001434,,False
DERMO:0001455,traction cicatricial alopecia,,,,DERMO:0001450,,False
DERMO:0001456,hair shaft abnormality,,,,DERMO:0001417,,False
DERMO:0001457,structural hair abnormality associated with increased hair fragility,,,,DERMO:0001456,,False
DERMO:0001458,bubble hair,,,"SNOMEDCT_US_2015_03_01:247551000 ""bubble hair""|DERMLEX:5290 ""bubble hair""",DERMO:0001457,,False
DERMO:0001459,monilethrix,,beaded hair,"SNOMEDCT_US_2015_03_01:69488000 ""monilethrix""|DERMLEX:3740 ""monilethrix""|DOID:0050472 ""monilethrix""|OMIM:601928 ""monilethrix""|OMIM:602153 ""monilethrix""|OMIM:602765 ""monilethrix""",DERMO:0001457,,False
DERMO:0001460,pili torti,,,"SNOMEDCT_US_2015_03_01:17170005 ""pili torti""|DERMLEX:3750 ""pili torti""|HP:0003777 ""pili torti""",DERMO:0001457,,False
DERMO:0001462,trichorrhexis nodosa,,,"SNOMEDCT_US_2015_03_01:238736006 ""trichorrhexis nodosa""|SNOMEDCT_US_2015_03_01:22486004 ""trichorrhexis nodosa""|DERMLEX:5300 ""trichorrhexis nodosa""|HP:0009886 ""trichorrhexis nodosa""|ICD10:L67.0 ""trichorrhexis nodosa""",DERMO:0001457,,False
DERMO:0001463,inherited trichorrhexis nodosa,,,,DERMO:0001462,,False
DERMO:0001464,acquired trichorrhexis nodosa,,,,DERMO:0001462,,False
DERMO:0001465,proximal trichorrhexis nodosa,,,,DERMO:0001464,,False
DERMO:0001466,distal trichorrhexis nodosa,,,,DERMO:0001464,,False
DERMO:0001467,circumscribed trichorrhexis nodosa,,,,DERMO:0001464,,False
DERMO:0001468,structural hair abnormality not associated with increased hair fragility,,,,DERMO:0001456,,False
DERMO:0001469,acquired progressive kinking of hair,,,"SNOMEDCT_US_2015_03_01:77039003 ""acquired progressive kinking of hair""",DERMO:0001468,,False
DERMO:0001470,loose anagen hair syndrome,,,"SNOMEDCT_US_2015_03_01:238735005 ""loose anagen hair syndrome""|DERMLEX:3734 ""loose anagen hair syndrome""",DERMO:0001468,,False
DERMO:0001471,pili annulati,,ringed hair,"SNOMEDCT_US_2015_03_01:21926007 ""pili annulati""|SNOMEDCT_US_2015_03_01:247556005 ""pili annulati""|DERMLEX:3743 ""pili annulati""",DERMO:0001468,,False
DERMO:0001472,pili bifurcati,,,"SNOMEDCT_US_2015_03_01:42829009 ""pili bifurcati""|DERMLEX:5291 ""pili bifurcati""",DERMO:0001468,,False
DERMO:0001473,pili multigemini,,,"SNOMEDCT_US_2015_03_01:42829009 ""pili multigemini""|DERMLEX:5292 ""pili multigemini""",DERMO:0001468,,False
DERMO:0001474,spun-glass hair,,pili trianguli et canaliculi|uncomable hair,"DERMLEX:3766 ""uncombable hair syndrome""",DERMO:0001468,,False
DERMO:0001475,woolly hair,,,"SNOMEDCT_US_2015_03_01:52564001 ""woolly hair""|DERMLEX:3717 ""woolly hair""|HP:0002224 ""woolly hair""",DERMO:0001468,,False
DERMO:0001476,woolly hair nevus,,,"SNOMEDCT_US_2015_03_01:239124001 ""woolly hair nevus""|DERMLEX:4525 ""woolly hair nevus""",DERMO:0001475,,False
DERMO:0001477,hypertrichosis or hirsutism,"Hypertrichosis represents the growth of hair in an excessive amount, whereas hirsutism is excessive growth of terminal hairs in a male pattern in a female patient.",,,DERMO:1010006,,False
DERMO:0001478,hypertrichosis,,,"SNOMEDCT_US_2015_03_01:156409007 ""hypertrichosis""|SNOMEDCT_US_2015_03_01:201164001 ""hypertrichosis""|SNOMEDCT_US_2015_03_01:29966009 ""hypertrichosis""|DERMLEX:4195 ""hypertrichosis""|DOID:420 ""hypertrichosis""|HP:0000998 ""hypertrichosis""|ICD10:L68 ""hypertrichosis""|MP:0000412 ""hypertrichosis""",DERMO:0001477,,False
DERMO:0001479,generalized hypertrichosis,"Generalized hypertrichosis is the presence of lanugo hair, excess vellus hair, or terminal hair on much of the cutaneous surface, including an acquired transformation of terminal hair into lanugo hair.",,"HP:0004554 ""generalized hypertrichosis""",DERMO:0001478,,False
DERMO:0001480,congenital hypertrichosis lanuginosa,"This is a rare autosomal dominant disease in which lanugo hair is not replaced by normal vellus hair. The fine, silvery-gray to blond hair continues to grow, reaching lengths of up to 10 cm and covering the entire body surface except for the palms, soles, dorsal surface of the distal phalanges, and prepuce. The hair growth is said to lead to a dog or monkey face. Associated dental abnormalities, malformations of the ear, glaucoma, pyloric stenosis, photophobia, and, rarely, physical and mental retardation have been reported.",,"SNOMEDCT_US_2015_03_01:403799003 ""congenital hypertrichosis lanuginosa""",DERMO:0001482,,False
DERMO:0001481,acquired hypertrichosis lanuginosa,,,"SNOMEDCT_US_2015_03_01:201160005 ""acquired hypertrichosis lanuginosa""|SNOMEDCT_US_2015_03_01:25967007 ""acquired hypertrichosis lanuginosa""|ICD10:L68.1 ""acquired hypertrichosis lanuginosa""",DERMO:0001479,,False
DERMO:0001482,congenital generalized hypertrichosis,,,"DERMLEX:3347 ""congenital generalized hypertrichosis""|HP:0004540 ""congenital generalized hypertrichosis""",DERMO:0001479,,False
DERMO:0001483,universal hypertrichosis,,,,DERMO:0001482,,False
DERMO:0001484,ambras syndrome,,,"DERMLEX:3348 ""ambras type hypertrichosis universalis congenita""",DERMO:0001482,,False
DERMO:0001485,x-linked hypertrichosis,,,,DERMO:0001482,,False
DERMO:0001486,prepubertal hypertrichosis,,,"DERMLEX:5327 ""prepubertal hypertrichosis""",DERMO:0001479,,False
DERMO:0001487,acquired generalized hypertrichosis,,,,DERMO:0001479,,False
DERMO:0001488,localized hypertrichosis,,,"DERMLEX:5326 ""localized hypertrichosis""|ICD10:L68.2 ""localized hypertrichosis""",DERMO:0001478,,False
DERMO:0001489,congenital localized hypertrichosis,,,,DERMO:0001488,,False
DERMO:0001490,hypertrichosis cubiti,,,"DERMLEX:3718 ""hairy elbows""",DERMO:0001489,,False
DERMO:0001491,hairy palms and soles,,,,DERMO:0001489,,False
DERMO:0001492,hypertrichosis of the auricle,,,,DERMO:0001489,,False
DERMO:0001493,hypertrichosis of the eyebrows,,,,DERMO:0001489,,False
DERMO:0001494,trichomegaly of the eyelashes,,,,DERMO:0001489,,False
DERMO:0001495,hypertrichosis of the nasal lip,,,,DERMO:0001489,,False
DERMO:0001496,anterior cervical hypertrichosis,,,"HP:0004535 ""anterior cervical hypertrichosis""",DERMO:0001489,,False
DERMO:0001497,posterior cervical hypertrichosis,,,,DERMO:0001489,,False
DERMO:0001499,hairy variant polythelia,,,,DERMO:0003492,,False
DERMO:0001500,localized hypertrichosis due to a tumor,,,,DERMO:0001488,,False
DERMO:0001501,nevoid hypertrichosis,,,"SNOMEDCT_US_2015_03_01:201161009 ""nevoid hypertrichosis""|DERMLEX:4851 ""nevoid hypertrichosis""|DOID:3164 ""nevoid hypertrichosis""",DERMO:0001488,,False
DERMO:0001502,primary nevoid hypertrichosis,,,,DERMO:0001501,,False
DERMO:0001503,secondary nevoid hypertrichosis,,,,DERMO:0001501,,False
DERMO:0001504,spinal dysraphism,,midline lesion of the spine,"SNOMEDCT_US_2015_03_01:249491000119100 ""spinal dysraphism""|SNOMEDCT_US_2015_03_01:67531005 ""spinal dysraphism""|DERMLEX:4410 ""spina bifida""|DOID:1089 ""spinal dysraphism""|HP:0010301 ""spinal dysraphism""|MP:0003054 ""spinal dysraphism""",DERMO:0003441,DERMO:0003460,False
DERMO:0001505,hair collar sign,,,"DERMLEX:5157 ""hair collar sign""",DERMO:0001488,,False
DERMO:0001506,faun tail,,,,DERMO:0001488,,False
DERMO:0001507,acquired localized hypertrichosis,,,,DERMO:0001488,,False
DERMO:0001508,hirsutism,,,"SNOMEDCT_US_2015_03_01:399939002 ""hirsutism""|SNOMEDCT_US_2015_03_01:40090008 ""hirsutism""|HP:0001007 ""hirsutism""|ICD10:L68.0 ""hirsutism""",DERMO:0001477,,False
DERMO:0001509,constitutional hirsutism,,dermatological hirsutism,,DERMO:0001508,,False
DERMO:0001510,familial hirsutism,,,"SNOMEDCT_US_2015_03_01:432726005 ""familial hirsutism""|DERMLEX:5309 ""familial hirsutism""",DERMO:0001509,,False
DERMO:0001511,adrenal constitutional hirsutism,,,,DERMO:0001509,,False
DERMO:0001512,persistant adrenarche syndrome,,,,DERMO:0000622,,False
DERMO:0001513,adrenal SAHA syndrome,,,,DERMO:0000622,,False
DERMO:0001514,ovarian constitutional hirsutism,,,,DERMO:0001509,,False
DERMO:0001515,excess ovarian androgen release syndrome,,,,DERMO:0000622,,False
DERMO:0001516,ovarian SAHA syndrome,,,,DERMO:0000622,,False
DERMO:0001517,hyperprolactinemic hirsutism,,,,DERMO:0001509,,False
DERMO:0001518,SAHA syndrome with hyperprolactinemia,,,,DERMO:0000622,,False
DERMO:0001519,endocrine organ-based hirsutism,,,,DERMO:0001508,,False
DERMO:0001520,adrenal hirsutism,,,"DERMLEX:5311 ""adrenal hirsutism""",DERMO:0001519,,False
DERMO:0001521,congenital adrenal hyperplasia,,CAH,"SNOMEDCT_US_2015_03_01:237751000 ""congenital adrenal hyperplasia""|SNOMEDCT_US_2015_03_01:27037004 ""congenital adrenal hyperplasia""|DOID:0050811 ""congenital adrenal hyperplasia""|DOID:12255 ""congenital adrenal hyperplasia""|HP:0008258 ""congenital adrenal hyperplasia""",DERMO:0000622,,False
DERMO:0001523,ovarian hirsutism,,,,DERMO:0001519,,False
DERMO:0001524,polycystic ovary syndrome,,PCOS,"SNOMEDCT_US_2015_03_01:237055002 ""polycystic ovary syndrome""|SNOMEDCT_US_2015_03_01:69878008 ""polycystic ovary syndrome""|DERMLEX:3753 ""polycystic ovary syndrome""|DOID:11612 ""polycystic ovary syndrome""",DERMO:0000622,,False
DERMO:0001525,hyperthecosis,,,"SNOMEDCT_US_2015_03_01:80543004 ""hyperthecosis""",DERMO:0000622,,False
DERMO:0001526,ovarian tumor,,,"SNOMEDCT_US_2015_03_01:123843001 ""ovarian tumor""|MP:0008000 ""ovarian tumor""",DERMO:0000621,,False
DERMO:0001527,pituitary hirsutism,,,,DERMO:0001519,,False
DERMO:0001528,cushing's disease,,,"SNOMEDCT_US_2015_03_01:190502001 ""cushing's disease""",DERMO:0000622,,False
DERMO:0001529,prolactin-secreting pituitary adenoma,,,"SNOMEDCT_US_2015_03_01:134209002 ""prolactin-secreting pituitary adenoma""|HP:0006767 ""prolactin-secreting pituitary adenoma""",DERMO:0000622,,False
DERMO:0001530,psychogenic drug hirsutism,,,,DERMO:0001527,,False
DERMO:0001531,hirsutism caused by ectopic hormone production,,,,DERMO:0001508,,False
DERMO:0001532,ACTH hirsutism,,,,DERMO:0001531,,False
DERMO:0001533,hCG hirsutism,,,,DERMO:0001531,,False
DERMO:0001534,iatrogenic hirsutism,,,,DERMO:0001508,,False
DERMO:0001535,anabolic steroid hirsutism,,,,DERMO:0001534,,False
DERMO:0001536,central hirsutism,,,,DERMO:0001509,,False
DERMO:0001537,female androgenic alopecia of male pattern,,FAGAM,,DERMO:0001418,,False
DERMO:0001538,nail disorder,,,,DERMO:0000109,,False
DERMO:0001539,nail sign,,,,DERMO:0001538,,False
DERMO:0001540,nail sign due to abnormal nail matrix function,,,,DERMO:0001539,,False
DERMO:0001541,beau's lines,,,"SNOMEDCT_US_2015_03_01:44087005 ""beau's lines""",DERMO:0001540,,False
DERMO:0001542,onychomadesis,,nail shedding,"SNOMEDCT_US_2015_03_01:22743000 ""onychomadesis""|DERMLEX:4793 ""onychomadesis""",DERMO:0001540,,False
DERMO:0001543,nail pitting,,,"SNOMEDCT_US_2015_03_01:89704006 ""nail pitting""|DERMLEX:5554 ""nail pitting""|HP:0001803 ""nail pitting""",DERMO:0001540,,False
DERMO:0001544,onychorrhexis,,,"SNOMEDCT_US_2015_03_01:85136002 ""onychorrhexis""|SNOMEDCT_US_2015_03_01:267861009 ""onychorrhexis""|DERMLEX:4797 ""onychorrhexis""",DERMO:0001540,,False
DERMO:0001545,trachyonychia,,sandpapered nails|twenty-nail dystrophy,"SNOMEDCT_US_2015_03_01:271769009 ""trachyonychia""|SNOMEDCT_US_2015_03_01:69192004 ""trachyonychia""|DERMLEX:3928 ""trachyonychia""",DERMO:0001540|DERMO:0001613,,False
DERMO:0001546,true leukonychia,,,"DERMLEX:4753 ""leukonychia""",DERMO:0001540,,False
DERMO:0001547,punctate leukonychia,,,,DERMO:0001546,,False
DERMO:0001548,striate leukonychia,,,,DERMO:0001546,,False
DERMO:0001549,diffuse leukonychia,,,,DERMO:0001546,,False
DERMO:0001550,total leukonychia,,,,DERMO:0001549,,False
DERMO:0001551,koilonychia,,spoon nails,"SNOMEDCT_US_2015_03_01:66270006 ""koilonychia""|DERMLEX:4802 ""koilonychia""|HP:0001598 ""koilonychia""",DERMO:0001540,,False
DERMO:0001552,nail sign due to nail bed disorders,,,,DERMO:0001539,,False
DERMO:0001553,onycholysis,,,"SNOMEDCT_US_2015_03_01:75789001 ""onycholysis""|SNOMEDCT_US_2015_03_01:156405001 ""onycholysis""|DERMLEX:4809 ""onycholysis""|HP:0001806 ""onycholysis""|ICD10:L60.1 ""onycholysis""",DERMO:0001552,,False
DERMO:0001554,onychauxis,,,"SNOMEDCT_US_2015_03_01:201116005 ""onychauxis""|SNOMEDCT_US_2015_03_01:30654002 ""onychauxis""|SNOMEDCT_US_2015_03_01:34226009 ""onychauxis""|DERMLEX:4835 ""onychauxis""|HP:0012542 ""onychauxis""",DERMO:0001552,,False
DERMO:0001555,apparent leukonychia,,,,DERMO:0001552|DERMO:0001616,,False
DERMO:0001556,splinter hemorrhage,,,"SNOMEDCT_US_2015_03_01:91608003 ""splinter hemorrhage""|DERMLEX:4832 ""splinter hemorrhage""",DERMO:0001552,,False
DERMO:0001557,nail sign due to deposition of pigment,,,,DERMO:0001539,,False
DERMO:0001558,longitudinal melanonychia,,,"SNOMEDCT_US_2015_03_01:707196007 ""longitudinal melanonychia""",DERMO:0001557,,False
DERMO:0001559,hutchinson's sign,,,"SNOMEDCT_US_2015_03_01:410500004 ""hutchinson's sign""",DERMO:0001557,,False
DERMO:0001560,green nail syndrome,,,"DERMLEX:4816 ""pseudomonas nail infection""",DERMO:0001557|DERMO:0002119,,False
DERMO:0001561,congenital or hereditary nail disease,,,,DERMO:0001538,,False
DERMO:0001562,congenital malalignment of the great tonails,,,,DERMO:0001561,,False
DERMO:0001563,congenital hypertrophy of the lateral fold of the hallux,,,"DERMLEX:3927 ""congenital hypertrophy of the lateral fold of the hallux""",DERMO:0001561,,False
DERMO:0001564,racquet thumbs,,brachyonychia,,DERMO:0001561,,False
DERMO:0001565,nail-patella syndrome,,fong disease|onycho-osteodysplasia,"SNOMEDCT_US_2015_03_01:22199006 ""nail-patella syndrome""|DERMLEX:3265 ""nail-patella syndrome""|DOID:9467 ""nail-patella syndrome""|OMIM:602575 ""nail-patella syndrome""",DERMO:0001561,,False
DERMO:0001566,dyshidrosiform pemphigoid,,,"DERMLEX:1776 ""dyshidrosiform pemphigoid""",DERMO:0000286,,False
DERMO:0001567,pemphigoid vegetans,,,"SNOMEDCT_US_2015_03_01:238940005 ""pemphigoid vegetans""|DERMLEX:1773 ""pemphigoid vegetans""",DERMO:0000286,,False
DERMO:0001568,pemphigoid nodularis,,,"SNOMEDCT_US_2015_03_01:402438003 ""pemphigoid nodularis""|DERMLEX:1774 ""pemphigoid nodularis""",DERMO:0000286,,False
DERMO:0001569,vesicular pemphigoid,,,"DERMLEX:2812 ""vesicular pemphigoid""",DERMO:0000286,,False
DERMO:0001570,large erosive TEN-like lesions,,,,DERMO:0000286,,False
DERMO:0001571,papular pemphigoid,,,,DERMO:0000286,,False
DERMO:0001572,eczematous pemphigoid,,,,DERMO:0000286,,False
DERMO:0001573,erythrodermic pemphigoid,,,"DERMLEX:1775 ""erythrodermic pemphigoid""",DERMO:0000286,,False
DERMO:0001574,infantile bullous pemphigoid,,,,DERMO:0000286,,False
DERMO:0001575,childhood pemphigoid,,,,DERMO:0000286,,False
DERMO:0001576,vulvar childhood pemphigoid,,,,DERMO:0001575,,False
DERMO:0001577,Brunsting-Perry variant,,,,DERMO:0000289,,False
DERMO:0001578,drug-induced linear IgA bullous dermatosis,,,,DERMO:0000291,,False
DERMO:0001579,dermatitis herpetiformis,,DH|duhring's disease,"SNOMEDCT_US_2015_03_01:111196000 ""dermatitis herpetiformis""|SNOMEDCT_US_2015_03_01:156354007 ""dermatitis herpetiformis""|SNOMEDCT_US_2015_03_01:200899006 ""dermatitis herpetiformis""|DERMLEX:1764 ""dermatitis herpetiformis""|DOID:8505 ""dermatitis herpetiformis""|ICD10:L13.0 ""dermatitis herpetiformis""",DERMO:0000296,,False
DERMO:0001580,epidermolysis bullosa,,EB,"SNOMEDCT_US_2015_03_01:61003004 ""epidermolysis bullosa""|SNOMEDCT_US_2015_03_01:205580008 ""epidermolysis bullosa""|DOID:2730 ""epidermolysis bullosa""|ICD10:Q81 ""epidermolysis bullosa""",DERMO:0000104|DERMO:0001785,,False
DERMO:0001581,epidermolysis bullosa hereditaria,,,,DERMO:0001580,,False
DERMO:0001582,epidermolysis bullosa simplex,,EBS,"SNOMEDCT_US_2015_03_01:67144006 ""epidermolysis bullosa simplex""|SNOMEDCT_US_2015_03_01:205585003 ""epidermolysis bullosa simplex""|DOID:4644 ""epidermolysis bullosa simplex""|ICD10:Q81.0 ""epidermolysis bullosa simplex""",DERMO:0001581,DERMO:0000385,False
DERMO:0001583,basal epidermolysis bullosa simplex,,basal EBS,,DERMO:0001582,,False
DERMO:0001584,suprabasal epidermolysis bullosa simplex,,suprabasal EBS,,DERMO:0001582,,False
DERMO:0001585,dowling-meara subtype of epidermolysis bullosa simplex,,EBS-DM,,DERMO:0001582,,False
DERMO:0001586,epidermolysis bullosa simplex associated with muscular dystrophy,,EBS-MD,,DERMO:0001582,,False
DERMO:0001587,epidermolysis bullosa simplex with pyloric atresia,,EBS-PA,"OMIM:601282 ""epidermolysis bullosa simplex with pyloric atresia""",DERMO:0001582,,False
DERMO:0001588,junctional epidermolysis bullosa,,JEB,"SNOMEDCT_US_2015_03_01:76905008 ""junctional epidermolysis bullosa""|SNOMEDCT_US_2015_03_01:399971009 ""junctional epidermolysis bullosa""|DOID:3209 ""junctional epidermolysis bullosa""",DERMO:0001581,,False
DERMO:0001589,junctional epidermolysis bullosa herlitz subtype,,JEB-H,,DERMO:0001588,,False
DERMO:0001590,junctional epidermolysis bullosa non-herlitz subtype,,GABEB|generalized atrophic benign epidermolysis bullosa|JEB-nH,,DERMO:0001588,,False
DERMO:0001591,junctional epidermolysis bullosa with pyloric atresia,,JEB-PA,"DERMLEX:3489 ""junctional epidermolysis bullosa with pyloric atresia""",DERMO:0001588,,False
DERMO:0001592,laryngo-onycho-cutaneous syndrome,,JEB-LOC|LOC syndrome,,DERMO:0001588,,False
DERMO:0001593,dystrophic epidermolysis bullosa,,DEB,"SNOMEDCT_US_2015_03_01:205587006 ""dystrophic epidermolysis bullosa""|SNOMEDCT_US_2015_03_01:254185007 ""dystrophic epidermolysis bullosa""|DOID:4959 ""dystrophic epidermolysis bullosa""",DERMO:0001581,,False
DERMO:0001594,dominant dystrophic epidermolysis bullosa,,DDEB,"SNOMEDCT_US_2015_03_01:111389006 ""dominant dystrophic epidermolysis bullosa""",DERMO:0001593,,False
DERMO:0001595,recessive dystrophic epidermolysis bullosa,,RDEB,"SNOMEDCT_US_2015_03_01:48528004 ""recessive dystrophic epidermolysis bullosa""",DERMO:0001593,,False
DERMO:0001596,severe generalized recessive dystrophic epidermolysis bullosa,,RDEB-hallopeau-siemens|RDEB-sev/gen,,DERMO:0001595,,False
DERMO:0001597,generalized dystrophic epidermolysis bullosa,,,"SNOMEDCT_US_2015_03_01:254188009 ""generalized dystrophic epidermolysis bullosa""",DERMO:0001593,,False
DERMO:0001598,bullous dermolysis of the newborn,,,,DERMO:0000320|DERMO:0001593,,False
DERMO:0001599,epidermolysis bullosa with mottled pigmentation,,EBS-MP,,DERMO:0001582|DERMO:1010003,,False
DERMO:0001600,epidermolysis bullosa simplex superficialis,,EBSS,,DERMO:0001582,,False
DERMO:0001601,junctional epidermolysis bullosa inversa,,JEB inversa subtype,"DERMLEX:3487 ""junctional epidermolysis bullosa inversa""",DERMO:0001588,,False
DERMO:0001602,recessive dystrophic epidermolysis bullosa inversa,,RDEB inversa subtype,,DERMO:0001595,,False
DERMO:0001603,localized junctional epidermolysis bullosa non-herlitz subtype,,,,DERMO:0001590,,False
DERMO:0001604,pretibial dystrophic epidermolysis bullosa,,pretibial JEB,"SNOMEDCT_US_2015_03_01:67653003 ""pretibial dystrophic epidermolysis bullosa""",DERMO:0001593,,False
DERMO:0001605,recessive dystrophic epidermolysis bullosa centripetalis,,RDEB centripetalis,,DERMO:0001595,,False
DERMO:0001606,generalized recessive dystrophic epidermolysis bullosa,,,,DERMO:0001595,,False
DERMO:0001607,autosomal recessive epidermolysis bullosa simplex,,,"DERMLEX:3484 ""autosomal recessive epidermolysis bullosa simplex""",DERMO:0001582,,False
DERMO:0001608,epidermolysis bullosa simplex localized,,,,DERMO:0001582,,False
DERMO:0001609,"epidermolysis bullosa simplex lethal, acantholytic",,,,DERMO:0001582,,False
DERMO:0001610,"epidermolysis bullosa simplex, plakophilin-1 deficiency",,,,DERMO:0001582,,False
DERMO:0001611,ectodermal dysplasia,,,"SNOMEDCT_US_2015_03_01:8654005 ""ectodermal dysplasia""|DOID:2121 ""ectodermal dysplasia""|HP:0000968 ""ectodermal dysplasia""",,,True
DERMO:0001612,pachyonychia congenita,,,"SNOMEDCT_US_2015_03_01:39427000 ""pachyonychia congenita""|DERMLEX:3270 ""pachyonychia congenita""|DOID:0050449 ""pachyonychia congenita""",DERMO:0001561|DERMO:0003322,,False
DERMO:0001613,nail abnormality in dermatologic disease,,,,DERMO:0001538,,False
DERMO:0001614,acrodermatitis continua of hallopeau,form of psoriasis where pustules are seen on the tips of the fingers and toes often followed by crusting and scaling.,dermatitis repens|hallopeau's acrodermatitis,"SNOMEDCT_US_2015_03_01:83839005 ""acrodermatitis continua of hallopeau""|SNOMEDCT_US_2015_03_01:27520001 ""acrodermatitis continua of hallopeau""|DERMLEX:2050 ""acrodermatitis continua""|UMLS_CUI:C0392439 ""acrodermatis continua""",DERMO:0000692,,False
DERMO:0001615,parakeratosis pustulosa,,,,DERMO:0001613,,False
DERMO:0001616,nail abnormality in systemic disease,,,,DERMO:0001538,,False
DERMO:0001617,the nail plate in forensic medicine,,,,DERMO:0001616,,False
DERMO:0001618,nail clubbing,,drumstick fingers|hippocratic fingers|watch-glass nails,,DERMO:0001616,,False
DERMO:0001619,congenital nail clubbing,,,,DERMO:0001618,,False
DERMO:0001620,acquired nail clubbing,,,,DERMO:0001618,,False
DERMO:0001621,yellow nail syndrome,,,"SNOMEDCT_US_2015_03_01:400211001 ""yellow nail syndrome""|SNOMEDCT_US_2015_03_01:45342007 ""yellow nail syndrome""|DERMLEX:4752 ""yellow nail syndrome""|DOID:0050468 ""yellow nail syndrome""|ICD10:L60.5 ""yellow nail syndrome""",DERMO:0001616,,False
DERMO:0001622,terry's nails,,,,DERMO:0001555,,False
DERMO:0001623,muehrcke's nails,,,,DERMO:0001555,,False
DERMO:0001624,half-and-half nails,,,,DERMO:0001555,,False
DERMO:0001625,pseudoinflammatory nail changes,,,,DERMO:0001616,,False
DERMO:0001626,peripheral neuropathy,,,"SNOMEDCT_US_2015_03_01:155080009 ""peripheral neuropathy""|SNOMEDCT_US_2015_03_01:302226006 ""peripheral neuropathy""|SNOMEDCT_US_2015_03_01:264554005 ""peripheral neuropathy""|SNOMEDCT_US_2015_03_01:267706009 ""peripheral neuropathy""|SNOMEDCT_US_2015_03_01:42658009 ""peripheral neuropathy""|DOID:0060053 ""peripheral neuropathy""|DOID:574 ""peripheral neuropathy""|HP:0009830 ""peripheral neuropathy""",DERMO:0000158,,False
DERMO:0001627,autoimmune connective tissue disorder,,,"SNOMEDCT_US_2015_03_01:362992004 ""autoimmune connective tissue disorder""",DERMO:0000007,,False
DERMO:0001629,drug-induced nail abnormality,,,"SNOMEDCT_US_2015_03_01:402630000 ""drug-induced nail abnormality""",DERMO:0001616,,False
DERMO:0001630,nail disorder caused by infection,,,,DERMO:0001538,,False
DERMO:0001631,acute paronychia,,,,DERMO:0001630,,False
DERMO:0001632,periungual warts,,periungual keratotic papules,,DERMO:0002344,,False
DERMO:0001634,environmental nail disorder,,,,DERMO:0001538,,False
DERMO:0001635,brittle nails,,fragile nails|lamellar exfoliation|onychoschizia,"SNOMEDCT_US_2015_03_01:69192004 ""brittle nails""|DERMLEX:4798 ""onychoschizia""|HP:0001808 ""brittle nails""",DERMO:0001634,,False
DERMO:0001636,chronic paronychia,,,"SNOMEDCT_US_2015_03_01:200744008 ""chronic paronychia""",DERMO:0001634,,False
DERMO:0001637,idiopathic onycholysis,,,,DERMO:0001634,,False
DERMO:0001638,traumatic nail abnormality,,,,DERMO:0001538,,False
DERMO:0001639,onychotillomania,,,"SNOMEDCT_US_2015_03_01:60259009 ""onychotillomania""|DERMLEX:673 ""onychotillomania""",DERMO:0001638,,False
DERMO:0001640,subungual hematoma,,,"SNOMEDCT_US_2015_03_01:211513004 ""subungual hematoma""|SNOMEDCT_US_2015_03_01:269219004 ""subungual hematoma""|DERMLEX:2463 ""subungual hematoma""",DERMO:0001638,,False
DERMO:0001641,traumatic toenail abnormality,,,,DERMO:0001638,,False
DERMO:0001642,onychogryphosis,,ram's horn nails,"SNOMEDCT_US_2015_03_01:156403008 ""onychogryphosis""|SNOMEDCT_US_2015_03_01:52897009 ""onychogryphosis""|DERMLEX:4836 ""onychogryphosis""|ICD10:L60.2 ""onychogryphosis""",DERMO:0001638,,False
DERMO:0001643,pincer nails,,trumpet nails,,DERMO:0001638,,False
DERMO:0001644,onychocryptosis,,ingrown toenail,"SNOMEDCT_US_2015_03_01:400097005 ""onychocryptosis""|SNOMEDCT_US_2015_03_01:18026002 ""onychocryptosis""|DERMLEX:4834 ""onychocryptosis""",DERMO:0001638,,False
DERMO:0001645,nail tumor,,,,DERMO:0001538,,False
DERMO:0001646,benign nail tumor,,,,DERMO:0001645,,False
DERMO:0001647,pyogenic granuloma,,botryomycoma|eruptive hemangioma|granulation tissue-type hemangioma|granuloma pyogenicum|lobular capillary hemangioma|tumor of pregnancy,"SNOMEDCT_US_2015_03_01:395604005 ""pyogenic granuloma""|SNOMEDCT_US_2015_03_01:156323008 ""pyogenic granuloma""|SNOMEDCT_US_2015_03_01:17372009 ""pyogenic granuloma""|SNOMEDCT_US_2015_03_01:200722003 ""pyogenic granuloma""|SNOMEDCT_US_2015_03_01:267838007 ""pyogenic granuloma""|DERMLEX:2823 ""pyogenic granuloma""|ICD10:L98.0 ""pyogenic granuloma""",DERMO:0000991|DERMO:0000994|DERMO:0001646|DERMO:0001959,DERMO:0001031,False
DERMO:0001648,periungual pyogenic granuloma,,,,DERMO:0001647,,False
DERMO:0001649,subungual pyogenic granuloma,,,,DERMO:0001647,,False
DERMO:0001650,nail fibroma,,,,DERMO:0001646,,False
DERMO:0001651,nail fibrokeratoma,,,,DERMO:0001646,,False
DERMO:0001652,subungual exostosis,,,"SNOMEDCT_US_2015_03_01:703697003 ""subungual exostosis""|SNOMEDCT_US_2015_03_01:202895008 ""subungual exostosis""|SNOMEDCT_US_2015_03_01:26904005 ""subungual exostosis""|DERMLEX:1210 ""subungual exostosis""",DERMO:0001646,,False
DERMO:0001653,myxoid cyst,,mucous cyst,"SNOMEDCT_US_2015_03_01:71307009 ""myxoid cyst""|SNOMEDCT_US_2015_03_01:202940001 ""myxoid cyst""|DERMLEX:2605 ""myxoid cyst""",DERMO:0001646,,False
DERMO:0001654,nail glomus tumor,,,,DERMO:0001042|DERMO:0001646,,False
DERMO:0001655,onychomatricoma,,,"DERMLEX:746 ""onychomatricoma""",DERMO:0001646,,False
DERMO:0001656,melanocytic nevi of the nail matrix,,,,DERMO:0001646,,False
DERMO:0001657,malignant nail tumor,,,,DERMO:0001645,,False
DERMO:0001658,bowen's disease of the nail,,squamous cell carcinoma in situ of the nail,,DERMO:0001657,,False
DERMO:0001659,subungual keratoacanthoma,,nail keratoacanthoma,"SNOMEDCT_US_2015_03_01:403908007 ""subungual keratoacanthoma""|DERMLEX:771 ""subungual keratoacanthoma""",DERMO:0000745|DERMO:0001657,DERMO:0000751,False
DERMO:0001660,squamous cell carcinoma of the nail apparatus,,,,DERMO:0001657,,False
DERMO:0001661,verrucous carcinoma of the nail,,carcinoma cuniculatum|epithelioma cuniculatum,,DERMO:0000760|DERMO:0001657,,False
DERMO:0001662,melanoma of the nail,,,,DERMO:0000976|DERMO:0001657,,False
DERMO:0001663,amelanotic nail melanoma,,,,DERMO:0000977|DERMO:0001662,,False
DERMO:0001664,oral disorder,,,,DERMO:0000001,,False
DERMO:0001665,developmental condition of the oral cavity,,,,DERMO:0001664,,False
DERMO:0001666,fordyce granules,,anomalous sebaceous glands|ectopic sebaceous gland|fordyce's spots|heterotopic sebaceous glands,"SNOMEDCT_US_2015_03_01:50584008 ""fordyce granules""|DERMLEX:5387 ""fordyce spots""",DERMO:0001665,,False
DERMO:0001667,geographic tongue,,benign migratory glossitis|benign migratory stomatitis|glossitis areata migrans|stomatitis areata migrans,"SNOMEDCT_US_2015_03_01:155667007 ""geographic tongue""|SNOMEDCT_US_2015_03_01:266496009 ""geographic tongue""|SNOMEDCT_US_2015_03_01:59032001 ""geographic tongue""|DERMLEX:970 ""geographic tongue""|DOID:1455 ""geographic tongue""|ICD10:K14.1 ""geographic tongue""",DERMO:0001665,,False
DERMO:0001668,fissured tongue,,furrowed tongue|lingua plicata|plicated tongue|scrotal tongue,"SNOMEDCT_US_2015_03_01:52368004 ""fissured tongue""|DERMLEX:4516 ""fissured tongue""|DOID:11514 ""fissured tongue""|HP:0000221 ""fissured tongue""|ICD10:K14.5 ""fissured tongue""",DERMO:0001665,,False
DERMO:0001669,hairy tongue,,black hairy tongue|lingua villosa nigra,"SNOMEDCT_US_2015_03_01:81934005 ""hairy tongue""|DOID:13500 ""hairy tongue""",DERMO:0001665,,False
DERMO:0001670,median rhomboid glossitis,,central papillary atrophy,"SNOMEDCT_US_2015_03_01:7522008 ""median rhomboid glossitis""|DERMLEX:368 ""median rhomboid glossitis""|DOID:14111 ""median rhomboid glossitis""|ICD10:K14.2 ""median rhomboid glossitis""",DERMO:0001665,,False
DERMO:0001671,syndrome of the neck or head with presentation in the oral cavity,,,,DERMO:0001664,,False
DERMO:0001672,nevoid basal cell carcinoma syndrome,,NBCCS,"SNOMEDCT_US_2015_03_01:69408002 ""nevoid basal cell carcinoma syndrome""|SNOMEDCT_US_2015_03_01:188145001 ""nevoid basal cell carcinoma syndrome""|SNOMEDCT_US_2015_03_01:254704004 ""nevoid basal cell carcinoma syndrome""|DERMLEX:2883 ""basal cell nevus syndrome""|DOID:2512 ""nevoid basal cell carcinoma syndrome""",DERMO:0001671,,False
DERMO:0001673,periodontal or dental disease,,,,DERMO:0001664,,False
DERMO:0001674,necrotizing ulcerative gingivitis,,acute necrotizing ulcerative gingivitis|fusospirochetal gingivitis|necrotizing gingivostomatitis|trench mouth|vincent infection,"SNOMEDCT_US_2015_03_01:707792000 ""necrotizing ulcerative gingivitis""|DOID:13924 ""necrotizing ulcerative gingivitis""",DERMO:0001673,,False
DERMO:0001675,desquamative gingivitis,,,"SNOMEDCT_US_2015_03_01:22208002 ""desquamative gingivitis""|DERMLEX:2334 ""desquamative gingivitis""",DERMO:0001673,,False
DERMO:0001676,dental caries,,,"SNOMEDCT_US_2015_03_01:80967001 ""dental caries""|SNOMEDCT_US_2015_03_01:155632007 ""dental caries""|DOID:216 ""dental caries""|HP:0000670 ""dental caries""|ICD10:K02 ""dental caries""",DERMO:0001673,,False
DERMO:0001677,sequelae of dental caries,,,,DERMO:0002063,,False
DERMO:0001678,periapical abcess,,,,DERMO:0001677,,False
DERMO:0001679,cutaneous sinus of dental origin,,,,DERMO:0001677,,False
DERMO:0001680,intraoral dental sinus tract,,parulis,,DERMO:0001677,,False
DERMO:0001681,physical or chemical oral injury,,,,DERMO:0001664,,False
DERMO:0001682,oral fibroma,,irritation oral fibroma|oral fibrous hyperplasia|oral fibrous nodule|traumatic oral fibroma,"DERMLEX:1309 ""oral fibroma""",DERMO:0001681,,False
DERMO:0001683,oral chemical burn,,aspirin burn|oral mucosa burn,,DERMO:0001681,,False
DERMO:0001684,morsicatio buccarum,,chronic cheek biting|chronic cheek chewing,"SNOMEDCT_US_2015_03_01:59901004 ""morsicatio buccarum""|DERMLEX:5226 ""cheek biting""",DERMO:0001681,,False
DERMO:0001685,traumatic oral ulcer,,,,DERMO:0001681,,False
DERMO:0001686,drug-related gingival hyperplasia,,drug-related gingival enlargement,,DERMO:0001681,,False
DERMO:0001687,allergic or immunologic oral disease,,,,DERMO:0001664,,False
DERMO:0001688,contact stomatitis,,contact lichenoid reaction|lichenoid amalgam reaction,"SNOMEDCT_US_2015_03_01:109775009 ""contact stomatitis""",DERMO:0001687,,False
DERMO:0001689,oral mucosal cinnamon reaction,,,,DERMO:0001688,,False
DERMO:0001690,recurrent aphthous stomatitis,,aphthous ulcers|canker sores|recurrent oral aphthae,"SNOMEDCT_US_2015_03_01:80244009 ""recurrent aphthous stomatitis""|SNOMEDCT_US_2015_03_01:398870000 ""recurrent aphthous stomatitis""|DERMLEX:5503 ""recurrent aphthous stomatitis""|HP:0011107 ""recurrent aphthous stomatitis""|ICD10:K12.0 ""recurrent aphthous stomatitis""",DERMO:0001687,,False
DERMO:0001691,simplex recurrent aphthous stomatitis,,simplex aphthosis,,DERMO:0001690,,False
DERMO:0001692,complex recurrent aphthous stomatitis,,complex aphthosis,,DERMO:0001690,,False
DERMO:0001693,minor simplex recurrent aphthous stomatitis,,,,DERMO:0001691,,False
DERMO:0001694,major simplex recurrent aphthous stomatitis,,,,DERMO:0001691,,False
DERMO:0001695,herpetiform simplex recurrent aphthous stomatitis,,,,DERMO:0001691,,False
DERMO:0001696,behcet's disease,,behcet's syndrome|silk road disease,"SNOMEDCT_US_2015_03_01:154424000 ""behcet's disease""|SNOMEDCT_US_2015_03_01:310701003 ""behcet's disease""|SNOMEDCT_US_2015_03_01:41225007 ""behcet's disease""|DOID:13241 ""behcet's disease""",DERMO:0003262,,False
DERMO:0001697,eosinophilic ulcer of the oral mucosa,,traumatic eosinophilic granuloma,,DERMO:0001687,,False
DERMO:0001698,eosinophilic ulcer of the tongue,,,,DERMO:0001697,,False
DERMO:0001699,riga-fede disease (childhood variant),,,,DERMO:0001697,,False
DERMO:0001700,orofacial granulomatosis,,cheilitis granulomatosa|granulomatous cheilitis|miescher's cheilitis,"SNOMEDCT_US_2015_03_01:235048000 ""orofacial granulomatosis""|DERMLEX:4742 ""orofacial granulomatosis""",DERMO:0001687,,False
DERMO:0001701,wegener's granulomatosis,,wegener's granulomatosis with polyangiitis|WG,"SNOMEDCT_US_2015_03_01:390001000 ""wegener's granulomatosis""|SNOMEDCT_US_2015_03_01:155445002 ""wegener's granulomatosis""|SNOMEDCT_US_2015_03_01:195353004 ""wegener's granulomatosis""|SNOMEDCT_US_2015_03_01:266323005 ""wegener's granulomatosis""|SNOMEDCT_US_2015_03_01:23782005 ""wegener's granulomatosis""|DOID:12132 ""wegener's granulomatosis""",DERMO:0001687|DERMO:0003227,,False
DERMO:0001702,oral epithelium disorder,,,,DERMO:0001664,,False
DERMO:0001703,oral leukoplakia,,,"DERMLEX:971 ""oral leukoplakia""|HP:0002745 ""oral leukoplakia""|MP:0003751 ""oral leukoplakia""",DERMO:0001702,,False
DERMO:0001704,oral erythroplakia,,,"SNOMEDCT_US_2015_03_01:69299000 ""oral erythroplakia""",DERMO:0001702,,False
DERMO:0001705,proliferative verrucous leukoplakia,,,"SNOMEDCT_US_2015_03_01:698010001 ""proliferative verrucous leukoplakia""",DERMO:0001702,,False
DERMO:0001706,nicotine stomatitis,,stomatitis nicotina,"SNOMEDCT_US_2015_03_01:109619000 ""nicotine stomatitis""|SNOMEDCT_US_2015_03_01:89013002 ""nicotine stomatitis""|DERMLEX:5485 ""nicotine stomatitis""",DERMO:0001702,,False
DERMO:0001707,actinic cheilitis,,actinic cheilosis,"SNOMEDCT_US_2015_03_01:200839009 ""actinic cheilitis""|SNOMEDCT_US_2015_03_01:46795000 ""actinic cheilitis""|DERMLEX:776 ""actinic cheilitis""",DERMO:0001702,,False
DERMO:0001708,oral squamous cell carcinoma,,,"DOID:0050866 ""oral squamous cell carcinoma""",DERMO:0000739|DERMO:0001702,,False
DERMO:0001710,salivary gland disease,,,"SNOMEDCT_US_2015_03_01:10890000 ""salivary gland disease""|DOID:10854 ""salivary gland disease""|HP:0010286 ""salivary gland disease""",DERMO:0001664,,False
DERMO:0001711,mucocele,,mucous cyst of oral mucosa,"SNOMEDCT_US_2015_03_01:19633006 ""mucocele""|DERMLEX:851 ""mucocele""",DERMO:0000828|DERMO:0001710,DERMO:0000839,False
DERMO:0001712,ranula,,mucocele of the floor of the mouth,"SNOMEDCT_US_2015_03_01:155657002 ""ranula""|SNOMEDCT_US_2015_03_01:14919007 ""ranula""|DERMLEX:4459 ""mucocele of salivary gland""|DOID:12904 ""ranula""",DERMO:0001711,,False
DERMO:0001713,cheilitis glandularis,,,"SNOMEDCT_US_2015_03_01:26374003 ""cheilitis glandularis""",DERMO:0001710,,False
DERMO:0001714,necrotizing sialometaplasia,,,"SNOMEDCT_US_2015_03_01:109769000 ""necrotizing sialometaplasia""|DERMLEX:5525 ""necrotizing sialometaplasia""|DOID:12901 ""necrotizing sialometaplasia""",DERMO:0001710,,False
DERMO:0001715,sjorgen's syndrome,,mikulicz disease|sicca syndrome|SjS,"DOID:12894 ""sjorgen's syndrome""|DOID:12900 ""sjorgen's syndrome""",DERMO:0001710|DERMO:0001929,,False
DERMO:0001716,salivary gland tumor,,,,DERMO:0001710,,False
DERMO:0001717,benign salivary gland tumor,,,"DERMLEX:5362 ""benign salivary gland tumor""",DERMO:0001716,,False
DERMO:0001718,malignant salivary gland tumor,,,,DERMO:0001716,,False
DERMO:0001719,pleomorphic adenoma of the salivary gland,,,,DERMO:0001717,,False
DERMO:0001720,mucoepidermoid carcinoma of the salivary gland,,,,DERMO:0001718,,False
DERMO:0001721,oral manifestation of hematologic or oncologic disease,,,,DERMO:0001664,,False
DERMO:0001722,chemotherapy-induced oral mucositis,,,,DERMO:0001721,,False
DERMO:0001723,radiotherapy-induced oral mucositis,,,,DERMO:0001721,,False
DERMO:0001724,leukemia,,leukaemia,"SNOMEDCT_US_2015_03_01:87163000 ""leukemia""|SNOMEDCT_US_2015_03_01:93143009 ""leukemia""|SNOMEDCT_US_2015_03_01:255049003 ""leukemia""|DOID:1240 ""leukemia""|HP:0001909 ""leukemia""|MP:0002026 ""leukemia""",DERMO:0000621,DERMO:0000150,False
DERMO:0001725,lymphoma,,,"SNOMEDCT_US_2015_03_01:118600007 ""lymphoma""|SNOMEDCT_US_2015_03_01:21964009 ""lymphoma""|SNOMEDCT_US_2015_03_01:269627002 ""lymphoma""|DOID:0060058 ""lymphoma""|HP:0002665 ""lymphoma""",DERMO:0000621,,False
DERMO:0001726,oral melanoma,,,,DERMO:0000976|DERMO:0001721,,False
DERMO:0001727,oral manifestation of systemic disease,,,,DERMO:0001664,,False
DERMO:0001728,amyloidosis,,,"SNOMEDCT_US_2015_03_01:154769007 ""amyloidosis""|SNOMEDCT_US_2015_03_01:17602002 ""amyloidosis""|DOID:9120 ""amyloidosis""|HP:0011034 ""amyloidosis""|ICD10:E85 ""amyloidosis""|MP:0000604 ""amyloidosis""",,,True
DERMO:0001729,primary amyloidosis,,,"SNOMEDCT_US_2015_03_01:128817004 ""primary amyloidosis""|SNOMEDCT_US_2015_03_01:23132008 ""primary amyloidosis""|SNOMEDCT_US_2015_03_01:302871005 ""primary amyloidosis""",,,True
DERMO:0001730,secondary amyloidosis,,,"SNOMEDCT_US_2015_03_01:84137001 ""secondary amyloidosis""|SNOMEDCT_US_2015_03_01:190925007 ""secondary amyloidosis""|SNOMEDCT_US_2015_03_01:281034005 ""secondary amyloidosis""",,,True
DERMO:0001731,pernicious anaemia,,,"SNOMEDCT_US_2015_03_01:154789008 ""pernicious anaemia""|SNOMEDCT_US_2015_03_01:191139001 ""pernicious anaemia""|SNOMEDCT_US_2015_03_01:84027009 ""pernicious anaemia""|DOID:13381 ""pernicious anaemia""",DERMO:0002739,,False
DERMO:0001732,hypotrichosis simplex of the scalp,,,,DERMO:0002659,,False
DERMO:0001733,localized amyloidosis,,,"SNOMEDCT_US_2015_03_01:56871000 ""localized amyloidosis""",,,True
DERMO:0001734,crohn's disease,,regional enteritis,"SNOMEDCT_US_2015_03_01:155760003 ""crohn's disease""|SNOMEDCT_US_2015_03_01:196975001 ""crohn's disease""|SNOMEDCT_US_2015_03_01:266517004 ""crohn's disease""|SNOMEDCT_US_2015_03_01:34000006 ""crohn's disease""|DOID:8778 ""crohn's disease""|HP:0100280 ""crohn's disease""",DERMO:0000107,,False
DERMO:0001736,anogenital non-venereal disease,,,,DERMO:0000001,,False
DERMO:0001737,male type lichen sclerosus,,balanitis xerotica obliterans,"DOID:13477 ""male type lichen sclerosus""",DERMO:0000244,,False
DERMO:0001738,female type lichen sclerosus,,kraurosis vulvae,,DERMO:0000244,,False
DERMO:0001739,mucosal lichen planus,,,,DERMO:0000445|DERMO:0001736,,False
DERMO:0001740,peno-gingival lichen planus,,,,DERMO:0000445|DERMO:0001736,,False
DERMO:0001741,zoon's balanitis/vulvitis,,balanitis/vulvitis circumscripta plasmacellularis|plasma cell balanitis/vulvitis|zoon's erythroplasia,,DERMO:0001736,,False
DERMO:0001742,epithelial disorder of the anogenital region,,,,DERMO:0001736,,False
DERMO:0001743,premalignant or malignant lesion of the anogenital region,,,,DERMO:0001736,,False
DERMO:0001744,vulvar intraepithelial neoplasia,,,,DERMO:0001743,,False
DERMO:0001745,penile intraepithelial neoplasia,,,"SNOMEDCT_US_2015_03_01:255148008 ""penile intraepithelial neoplasia""|SNOMEDCT_US_2015_03_01:264559000 ""penile intraepithelial neoplasia""",DERMO:0001743,,False
DERMO:0001746,anal intraepiithelial neoplasia,,,,DERMO:0001743,,False
DERMO:0001747,invasive squamous cell carcinoma of the anogenital region,,,,DERMO:0001743,,False
DERMO:0001748,anogenital melanoma,,,,DERMO:0001743,,False
DERMO:0001749,basal cell carcinoma of the anogenital region,,,,DERMO:0001743,,False
DERMO:0001750,extramammary paget's disease,,,"SNOMEDCT_US_2015_03_01:302830004 ""extramammary paget's disease""|DOID:2099 ""extramammary paget's disease""",DERMO:0001743,,False
DERMO:0001751,dysesthetic genital pain,,,,DERMO:0000101|DERMO:0001736,,False
DERMO:0001752,vulvodynia,,,"SNOMEDCT_US_2015_03_01:238968009 ""vulvodynia""|DERMLEX:683 ""vulvodynia""",DERMO:0001751,,False
DERMO:0001753,localized vulvodynia,,vestibulodynia,,DERMO:0001752,,False
DERMO:0001754,provoked localized vulvodynia,,,,DERMO:0001753,,False
DERMO:0001755,unprovoked localized vulvodynia,,,,DERMO:0001753,,False
DERMO:0001756,mixed localized vulvodynia,,,,DERMO:0001753,,False
DERMO:0001757,generalized vulvodynia,,dysethetic vulvodynia,,DERMO:0001752,,False
DERMO:0001758,provoked generalized vulvodynia,,,,DERMO:0001757,,False
DERMO:0001759,unprovoked generalized vulvodynia,,,,DERMO:0001757,,False
DERMO:0001760,mixed generalized vulvodynia,,,,DERMO:0001757,,False
DERMO:0001761,generalized scrotodynia,,dysesthetic scrotodynia,,DERMO:0001751,,False
DERMO:0001762,anal pain,,,"SNOMEDCT_US_2015_03_01:68653001 ""anal pain""",DERMO:0001751,,False
DERMO:0001763,cyclical vulvovaginitis,,,,DERMO:0001751|DERMO:0001774,,False
DERMO:0001764,benign lesion of the anogenital area,,,,DERMO:0001736,,False
DERMO:0001765,epidermoid cyst of the genitalia,,,,DERMO:0001764,,False
DERMO:0001766,pearly penile papules,,,"SNOMEDCT_US_2015_03_01:308006 ""pearly penile papules""",DERMO:0001764,,False
DERMO:0001767,vestibular papillomatosis,,,"SNOMEDCT_US_2015_03_01:18985003 ""vestibular papillomatosis""|DERMLEX:4654 ""vestibular papillomatosis""",DERMO:0001764,,False
DERMO:0001768,angiokeratoma of the genitalia,,,,DERMO:0001764,,False
DERMO:0001769,urethral caruncle,,,"SNOMEDCT_US_2015_03_01:6929003 ""urethral caruncle""|SNOMEDCT_US_2015_03_01:155899004 ""urethral caruncle""|SNOMEDCT_US_2015_03_01:197934004 ""urethral caruncle""|DERMLEX:4791 ""urethral caruncle""|ICD10:N36.2 ""urethral caruncle""",DERMO:0001764,,False
DERMO:0001770,idiopathic calcinosis of the scrotum,,,,DERMO:0001764,,False
DERMO:0001771,anogenital manifestation of systemic disorders,,,,DERMO:0001736,,False
DERMO:0001773,acute graft-versus-host disease,,aGVHD,"SNOMEDCT_US_2015_03_01:402355000 ""acute graft-versus-host disease""",DERMO:0000455,,False
DERMO:0001774,non-venereal infection of the anogenital region,,,,DERMO:0001736,,False
DERMO:0001775,perianal streptococcal disease,,perianal cellulitis|perianal streptococcal dermatitis,,DERMO:0001774|DERMO:0002065,DERMO:0002090,False
DERMO:0001776,recurrent toxin-mediated perianal erythema,,,,DERMO:0001774,,False
DERMO:0001777,kawasaki disease,,KD|mucocutaneous lymph node syndrome,"SNOMEDCT_US_2015_03_01:75053002 ""kawasaki disease""|DERMLEX:2033 ""kawasaki disease""|DOID:13378 ""kawasaki disease""",DERMO:0001774|DERMO:0002300,,False
DERMO:0001779,erythrasma of the anogenital region,Erythrasma is a superficial and often chronic skin infection caused by excessive proliferation of Corynebacterium minutissimum within the stratum corneum.,,,DERMO:0001774|DERMO:0002104,,False
DERMO:0001781,cutaneous candidiasis of the anogenital region,,,,DERMO:0001774,,False
DERMO:0001782,recurrent candidiasis of the anogenital region,,,,DERMO:0001781,,False
DERMO:0001783,erosive genital disease,,,,DERMO:0001736,,False
DERMO:0001784,stevens-johnson syndrome,,SJS,"SNOMEDCT_US_2015_03_01:73442001 ""stevens-johnson syndrome""|DOID:0050426 ""stevens-johnson syndrome""",DERMO:0003145|DERMO:0003151,,False
DERMO:0001785,cutaneous disorder related to extracellular matrix defects,,,,DERMO:0000113,,False
DERMO:0001786,ehlers-danlos syndrome,,cutis hyperelastica|EDS,"SNOMEDCT_US_2015_03_01:398114001 ""ehlers-danlos syndrome""|SNOMEDCT_US_2015_03_01:2300005 ""ehlers-danlos syndrome""|SNOMEDCT_US_2015_03_01:157008000 ""ehlers-danlos syndrome""|SNOMEDCT_US_2015_03_01:268352002 ""ehlers-danlos syndrome""|DERMLEX:3370 ""ehlers-danlos syndrome""|DOID:13359 ""ehlers-danlos syndrome""|ICD10:Q79.6 ""ehlers-danlos syndrome""",DERMO:0001785|DERMO:0001815,,False
DERMO:0001787,cutis laxa,,dermatochalasia|dermatomegaly|generalized elastorrhexis|generalized elastosis,"SNOMEDCT_US_2015_03_01:238825007 ""cutis laxa""|SNOMEDCT_US_2015_03_01:58588007 ""cutis laxa""|DERMLEX:2245 ""cutis laxa""|DOID:3144 ""cutis laxa""|HP:0000973 ""cutis laxa""|MP:0005421 ""cutis laxa""",DERMO:0001785,,False
DERMO:0001788,hereditary cutis laxa,,,,DERMO:0001787|DERMO:0001815,,False
DERMO:0001789,acquired cutis laxa,,,"SNOMEDCT_US_2015_03_01:19726003 ""acquired cutis laxa""|DERMLEX:2264 ""acquired cutis laxa""",DERMO:0001787,,False
DERMO:0001790,marfan syndrome,,,"SNOMEDCT_US_2015_03_01:19346006 ""marfan syndrome""|DERMLEX:3371 ""marfan syndrome""|DOID:14323 ""marfan syndrome""|ICD10:Q87.4 ""marfan syndrome""|OMIM:134797 ""marfan syndrome""",DERMO:0001785|DERMO:0001815,,False
DERMO:0001791,pseudoxanthoma elasticum,,gronblad-strandberg syndrome|PXE,"SNOMEDCT_US_2015_03_01:7109007 ""pseudoxanthoma elasticum""|SNOMEDCT_US_2015_03_01:157017000 ""pseudoxanthoma elasticum""|SNOMEDCT_US_2015_03_01:205574000 ""pseudoxanthoma elasticum""|SNOMEDCT_US_2015_03_01:239140003 ""pseudoxanthoma elasticum""|SNOMEDCT_US_2015_03_01:252246005 ""pseudoxanthoma elasticum""|SNOMEDCT_US_2015_03_01:268355000 ""pseudoxanthoma elasticum""|DERMLEX:3398 ""pseudoxanthoma elasticum""|DOID:2738 ""pseudoxanthoma elasticum""|OMIM:603234 ""pseudoxanthoma elasticum""",DERMO:0001785|DERMO:0001815,,False
DERMO:0001792,ullrich syndrome,,,,DERMO:0001794,,False
DERMO:0001793,bethlem syndrome,,,,DERMO:0001794,,False
DERMO:0001794,muscular dystrophy,,,"SNOMEDCT_US_2015_03_01:73297009 ""muscular dystrophy""|SNOMEDCT_US_2015_03_01:155095006 ""muscular dystrophy""|SNOMEDCT_US_2015_03_01:193257004 ""muscular dystrophy""|SNOMEDCT_US_2015_03_01:267712004 ""muscular dystrophy""|DOID:9884 ""muscular dystrophy""|HP:0003560 ""muscular dystrophy""|ICD10:G71.0 ""muscular dystrophy""",DERMO:0001785,,False
DERMO:0001795,lipoid proteinosis,,hyalinosis cutic et mucosae|urbach-wiethe disease,"SNOMEDCT_US_2015_03_01:238950006 ""lipoid proteinosis""|SNOMEDCT_US_2015_03_01:38692000 ""lipoid proteinosis""|DERMLEX:2642 ""lipoid proteinosis""|DOID:14498 ""lipoid proteinosis""|OMIM:602201 ""lipoid proteinosis""",DERMO:0001785|DERMO:0002672,DERMO:0002675,False
DERMO:0001796,cutaneous disease with extracellular matrix components as autoantigens,,,,DERMO:0001785,,False
DERMO:0001797,goodpasture disease,,,"SNOMEDCT_US_2015_03_01:236506009 ""goodpasture disease""",DERMO:0001796,,False
DERMO:0001798,"relapsing polychondritis, arthritis",,,,DERMO:0001796,,False
DERMO:0001799,skin aging,,,"SNOMEDCT_US_2015_03_01:26065007 ""skin aging""",DERMO:0001785,,False
DERMO:0001800,acquired extracellular matrix abnormalities,,,,DERMO:0001785,,False
DERMO:0001801,perforating disease,,,,DERMO:0000113,,False
DERMO:0001802,familial reactive perforating collagenosis,,RPC,,DERMO:0001810,,False
DERMO:0001803,elastosis perforans serpiginosa,,EPS,"SNOMEDCT_US_2015_03_01:201333007 ""elastosis perforans serpiginosa""|SNOMEDCT_US_2015_03_01:238876005 ""elastosis perforans serpiginosa""|SNOMEDCT_US_2015_03_01:49428008 ""elastosis perforans serpiginosa""|DERMLEX:2268 ""elastosis perforans serpiginosa""|ICD10:L87.2 ""elastosis perforans serpiginosa""",DERMO:0001801|DERMO:0001848,,False
DERMO:0001804,perforating folliculitis,,,"SNOMEDCT_US_2015_03_01:54865008 ""perforating folliculitis""|DERMLEX:2266 ""perforating folliculitis""",DERMO:0001801,,False
DERMO:0001805,acquired elastosis perforans serpiginosa,,,,DERMO:0001803,,False
DERMO:0001806,hereditary elastosis perforans serpiginosa,,,,DERMO:0001803,,False
DERMO:0001807,kyrle disease,,,"DERMLEX:2269 ""kyrle disease""",DERMO:0001814,,False
DERMO:0001808,perforating calcific elastosis,,,,DERMO:0001801,,False
DERMO:0001809,childhood onset reactive perforating collagenosis,,,,DERMO:0001802,,False
DERMO:0001810,reactive perforating collagenosis,,,"SNOMEDCT_US_2015_03_01:64036004 ""reactive perforating collagenosis""|SNOMEDCT_US_2015_03_01:201332002 ""reactive perforating collagenosis""|DERMLEX:2267 ""reactive perforating collagenosis""|ICD10:L87.1 ""reactive perforating collagenosis""",DERMO:0001801,,False
DERMO:0001811,non-familial reactive perforating collagenosis,,,,DERMO:0001810,,False
DERMO:0001812,verrucous perforating collagenoma,,collagenome perforant verruciforme,"SNOMEDCT_US_2015_03_01:403403005 ""verrucous perforating collagenoma""",DERMO:0001811,,False
DERMO:0001813,acquired reactive perforating collagenosis,,,,DERMO:0001811,,False
DERMO:0001814,acquired perforating dermatosis,,,,DERMO:0001801,,False
DERMO:0001815,heritable disorder of the connective tissue,,,,DERMO:0000113,,False
DERMO:0001816,osteogenesis imperfecta,,,"SNOMEDCT_US_2015_03_01:78314001 ""osteogenesis imperfecta""|SNOMEDCT_US_2015_03_01:157008000 ""osteogenesis imperfecta""|SNOMEDCT_US_2015_03_01:205492005 ""osteogenesis imperfecta""|SNOMEDCT_US_2015_03_01:205493000 ""osteogenesis imperfecta""|SNOMEDCT_US_2015_03_01:254105005 ""osteogenesis imperfecta""|SNOMEDCT_US_2015_03_01:254106006 ""osteogenesis imperfecta""|SNOMEDCT_US_2015_03_01:254107002 ""osteogenesis imperfecta""|SNOMEDCT_US_2015_03_01:254108007 ""osteogenesis imperfecta""|SNOMEDCT_US_2015_03_01:254109004 ""osteogenesis imperfecta""|SNOMEDCT_US_2015_03_01:268352002 ""osteogenesis imperfecta""|DERMLEX:4508 ""osteogenesis imperfecta""|DOID:12347 ""osteogenesis imperfecta""|ICD10:Q78.0 ""osteogenesis imperfecta""",DERMO:0001815,,False
DERMO:0001817,buschke-ollendorff syndrome,,,"SNOMEDCT_US_2015_03_01:9147009 ""buschke-ollendorff syndrome""|OMIM:607844 ""buschke-ollendorff syndrome""",DERMO:0001815,,False
DERMO:0001818,classic ehlers-danlos syndrome,,ehlers-danlos syndrome type 1|ehlers-danlos syndrome type 2,,DERMO:0001786,,False
DERMO:0001819,hypermobility ehlers-danlos syndrome,,ehlers-danlos syndrome type 3,,DERMO:0001786,,False
DERMO:0001820,vascular ehlers-danlos syndrome,,ehlers-danlos syndrome type 4,,DERMO:0001786,,False
DERMO:0001821,kyphoscoliosis ehlers-danlos syndrome,,ehlers-danlos syndrome type 6A,,DERMO:0001786,,False
DERMO:0001822,musculocontractural ehlers-danlos syndrome,,ehlers-danlos syndrome type 6B,,DERMO:0001786,,False
DERMO:0001823,arthrochalasia ehlers-danlos syndrome,,ehlers-danlos syndrome type 7A|ehlers-danlos syndrome type 7B,,DERMO:0001786,,False
DERMO:0001824,dermatospraxis ehlers-danlos syndrome,,ehlers-danlos syndrome type 7C,,DERMO:0001786,,False
DERMO:0001825,"ehlers-danlos syndrome, cardiac valvular",,,,DERMO:0001786,,False
DERMO:0001826,"ehlers-danlos syndrome, progeroid",,,,DERMO:0001786,,False
DERMO:0001827,"ehlers-danlos syndrome, periventricular nodular heterotopia variant",,,,DERMO:0001786,,False
DERMO:0001828,ehlers-danlos syndrome-like spondylocheirodysplasia,,,,DERMO:0001786,,False
DERMO:0001829,autosomal dominant cutis laxa,,,"DERMLEX:3381 ""autosomal dominant cutis laxa""",DERMO:0001788,,False
DERMO:0001830,autosomal recessive cutis laxa type 1,,,,DERMO:0001788,,False
DERMO:0001831,autosomal recessive cutis laxa type 2A,,,,DERMO:0001788,,False
DERMO:0001832,autosomal recessive cutis laxa type 2B,,,,DERMO:0001788,,False
DERMO:0001833,"cutis laxa with severe pulmonary, GI and GU abnormalities",,,,DERMO:0001788,,False
DERMO:0001834,gerodermia osteodysplastica,,geroderma osteodysplasticum,"OMIM:607983 ""gerodermia osteodysplastica""",DERMO:0001788,,False
DERMO:0001835,MACS syndrome,,"macrocephaly, alopecia, cutis laxa and scoliosis syndrome",,DERMO:0001788,,False
DERMO:0001836,occipital horn syndrome,,,"SNOMEDCT_US_2015_03_01:237878009 ""occipital horn syndrome""|SNOMEDCT_US_2015_03_01:59399004 ""occipital horn syndrome""|DERMLEX:3391 ""ehlers-danlos syndrom""|OMIM:300011 ""occipital horn syndrome""",DERMO:0001788,,False
DERMO:0001837,dermal hypertrophic disorder,,,,DERMO:0000113,,False
DERMO:0001838,hypertrophic scarring,,,,DERMO:0001837,,False
DERMO:0001839,keloid scarring,,,,DERMO:0001837,,False
DERMO:0001840,dupuytren's contracture,,dupuytren's diathesis|dupuytren's disease|palmar fibromatosis,"SNOMEDCT_US_2015_03_01:156724004 ""dupuytren's contracture""|SNOMEDCT_US_2015_03_01:203044002 ""dupuytren's contracture""|SNOMEDCT_US_2015_03_01:274142002 ""dupuytren's contracture""|SNOMEDCT_US_2015_03_01:51370006 ""dupuytren's contracture""",DERMO:0001145|DERMO:0001837,DERMO:0001146,False
DERMO:0001841,cutis verticis gyrata,,,"SNOMEDCT_US_2015_03_01:51603000 ""cutis verticis gyrata""|DERMLEX:3418 ""cutis verticis gyrata""|HP:0010541 ""cutis verticis gyrata""",DERMO:0001837,,False
DERMO:0001842,primary cutis verticis gyrata,,idiopathic cutis verticis gyrata,,DERMO:0001841,,False
DERMO:0001843,secondary cutis verticis gyrata,,,,DERMO:0001841,,False
DERMO:0001844,essential cutis verticis gyrata,,isolated cutis verticis gyrata,,DERMO:0001842,,False
DERMO:0001845,non-essential cutis verticis gyrata,,cutis verticis gyrata associated with neurologic and/or ophthalmologic abnormalities,,DERMO:0001842,,False
DERMO:0001846,juvenile hyaline fibromatosis,," fibromatosis hyalinica multiplex juvenilis|hyaline fibromatosis syndrome|JHF|murray-puretic-drescher syndrome|systemic hyalinosis, juvenile","SNOMEDCT_US_2015_03_01:238861002 ""juvenile hyaline fibromatosis""|DERMLEX:1270 ""juvenile hyaline fibromatosis""|DOID:12961 ""juvenile hyaline fibromatosis""|DOID:2235 ""juvenile hyaline fibromatosis""|DOID:3377 ""juvenile hyaline fibromatosis""|DOID:4310 ""juvenile hyaline fibromatosis""|DOID:4880 ""juvenile hyaline fibromatosis""|DOID:5446 ""juvenile hyaline fibromatosis""|DOID:5861 ""juvenile hyaline fibromatosis""|HP:0000446 ""juvenile hyaline fibromatosis""|HP:0000455 ""juvenile hyaline fibromatosis""|HP:0001055 ""juvenile hyaline fibromatosis""|HP:0004408 ""juvenile hyaline fibromatosis""|HP:0005978 ""juvenile hyaline fibromatosis""|HP:0010891 ""juvenile hyaline fibromatosis""|MP:0009726 ""juvenile hyaline fibromatosis""|MP:0009996 ""juvenile hyaline fibromatosis""|MP:0010345 ""juvenile hyaline fibromatosis""|MP:0010461 ""juvenile hyaline fibromatosis""|MP:0010465 ""juvenile hyaline fibromatosis""|MP:0011744 ""juvenile hyaline fibromatosis""|MP:0011755 ""juvenile hyaline fibromatosis""|MP:0011758 ""juvenile hyaline fibromatosis""|MP:0011760 ""juvenile hyaline fibromatosis""|MP:0011774 ""juvenile hyaline fibromatosis""|MP:0011782 ""juvenile hyaline fibromatosis""|MP:0011783 ""juvenile hyaline fibromatosis""|MP:0011848 ""juvenile hyaline fibromatosis""|MP:0011868 ""juvenile hyaline fibromatosis""|OMIM:608041 ""juvenile hyaline fibromatosis""",DERMO:0001837,,False
DERMO:0001847,infantile systemic hyalinosis,,ISH,"SNOMEDCT_US_2015_03_01:238867003 ""infantile systemic hyalinosis""|DERMLEX:1339 ""infantile systemic hyalinosis""",DERMO:0001837,,False
DERMO:0001848,disorder with increased elastic tissue fibres,,,,DERMO:0001837,,False
DERMO:0001849,late-onset focal dermal elastosis,,,"DERMLEX:2248 ""focal dermal elastosis""",DERMO:0001848,,False
DERMO:0001850,linear focal elastosis,,elastotic striae,"DERMLEX:2247 ""linear focal elastosis""",DERMO:0001848,,False
DERMO:0001851,elastoderma,,,"SNOMEDCT_US_2015_03_01:238832003 ""elastoderma""|DERMLEX:2249 ""elastoderma""",DERMO:0001848,,False
DERMO:0001852,elastofibroma dorsi,,,"DERMLEX:4291 ""elastofibroma dorsi""",DERMO:0001848,,False
DERMO:0001853,elastoma,,nevus elasticus,,DERMO:0001848,,False
DERMO:0001854,connective tissue atrophic disorder,,,,DERMO:0000113,,False
DERMO:0001855,mid-dermal elastolysis,,,,DERMO:0001854,,False
DERMO:0001856,anetoderma,,anetoderma maculosa|anetoderma maculosa cutis|atrophia maculosa cutis|macular atrophy,"SNOMEDCT_US_2015_03_01:75101007 ""anetoderma""|SNOMEDCT_US_2015_03_01:238828009 ""anetoderma""|DERMLEX:2241 ""anetoderma""",DERMO:0001854,,False
DERMO:0001857,primary anetoderma,,,"SNOMEDCT_US_2015_03_01:238829001 ""primary anetoderma""|DERMLEX:2242 ""primary anetoderma""",DERMO:0001856,,False
DERMO:0001858,jadassohn-pellizzari type anetoderma,,inflammatory primary anetoderma,,DERMO:0001857,,False
DERMO:0001859,schweninger-buzzi type anetoderma,,non-inflammatory primary anetoderma,,DERMO:0001857,,False
DERMO:0001860,secondary anetoderma,,,"SNOMEDCT_US_2015_03_01:238830006 ""secondary anetoderma""|DERMLEX:2243 ""secondary anetoderma""",DERMO:0001856,,False
DERMO:0001861,familial anetoderma,,,,DERMO:0001856,,False
DERMO:0001862,secondary anetoderma associated with primary dermatosis of cutaneous cancer,,,,DERMO:0001860,,False
DERMO:0001863,secondary anetoderma associated with a systemic disease or drug,,,,DERMO:0001860,,False
DERMO:0001864,striae,,linear atrophy|stretch marks|striae atrophicans|striae distensae,"SNOMEDCT_US_2015_03_01:47212006 ""striae""|DERMLEX:5223 ""striae distensae""|HP:0001065 ""striae""",DERMO:0001854,,False
DERMO:0001865,idiopathic atrophoderma of pasini and pierini,,atrophoderma of pasini and pierini|dyschromic and atrophic version of scleroderma|morphea plana atrophica|sclerodermie atrophique d'emblee,"SNOMEDCT_US_2015_03_01:711524008 ""idiopathic atrophoderma of pasini and pierini""|DERMLEX:1823 ""atrophoderma of pasini and pierini""|ICD10:L90.3 ""idiopathic atrophoderma of pasini and pierini""",DERMO:0001854|DERMO:0001917,DERMO:0000336,False
DERMO:0001866,follicular atrophoderma,,,"SNOMEDCT_US_2015_03_01:238842001 ""follicular atrophoderma""",DERMO:0001854,,False
DERMO:0001868,atrophica maculosa varioliformis cutis,,,,DERMO:0001854,,False
DERMO:0001869,piezogenic pedal papules,,piezogenic papules,"DERMLEX:3847 ""piezogenic pedal papules""",DERMO:0001854,,False
DERMO:0001870,bullous systemic lupus erythematosus,,bullous eruption of systemic lupus erythematosus,"SNOMEDCT_US_2015_03_01:239889005 ""bullous systemic lupus erythematosus""|DERMLEX:1812 ""bullous systemic lupus erythematosus""",DERMO:0000103,,False
DERMO:0001871,lupus profundus,,,,DERMO:0001280,,False
DERMO:0001872,lupus erythematosus tumidus,,tumid lupus,"SNOMEDCT_US_2015_03_01:200941006 ""lupus erythematosus tumidus""|DERMLEX:1811 ""tumid lupus erythematosus""",DERMO:0001874,,False
DERMO:0001873,acute cutaneous lupus erythematosus,,ACLE,"DERMLEX:6187 ""acute cutaneous lupus erythematosus""",DERMO:0000245,,False
DERMO:0001874,chronic cutaneous lupus erythematosus,,CCLE,"DERMLEX:1803 ""discoid lupus erythematosus""",DERMO:0000245,,False
DERMO:0001875,subacute cutaneous lupus erythematosus,,SCLE,"SNOMEDCT_US_2015_03_01:200943009 ""subacute cutaneous lupus erythematosus""|SNOMEDCT_US_2015_03_01:239891002 ""subacute cutaneous lupus erythematosus""|DERMLEX:1805 ""subacute cutaneous lupus erythematosus""|ICD10:L93.1 ""subacute cutaneous lupus erythematosus""",DERMO:0000245,,False
DERMO:0001876,hypertrophic discoid lupus erythematosus,,verrucous lupus erythematosus,,DERMO:0001437,,False
DERMO:0001877,rowell's syndrome,,,"SNOMEDCT_US_2015_03_01:238926009 ""rowell's syndrome""",DERMO:0001873|DERMO:0001875,,False
DERMO:0001878,chilblain lupus,,,"OMIM:606609 ""chilblain lupus""",DERMO:0001874,,False
DERMO:0001879,neonatal lupus erythematosus,,NLE,"SNOMEDCT_US_2015_03_01:95609003 ""neonatal lupus erythematosus""|DERMLEX:1806 ""neonatal lupus erythematosus""",DERMO:0000245,,False
DERMO:0001880,systemic lupus erythematosus,,SLE,"SNOMEDCT_US_2015_03_01:156450004 ""systemic lupus erythematosus""|SNOMEDCT_US_2015_03_01:201435004 ""systemic lupus erythematosus""|SNOMEDCT_US_2015_03_01:55464009 ""systemic lupus erythematosus""|DERMLEX:1808 ""systemic lupus erythematosus""|DOID:9074 ""systemic lupus erythematosus""|HP:0002725 ""systemic lupus erythematosus""|ICD10:M32 ""systemic lupus erythematosus""",DERMO:0000245,,False
DERMO:0001881,lupus erythematosus/lichen planus overlap syndrome,,,,DERMO:0001874,,False
DERMO:0001882,drug-induced lupus erythematosus,,,"SNOMEDCT_US_2015_03_01:80258006 ""drug-induced lupus erythematosus""",DERMO:0001875,,False
DERMO:0001883,dermatomyositis,,,"SNOMEDCT_US_2015_03_01:396230008 ""dermatomyositis""|SNOMEDCT_US_2015_03_01:156456005 ""dermatomyositis""|SNOMEDCT_US_2015_03_01:201445002 ""dermatomyositis""|SNOMEDCT_US_2015_03_01:38826005 ""dermatomyositis""|DERMLEX:1796 ""dermatomyositis""|DOID:10223 ""dermatomyositis""",DERMO:0001886,,False
DERMO:0001884,adult onset dermatomyositis,,,"SNOMEDCT_US_2015_03_01:402425006 ""adult onset dermatomyositis""",DERMO:0001883,,False
DERMO:0001885,classic adult-onset dermatomyositis,,,,DERMO:0001884,,False
DERMO:0001886,idiopathic inflammatory dermatomyopathy,,,,DERMO:0000106,,False
DERMO:0001887,classic adult-onset dermatomyositis with malignancy,,,,DERMO:0001884,,False
DERMO:0001888,classic adult-onset dermatomyositis as part of an overlapping connective tissue disorder,,,,DERMO:0001884,,False
DERMO:0001889,clinically amyopathic adult-onset dermatomyositis,,,,DERMO:0001884,,False
DERMO:0001890,amyopathic adult-onset dermatomyositis,,,,DERMO:0001889,,False
DERMO:0001891,hypomyopathic adult-onset dermatomyositis,,,,DERMO:0001889,,False
DERMO:0001892,juvenile-onset dermatomyositis,,,,DERMO:0001883,,False
DERMO:0001893,classic juvenile-onset dermatomyositis,,,,DERMO:0001892,,False
DERMO:0001894,clinically amyopathic juvenile-onset dermatomyositis,,,,DERMO:0001892,,False
DERMO:0001895,amyopathic juvenile-onset dermatomyositis,,,,DERMO:0001894,,False
DERMO:0001896,hypomyopathic juvenile-onset dermatomyositis,,,,DERMO:0001894,,False
DERMO:0001897,polymyositis,,,"SNOMEDCT_US_2015_03_01:156457001 ""polymyositis""|SNOMEDCT_US_2015_03_01:31384009 ""polymyositis""|DOID:10222 ""polymyositis""|ICD10:M33.2 ""polymyositis""",DERMO:0001886,,False
DERMO:0001898,isolated polymyositis,,,,DERMO:0001897,,False
DERMO:0001899,polymyositis as part of an overlapping connective tissue disorder,,,,DERMO:0001897,,False
DERMO:0001900,polymyositis associated with internal malignancy,,,,DERMO:0001897,,False
DERMO:0001901,inclusion body myositis,,,"SNOMEDCT_US_2015_03_01:72315009 ""inclusion body myositis""|DOID:3429 ""inclusion body myositis""",DERMO:0001886,,False
DERMO:0001902,scleroderma or related disorder,,,,DERMO:0000106,,False
DERMO:0001903,systemic sclerosis,,progressive systemic sclerosis|scleroderma|SSc,"SNOMEDCT_US_2015_03_01:89155008 ""systemic sclerosis""|SNOMEDCT_US_2015_03_01:156451000 ""systemic sclerosis""|SNOMEDCT_US_2015_03_01:201440007 ""systemic sclerosis""|SNOMEDCT_US_2015_03_01:268049000 ""systemic sclerosis""|DOID:418 ""systemic sclerosis""|DOID:419 ""systemic sclerosis""|HP:0100324 ""systemic sclerosis""|ICD10:M34 ""systemic sclerosis""|ICD10:M34.0 ""systemic sclerosis""",DERMO:0001796|DERMO:0001902,DERMO:0000243,False
DERMO:0001904,limited systemic sclerosis,,,"SNOMEDCT_US_2015_03_01:128459005 ""limited systemic sclerosis""|SNOMEDCT_US_2015_03_01:299276009 ""limited systemic sclerosis""",DERMO:0001903,,False
DERMO:0001905,diffuse systemic sclerosis,,,"SNOMEDCT_US_2015_03_01:128460000 ""diffuse systemic sclerosis""|DOID:1580 ""diffuse systemic sclerosis""",DERMO:0001903,,False
DERMO:0001906,CREST syndrome,,"calcinosis, Raynaud's phenomenon, esophageal involvement, sclerodactyly and telangiectasia syndrome","SNOMEDCT_US_2015_03_01:31848007 ""crest syndrome""",DERMO:0001904,,False
DERMO:0001907,systemic sclerosis sine scleroderma,,,"SNOMEDCT_US_2015_03_01:128461001 ""systemic sclerosis sine scleroderma""",DERMO:0001905,,False
DERMO:0001908,eosinophillic fasciitis,,diffuse fasciitis with eosinophillia|shulman's syndrome,,DERMO:0001902,,False
DERMO:0001909,nephrogenic systemic fibrosis,,nephrogenic fibrosing dermopathy,"SNOMEDCT_US_2015_03_01:424114000 ""nephrogenic systemic fibrosis""",DERMO:0001902,,False
DERMO:0001910,stiff skin syndrome,,congenital fascial dystrophy,"DERMLEX:3462 ""stiff skin syndrome""|OMIM:134797 ""stiff skin syndrome""",DERMO:0001902,,False
DERMO:0001911,sclerodermoid syndrome induced by exogenous substance,,,,DERMO:0001902,,False
DERMO:0001912,toxic oil syndrome,,,"SNOMEDCT_US_2015_03_01:239910001 ""toxic oil syndrome""|DERMLEX:2171 ""toxic oil syndrome""",DERMO:0001911,,False
DERMO:0001913,eosinophilia-myalgia syndrome,,,"DERMLEX:2170 ""eosinophilia-myalgia syndrome""|DOID:998 ""eosinophilia-myalgia syndrome""",DERMO:0001911,,False
DERMO:0001914,sclerodermoid syndrome induced by drugs,,,,DERMO:0001911,,False
DERMO:0001915,sclerodermoid syndrome induced by chemicals,,,,DERMO:0001911,,False
DERMO:0001916,silicosis,,,"SNOMEDCT_US_2015_03_01:805002 ""silicosis""|SNOMEDCT_US_2015_03_01:155590008 ""silicosis""|DERMLEX:4287 ""silicosis""|DOID:10325 ""silicosis""",DERMO:0001911,,False
DERMO:0001917,morphea,,,"SNOMEDCT_US_2015_03_01:90424004 ""morphea""|SNOMEDCT_US_2015_03_01:156452007 ""morphea""|SNOMEDCT_US_2015_03_01:201049004 ""morphea""|DERMLEX:1821 ""morphea""|DOID:8472 ""morphea""|HP:0012344 ""morphea""",DERMO:0000106,,False
DERMO:0001918,linear morphea,,linear scleroderma,"SNOMEDCT_US_2015_03_01:201050004 ""linear morphea""|SNOMEDCT_US_2015_03_01:239908003 ""linear morphea""|SNOMEDCT_US_2015_03_01:22784002 ""linear morphea""|DERMLEX:1827 ""linear scleroderma""|ICD10:L94.1 ""linear morphea""",DERMO:0001917,,False
DERMO:0001919,deep morphea,,morphea profundus,"DERMLEX:1830 ""deep morphea""",DERMO:0001917,,False
DERMO:0001920,morphea en coup de sabre,,scleroderma en coup de sabre,"SNOMEDCT_US_2015_03_01:51156002 ""morphea en coup de sabre""",DERMO:0001917,,False
DERMO:0001921,plaque-type morphea,,circumscribed scleroderma|localized scleroderma,"DOID:8472 ""plaque-type morphea""",DERMO:0001917,,False
DERMO:0001922,generalized morphea,,,"SNOMEDCT_US_2015_03_01:7513007 ""generalized morphea""|DERMLEX:1822 ""generalized morphea""",DERMO:0001917,,False
DERMO:0001923,guttate morphea,,,"SNOMEDCT_US_2015_03_01:403521006 ""guttate morphea""|DERMLEX:1825 ""guttate morphea""",DERMO:0001917,,False
DERMO:0001924,nodular morphea,,keloid morphea,,DERMO:0001917,,False
DERMO:0001925,bullous morphea,,,"DERMLEX:1826 ""bullous morphea""",DERMO:0001917,,False
DERMO:0001926,parry-romberg syndrome,,hemifacial atrophy|progressive hemifacial atrophy,"DERMLEX:1828 ""facial hemiatrophy""|DOID:1757 ""parry-romberg syndrome""|HP:0011331 ""parry-romberg syndrome""",DERMO:0001326|DERMO:0001918,DERMO:0001334,False
DERMO:0001927,childhood morphea,,,,DERMO:0001917,,False
DERMO:0001928,disabling pansclerotic morphea of children,,,"SNOMEDCT_US_2015_03_01:403523009 ""disabling pansclerotic morphea of children""",DERMO:0001927,,False
DERMO:0001929,rheumatological disease not otherwise specified,,,,DERMO:0000106,,False
DERMO:0001930,juvenile idiopathic arthritis,,JIA|JRA|juvenile chronic arthritis|juvenile rheumatoid arthritis,"SNOMEDCT_US_2015_03_01:410502007 ""juvenile idiopathic arthritis""|DOID:676 ""juvenile idiopathic arthritis""|HP:0005681 ""juvenile idiopathic arthritis""|ICD10:M08.0 ""juvenile idiopathic arthritis""",DERMO:0001929,,False
DERMO:0001931,systemic-onset juvenile idiopathic arthritis,,still's disease,,DERMO:0001930,,False
DERMO:0001932,RF-negative polyarthritis,,,,DERMO:0001930,,False
DERMO:0001933,RF-positive polyarthritis,,,,DERMO:0001930,,False
DERMO:0001934,oligo/pauciarticular arthritis,,,,DERMO:0001930,,False
DERMO:0001935,enthesitis-related arthritis,,,,DERMO:0001930,,False
DERMO:0001936,psoriatic arthritis,,,"SNOMEDCT_US_2015_03_01:156370009 ""psoriatic arthritis""|SNOMEDCT_US_2015_03_01:33339001 ""psoriatic arthritis""|DERMLEX:2084 ""psoriatic arthritis""|DOID:9008 ""psoriatic arthritis""",DERMO:0001930,,False
DERMO:0001937,arthritis not otherwise determined,,,,DERMO:0001930,,False
DERMO:0001938,adult-onset still's disease,,adult still's disease|still's disease in the adult,"DOID:14256 ""adult-onset still's disease""",DERMO:0001929,,False
DERMO:0001939,relapsing polychondritis,,atrophic polychondritis|systemic chondromalacia,"SNOMEDCT_US_2015_03_01:72275000 ""relapsing polychondritis""|DERMLEX:2330 ""relapsing polychondritis""|DOID:2556 ""relapsing polychondritis""|ICD10:M94.1 ""relapsing polychondritis""",DERMO:0001929,,False
DERMO:0001940,mixed connective tissue disease,,MCTD|sharpe's syndrome|undifferentiated connective tissue disease,"SNOMEDCT_US_2015_03_01:398049005 ""mixed connective tissue disease""|SNOMEDCT_US_2015_03_01:33110008 ""mixed connective tissue disease""|DERMLEX:1800 ""mixed connective tissue disease""|DOID:3492 ""mixed connective tissue disease""",DERMO:0001929,,False
DERMO:0001941,extra-articular manifestation of rheumatoid arthritis,,,,DERMO:0001929,,False
DERMO:0001942,rheumatoid nodule,,,"SNOMEDCT_US_2015_03_01:201789001 ""rheumatoid nodule""|SNOMEDCT_US_2015_03_01:33719002 ""rheumatoid nodule""|SNOMEDCT_US_2015_03_01:50782009 ""rheumatoid nodule""|DERMLEX:1813 ""rheumatoid nodule""|ICD10:M06.3 ""rheumatoid nodule""",DERMO:0001941|DERMO:0003042,,False
DERMO:0001943,rheumatoid vasculitis,,,"SNOMEDCT_US_2015_03_01:400054000 ""rheumatoid vasculitis""|SNOMEDCT_US_2015_03_01:201786008 ""rheumatoid vasculitis""|SNOMEDCT_US_2015_03_01:80172006 ""rheumatoid vasculitis""|DERMLEX:1814 ""rheumatoid vasculitis""|ICD10:M05.2 ""rheumatoid vasculitis""",DERMO:0001941,,False
DERMO:0001944,bywater's lesion,,,,DERMO:0001941,,False
DERMO:0001945,felty syndrome,,,"SNOMEDCT_US_2015_03_01:57160007 ""felty syndrome""|DERMLEX:4436 ""felty syndrome""|ICD10:M05.0 ""felty syndrome""",DERMO:0001941,,False
DERMO:0001946,rheumatoid neutrophilic dermatosis,,,"DERMLEX:2165 ""rheumatoid neutrophilic dermatosis""",DERMO:0001941,,False
DERMO:0001947,interstitial granulomatous dermatitis with arthritis,,IGD with cutaneous cords and arthritis|IGD with plaques|IGD with plaques and arthritis,"DERMLEX:6692 ""interstitial granulomatous dermatitis with arthritis""",DERMO:0001929,,False
DERMO:0001948,churg-strauss syndrome,,allergic angiitis and granulomatosis|churg-strauss granuloma|churg-strauss vasculitis|cutaneous extravascular necrotising granuloma|granulomatous vasculitis of churg-strauss|palisaded neutrophilic and granulomatous dermatitis|PNGD|rheumatoid papules|superficial ulcerating rheumatoid necrobiosis,"SNOMEDCT_US_2015_03_01:82275008 ""churg-strauss syndrome""|DERMLEX:2030 ""churg-strauss syndrome""|DOID:3049 ""churg-strauss syndrome""",DERMO:0001941|DERMO:0003227,DERMO:0003229,False
DERMO:0001949,infantile hemangioma,,hemangioma of infancy,"SNOMEDCT_US_2015_03_01:83343001 ""infantile hemangioma""|DERMLEX:1445 ""infantile hemangioma""|DOID:2725 ""infantile hemangioma""",DERMO:0000994|DERMO:0001959,DERMO:0001021,False
DERMO:0001950,vascular birthmark,,,,DERMO:0000115,,False
DERMO:0001951,congenital hemangioma,,,"SNOMEDCT_US_2015_03_01:400109004 ""congenital hemangioma""|SNOMEDCT_US_2015_03_01:32361000119104 ""congenital hemangioma""",DERMO:0000994|DERMO:0001959,DERMO:0001022,False
DERMO:0001952,rapidly involuting congenital hemangioma,,congenital non-progressive hemangioma|RICH,"SNOMEDCT_US_2015_03_01:400162006 ""rapidly involuting congenital hemangioma""|SNOMEDCT_US_2015_03_01:703294004 ""rapidly involuting congenital hemangioma""",DERMO:0001951,,False
DERMO:0001953,non-involuting congenital hemangioma,,NICH,"SNOMEDCT_US_2015_03_01:399973007 ""non-involuting congenital hemangioma""|SNOMEDCT_US_2015_03_01:703295003 ""non-involuting congenital hemangioma""|DERMLEX:1446 ""non-involuting congenital hemangioma""",DERMO:0001951,,False
DERMO:0001954,kaposiform hemangioendothelioma,,infantile kaposiform hemangioendothelioma|kaposi-like infantile hemangioendothelioma|KHE,"SNOMEDCT_US_2015_03_01:403983000 ""kaposiform hemangioendothelioma""|SNOMEDCT_US_2015_03_01:66229009 ""kaposiform hemangioendothelioma""|DERMLEX:1451 ""kaposiform hemangioendothelioma""",DERMO:0000995|DERMO:0001959,DERMO:0001037,False
DERMO:0001955,deep infantile hemangioma,,,,DERMO:0001949,,False
DERMO:0001956,superficial infantile hemangioma,,,,DERMO:0001949,,False
DERMO:0001957,mixed infantile hemangioma,,,,DERMO:0001949,,False
DERMO:0001958,vascular malformation,,angiodysplasia,"SNOMEDCT_US_2015_03_01:400159008 ""vascular malformation""|SNOMEDCT_US_2015_03_01:61136001 ""vascular malformation""|SNOMEDCT_US_2015_03_01:32776006 ""vascular malformation""|DOID:2494 ""vascular malformation""",DERMO:0001950,,False
DERMO:0001959,vascular tumor,,,,DERMO:0001950,,False
DERMO:0001960,capillary malformation,,CM|nevus flammeus|port-wine stain|PWS,"SNOMEDCT_US_2015_03_01:234118009 ""capillary malformation""|DERMLEX:1392 ""nevus flammeus""|DOID:2724 ""capillary malformation""|DOID:3663 ""capillary malformation""|HP:0001052 ""capillary malformation""",DERMO:0000992|DERMO:0001968,DERMO:0001004,False
DERMO:0001961,venous malformation,,cavernous angioma|cavernous hemangioma|phlebectasia|VM,"SNOMEDCT_US_2015_03_01:1179002 ""venous malformation""|SNOMEDCT_US_2015_03_01:234124003 ""venous malformation""|DERMLEX:2535 ""venous malformation""|DOID:483 ""venous malformation""|HP:0001048 ""venous malformation""|HP:0012721 ""venous malformation""",DERMO:0000992|DERMO:0001968,DERMO:0001005,False
DERMO:0001964,arteriovenous malformation stage 1,,arteriovenous malformation quiescent/dormant stage,,DERMO:0001010,,False
DERMO:0001965,arteriovenous malformation stage 2,,arteriovenous malformation expansion stage,,DERMO:0001010,,False
DERMO:0001966,arteriovenous malformation stage 3,,arteriovenous malformation destruction stage,,DERMO:0001010,,False
DERMO:0001967,arteriovenous malformation stage 4,,arteriovenous malformation cardiac decompensation stage,,DERMO:0001010,,False
DERMO:0001968,slow-flow vascular malformation,,,,DERMO:0001958,,False
DERMO:0001969,fast-flow vascular malformation,,,,DERMO:0001958,,False
DERMO:0001970,complex-combined vascular malformation,,,,DERMO:0001969,,False
DERMO:0001971,capillary-venous malformation,,CVM,"SNOMEDCT_US_2015_03_01:234133001 ""capillary-venous malformation""",DERMO:0001970,,False
DERMO:0001972,capillary-lymphatic malformation,,CLM,,DERMO:0001970,,False
DERMO:0001973,lymphatic-venous malformation,,LVM,,DERMO:0001970,,False
DERMO:0001974,capillary-arteriovenous malformation,,C-AVM,,DERMO:0001970,,False
DERMO:0001975,lymphatic-arteriovenous malformation,,L-AVM,,DERMO:0001970,,False
DERMO:0001976,phakomatosis pigmentovascularis,,PPV,"SNOMEDCT_US_2015_03_01:403545005 ""phakomatosis pigmentovascularis""|DERMLEX:2521 ""phakomatosis pigmentovascularis""",DERMO:0001960,,False
DERMO:0001977,syndromic capillary malformation,,,,DERMO:0001960,,False
DERMO:0001978,sturge-weber syndrome,,SWS,"SNOMEDCT_US_2015_03_01:157030004 ""sturge-weber syndrome""|SNOMEDCT_US_2015_03_01:19886006 ""sturge-weber syndrome""|DERMLEX:2522 ""klippel-trenaunay-weber syndrome""",DERMO:0001977,,False
DERMO:0001979,klippel-trenaunay syndrome,,KTS,"DERMLEX:6657 ""klippel-trenaunay syndrome""|DOID:2926 ""klippel-trenaunay syndrome""",DERMO:0001977,,False
DERMO:0001980,macrocephaly-capillary malformation,,macrocephaly-cutis marmorata telangiectatica congenita,"SNOMEDCT_US_2015_03_01:700063005 ""macrocephaly-capillary malformation""",DERMO:0001977,,False
DERMO:0001981,CLOVES syndrome,,"congenital lipomatous overgrowth, vascular anomalies, epidermal nevi and scoliosis/other skeletal abnormalities syndrome",,DERMO:0001977,,False
DERMO:0001982,CLAPO syndrome,,CMs and LMs asymmetry and partial overgrowth of the face and extremities,,DERMO:0001977,,False
DERMO:0001983,cutis marmorata telangiectatica congenita,,CMTC,"SNOMEDCT_US_2015_03_01:254778000 ""cutis marmorata telangiectatica congenita""|DERMLEX:2442 ""congenital livedo reticularis""",DERMO:0000993|DERMO:0002029,,False
DERMO:0001984,cerebral capillary malformation,,CCM|familial cerebral cavernoma,,DERMO:0001960,,False
DERMO:0001985,hyperkeratotic cutaneous capillary-venous malformation,,HCCVM,,DERMO:0001984,,False
DERMO:0001986,blue rubber bleb nevus syndrome,,bean syndrome|BRBNS,"SNOMEDCT_US_2015_03_01:254784002 ""blue rubber bleb nevus syndrome""|DERMLEX:2543 ""blue rubber bleb nevus syndrome""",DERMO:0001990,,False
DERMO:0001987,cephalic venous malformation,,,,DERMO:0001961,,False
DERMO:0001988,trunk and limb venous malformation,,,,DERMO:0001961,,False
DERMO:0001990,syndromic venous malformation,,,,DERMO:0001961,,False
DERMO:0001991,familial cutaneous and mucosal venous malformation,,familial VMCM,,DERMO:0001990,,False
DERMO:0001992,maffucci syndrome,,,"SNOMEDCT_US_2015_03_01:46041001 ""maffucci syndrome""|DERMLEX:2997 ""maffucci syndrome""|DOID:4624 ""maffucci syndrome""",DERMO:0001990,,False
DERMO:0001993,primary lymphedema,,,"SNOMEDCT_US_2015_03_01:77123007 ""primary lymphedema""|SNOMEDCT_US_2015_03_01:254199006 ""primary lymphedema""",DERMO:0001006|DERMO:0002012,,False
DERMO:0001994,nonne-milroy disease,,,,DERMO:0002013,,False
DERMO:0001995,meige disease,,,,DERMO:0002014,,False
DERMO:0001996,lymphedema-distichiasis syndrome,,,"DERMLEX:2987 ""distichiasis-lymphedema syndrome""|OMIM:602402 ""lymphedema-distichiasis syndrome""",DERMO:0001993,,False
DERMO:0001997,aagenaes syndrome,,,"SNOMEDCT_US_2015_03_01:28724005 ""aagenaes syndrome""|DERMLEX:2984 ""cholestasis-lymphedema syndrome""|DOID:6691 ""aagenaes syndrome""",DERMO:0001993,,False
DERMO:0001998,combined microcystic and macrocystic lymphatic malformation,,,,DERMO:0001006,,False
DERMO:0001999,gorham-stout disease,,disappearing bone disease,,DERMO:0001998,,False
DERMO:0002000,variant sinusoidal hemangioma,,,,DERMO:0001024,,False
DERMO:0002001,syndromic arteriovenous malformation,,,,DERMO:0001010,,False
DERMO:0002002,cobb syndrome,,,"SNOMEDCT_US_2015_03_01:254774003 ""cobb syndrome""|DERMLEX:2991 ""cobb syndrome""",DERMO:0002001,,False
DERMO:0002003,bonnet-dechaume-blanc syndrome,,BDBS|wyburn-mason syndrome,"SNOMEDCT_US_2015_03_01:6729006 ""bonnet-dechaume-blanc syndrome""|DERMLEX:4866 ""bonnet-dechaume-blanc syndrome""",DERMO:0002001,,False
DERMO:0002004,parkes weber syndrome,,,"SNOMEDCT_US_2015_03_01:234143003 ""parkes weber syndrome""|DERMLEX:2522 ""klippel-trenaunay-weber syndrome""",DERMO:0002001,,False
DERMO:0002005,capillary malformation-arteriovenous malformation,,CM-AVM,"OMIM:139150 ""capillary malformation-arteriovenous malformation""",DERMO:0002001,,False
DERMO:0002006,ulcer,,,"SNOMEDCT_US_2015_03_01:429040005 ""ulcer""|SNOMEDCT_US_2015_03_01:56208002 ""ulcer""|DERMLEX:5114 ""ulcer""",DERMO:0000115,,False
DERMO:0002007,venous ulcer,,ulcer due to venous insufficiency/venous hypertension,"SNOMEDCT_US_2015_03_01:371032004 ""venous ulcer""|SNOMEDCT_US_2015_03_01:41915009 ""venous ulcer""",DERMO:0002006,,False
DERMO:0002008,arterial ulcer,,ulcer due to atherosclerosis,"SNOMEDCT_US_2015_03_01:13954005 ""arterial ulcer""|DERMLEX:2515 ""ischemic ulcer""",DERMO:0002006,,False
DERMO:0002009,ulcer due to causes not otherwise specified,,,,DERMO:0002006,,False
DERMO:0002010,livedoid vasculopathy,,atrophie blanche|livedo reticularis with summer ulceration|livedoid vasculitis|segmental hyalinizing vasculitis,"DERMLEX:2379 ""livedoid vasculitis""|ICD10:L95.0 ""livedoid vasculopathy""",DERMO:0002006|DERMO:0003208,,False
DERMO:0002011,pressure ulcer,,bed sore|decubitus ulcer|pressure sore,"SNOMEDCT_US_2015_03_01:399912005 ""pressure ulcer""|SNOMEDCT_US_2015_03_01:420226006 ""pressure ulcer""|SNOMEDCT_US_2015_03_01:28103007 ""pressure ulcer""|DOID:8717 ""pressure ulcer""|HP:0012399 ""pressure ulcer""",DERMO:0002020,,False
DERMO:0002012,lymphedema,,,"SNOMEDCT_US_2015_03_01:155485008 ""lymphedema""|SNOMEDCT_US_2015_03_01:195486001 ""lymphedema""|SNOMEDCT_US_2015_03_01:234097001 ""lymphedema""|SNOMEDCT_US_2015_03_01:266334008 ""lymphedema""|SNOMEDCT_US_2015_03_01:30213001 ""lymphedema""|DERMLEX:2482 ""lymphedema""|DOID:4977 ""lymphedema""|HP:0001004 ""lymphedema""|MP:0003390 ""lymphedema""",DERMO:0002006,,False
DERMO:0002013,congenital lymphedema,,,"SNOMEDCT_US_2015_03_01:75127007 ""congenital lymphedema""|SNOMEDCT_US_2015_03_01:195489008 ""congenital lymphedema""",DERMO:0001993,,False
DERMO:0002014,lymphedema praecox,,,"SNOMEDCT_US_2015_03_01:77123007 ""lymphedema praecox""|SNOMEDCT_US_2015_03_01:400040008 ""lymphedema praecox""|SNOMEDCT_US_2015_03_01:234098006 ""lymphedema praecox""|DERMLEX:2986 ""hereditary lymphedem""",DERMO:0001993,,False
DERMO:0002015,lymphedema tarda,,,"SNOMEDCT_US_2015_03_01:400158000 ""lymphedema tarda""|SNOMEDCT_US_2015_03_01:195491000 ""lymphedema tarda""",DERMO:0001993,,False
DERMO:0002016,secondary lymphedema,,,"SNOMEDCT_US_2015_03_01:28590005 ""secondary lymphedema""",DERMO:0002012,,False
DERMO:0002017,lymphadema due to filariasis,,,,DERMO:0002016,,False
DERMO:0002018,diabetic ulcer,,,"DERMLEX:698 ""neuropathic ulcer""",DERMO:0002019,,False
DERMO:0002019,neuropathic ulcer,,,"SNOMEDCT_US_2015_03_01:403601003 ""neuropathic ulcer""|DERMLEX:698 ""neuropathic ulcer""",DERMO:0002006,,False
DERMO:0002020,ulcer due to physical factors,,,,DERMO:0002006,,False
DERMO:0002021,pressure ulcer stage 1,"Non-blanchable erythema of intact skin which heralds skin ulceration. For darker-skinned individuals, warmth, edema, discoloration of the skin and induration may serve as indicators of impending ulceration.",,"SNOMEDCT_US_2015_03_01:421076008 ""pressure ulcer stage 1""",DERMO:0002011,,False
DERMO:0002022,pressure ulcer stage 2,"Partial-thickness skin loss involving the epidermis, dermis or both. This superficial lesion presents as an erosion, blister or shallow ulcer.",,"SNOMEDCT_US_2015_03_01:420324007 ""pressure ulcer stage 2""",DERMO:0002011,,False
DERMO:0002023,pressure ulcer stage 3,"Full-thickness skin loss with damage to the subcutaneous tissue, extending down to (but not including) the underlying fascia. This deep lesion presents as a crater-like ulcer and sometimes involves adjacent tissue.",,"SNOMEDCT_US_2015_03_01:421927004 ""pressure ulcer stage 3""",DERMO:0002011,,False
DERMO:0002024,pressure ulcer stage 4,"Full-thickness skin loss and extensive tissue necrosis with destruction extending to muscle, bone, or supporting structures such as tendons or joint capsules. Undermining or sinus tracts can be present.",,"SNOMEDCT_US_2015_03_01:420597008 ""pressure ulcer stage 4""",DERMO:0002011,,False
DERMO:0002026,anaemia,,,"SNOMEDCT_US_2015_03_01:64593003 ""anaemia""|SNOMEDCT_US_2015_03_01:154786001 ""anaemia""|SNOMEDCT_US_2015_03_01:271737000 ""anaemia""|HP:0001903 ""anaemia""",DERMO:0000621,,False
DERMO:0002028,livedo reticularis,,LR,"SNOMEDCT_US_2015_03_01:78820005 ""livedo reticularis""|SNOMEDCT_US_2015_03_01:201303000 ""livedo reticularis""|SNOMEDCT_US_2015_03_01:238772004 ""livedo reticularis""|SNOMEDCT_US_2015_03_01:279990005 ""livedo reticularis""|DERMLEX:2441 ""livedo reticularis""|HP:0000965 ""livedo reticularis""",DERMO:0000115,,False
DERMO:0002029,congenital livedo reticularis,,,"SNOMEDCT_US_2015_03_01:254210000 ""congenital livedo reticularis""|SNOMEDCT_US_2015_03_01:254778000 ""congenital livedo reticularis""|DERMLEX:2442 ""congenital livedo reticularis""",DERMO:0002028,,False
DERMO:0002030,acquired livedo reticularis,,,,DERMO:0002028,,False
DERMO:0002031,livedo racemosa,,,"SNOMEDCT_US_2015_03_01:78820005 ""livedo racemosa""|SNOMEDCT_US_2015_03_01:238772004 ""livedo racemosa""|DERMLEX:2821 ""livedo racemosa""",DERMO:0002028,,False
DERMO:0002032,livedo reticularis without systemic associations,,,,DERMO:0002030,,False
DERMO:0002033,physiologic livedo reticularis,,cutis marmorata,"DOID:14401 ""physiologic livedo reticularis""|HP:0000965 ""physiologic livedo reticularis""",DERMO:0002032,,False
DERMO:0002034,idiopathic livedo reticularis,,primary livedo reticularis,"SNOMEDCT_US_2015_03_01:238773009 ""idiopathic livedo reticularis""|DERMLEX:2441 ""livedo reticularis""",DERMO:0002032,,False
DERMO:0002035,livedo reticularis secondary to systemic disease,,,,DERMO:0002030,,False
DERMO:0002036,livedo reticularis due to vasospasm,,,,DERMO:0002035,,False
DERMO:0002037,livedo reticularis due to vessel wall pathology,,,,DERMO:0002035,,False
DERMO:0002038,sneddon syndrome,,idiopathic livedo reticularis with cerebrovascular accidents,"DERMLEX:1801 ""sneddon syndrome""|DOID:13096 ""sneddon syndrome""",DERMO:0002037|DERMO:0003208,,False
DERMO:0002039,livedo reticularis due to intraluminal disease,,,,DERMO:0002035,,False
DERMO:0002040,livedo reticularis due to reduced blood flow velocity,,,,DERMO:0002039,,False
DERMO:0002041,livedo reticularis due to vessel lumen obstruction,,,,DERMO:0002039,,False
DERMO:0002042,flushing,,,"SNOMEDCT_US_2015_03_01:20255002 ""flushing""|SNOMEDCT_US_2015_03_01:238810007 ""flushing""|DERMLEX:2423 ""flushing""|ICD10:R23.2 ""flushing""",DERMO:0000115,,False
DERMO:0002043,physiologic flushing,,,,DERMO:0002042,,False
DERMO:0002044,flushing due to exogenous agents,,,,DERMO:0002042,,False
DERMO:0002045,flushing due to menopause,,hot flashes|hot flushes,,DERMO:0002042,,False
DERMO:0002046,flushing due to neurological disorders,,,,DERMO:0002042,,False
DERMO:0002047,flushing due to systemic disease,,,,DERMO:0002042,,False
DERMO:0002048,carcinoid syndrome,,,"SNOMEDCT_US_2015_03_01:154717002 ""carcinoid syndrome""|SNOMEDCT_US_2015_03_01:190580007 ""carcinoid syndrome""|SNOMEDCT_US_2015_03_01:35868009 ""carcinoid syndrome""|DERMLEX:2430 ""malignant carcinoid syndrome""|DOID:8600 ""carcinoid syndrome""|ICD10:E34.0 ""carcinoid syndrome""",DERMO:0000621,,False
DERMO:0002049,pheochromocytoma,,,"SNOMEDCT_US_2015_03_01:85583005 ""pheochromocytoma""|SNOMEDCT_US_2015_03_01:154555009 ""pheochromocytoma""|SNOMEDCT_US_2015_03_01:188337000 ""pheochromocytoma""|SNOMEDCT_US_2015_03_01:269615000 ""pheochromocytoma""|SNOMEDCT_US_2015_03_01:302835009 ""pheochromocytoma""|SNOMEDCT_US_2015_03_01:360332001 ""pheochromocytoma""|HP:0002666 ""pheochromocytoma""",DERMO:0000622,,False
DERMO:0002051,thyrotoxicosis,,,"SNOMEDCT_US_2015_03_01:90739004 ""thyrotoxicosis""|SNOMEDCT_US_2015_03_01:154655004 ""thyrotoxicosis""|SNOMEDCT_US_2015_03_01:190239004 ""thyrotoxicosis""|SNOMEDCT_US_2015_03_01:267373004 ""thyrotoxicosis""|SNOMEDCT_US_2015_03_01:267464006 ""thyrotoxicosis""|DERMLEX:1842 ""hyperthyroidism""|DOID:7997 ""thyrotoxicosis""",DERMO:0000152,,False
DERMO:0002052,pancreatic tumour,,,,DERMO:0000621,,False
DERMO:0002053,prostaglandin-secreting renal cell carcinoma,,,,DERMO:0000622,,False
DERMO:0002054,flushing due to anxiety,,blushing,,DERMO:0002046,,False
DERMO:0002055,erythromelalgia,,EM|erythralgia|erythromalgia,"SNOMEDCT_US_2015_03_01:238777005 ""erythromelalgia""|SNOMEDCT_US_2015_03_01:37151006 ""erythromelalgia""|DERMLEX:4318 ""erythromelalgia""|DOID:9240 ""erythromelalgia""",DERMO:0000115,,False
DERMO:0002056,erythromelalgia type 1,,erythromelalgia associated with thrombocythemia,,DERMO:0002055,,False
DERMO:0002057,erythromelalgia type 3,,erythromelalgia associated with underlying cause other than thrombocythemia,,DERMO:0002055,,False
DERMO:0002058,cutaneous collagenous vasculopathy,,CCV,,DERMO:0000993,,False
DERMO:0002059,familial angioma serpiginosum,,,,DERMO:0001016,,False
DERMO:0002060,sporadic angioma serpiginosum,,,,DERMO:0001016,,False
DERMO:0002061,nevus anemicus,,,"SNOMEDCT_US_2015_03_01:201302005 ""nevus anemicus""|SNOMEDCT_US_2015_03_01:40929003 ""nevus anemicus""|DERMLEX:2443 ""nevus anemicus""",DERMO:0000115,,False
DERMO:0002062,angioplastic macules,,bier spots,,DERMO:0000115,,False
DERMO:0002063,skin disease caused by bacteria,,,,DERMO:0000110,,False
DERMO:0002064,skin disease caused by gram-positive bacteria,,,,DERMO:0002063,,False
DERMO:0002065,staphylococcal or streptococcal skin infection,,,,DERMO:0002064,,False
DERMO:0002066,impetigo,,,"SNOMEDCT_US_2015_03_01:156319000 ""impetigo""|SNOMEDCT_US_2015_03_01:267836006 ""impetigo""|SNOMEDCT_US_2015_03_01:48277006 ""impetigo""|DOID:8504 ""impetigo""|ICD10:L01 ""impetigo""",DERMO:0001385|DERMO:0002065,,False
DERMO:0002067,bullous impetigo,,,"SNOMEDCT_US_2015_03_01:399183005 ""bullous impetigo""|SNOMEDCT_US_2015_03_01:200703007 ""bullous impetigo""|SNOMEDCT_US_2015_03_01:359754006 ""bullous impetigo""|SNOMEDCT_US_2015_03_01:367404007 ""bullous impetigo""|DERMLEX:20 ""bullous impetigo""",DERMO:0002066,,False
DERMO:0002068,non-bullous impetigo,,crusted impetigo,"SNOMEDCT_US_2015_03_01:238374001 ""non-bullous impetigo""|DERMLEX:19 ""non-bullous impetigo""",DERMO:0002066,,False
DERMO:0002069,impetigo contagiosa,,,"SNOMEDCT_US_2015_03_01:48277006 ""impetigo contagiosa""|DERMLEX:19 ""non-bullous impetigo""",DERMO:0002066,,False
DERMO:0002070,staphylococcal impetigo,,,,DERMO:0002066,,False
DERMO:0002071,streptococcal impetigo,,,"SNOMEDCT_US_2015_03_01:238375000 ""streptococcal impetigo""",DERMO:0002066,,False
DERMO:0002072,bacterial folliculitis,,,"SNOMEDCT_US_2015_03_01:399324007 ""bacterial folliculitis""|SNOMEDCT_US_2015_03_01:21769009 ""bacterial folliculitis""|SNOMEDCT_US_2015_03_01:55875000 ""bacterial folliculitis""",DERMO:0002065,,False
DERMO:0002073,staphylococcal folliculitis,,,,DERMO:0002072,,False
DERMO:0002075,deep bacterial folliculitis,,,"SNOMEDCT_US_2015_03_01:399008001 ""deep bacterial folliculitis""|SNOMEDCT_US_2015_03_01:201180006 ""deep bacterial folliculitis""|SNOMEDCT_US_2015_03_01:55875000 ""deep bacterial folliculitis""|DERMLEX:36 ""deep bacterial folliculitis""",DERMO:0002072,,False
DERMO:0002076,pseudomonal folliculitis,"Edematous, pink to red follicular papules and pustules, primarily on the trunk, due to Pseudomonas aeruginosa in the setting of use of a hot tub/whirlpool 12-48 hours prior to onset.",hot tub folliculitis,,DERMO:0002119|DERMO:0002524,,False
DERMO:0002077,gram-negative folliculitis,"Pustules in the facial T-zone and in a perinasal distribution, due to Klebsiella, Enterobacter and Proteus spp.",,"SNOMEDCT_US_2015_03_01:238380009 ""gram-negative folliculitis""",DERMO:0002072|DERMO:0002524,,False
DERMO:0002078,sycosis barbae,"Bacterial folliculitis of the beard and/or mustache areas, usually caused by Staphylococcus aureus.",,"SNOMEDCT_US_2015_03_01:399329002 ""sycosis barbae""|SNOMEDCT_US_2015_03_01:156410002 ""sycosis barbae""|SNOMEDCT_US_2015_03_01:21769009 ""sycosis barbae""|SNOMEDCT_US_2015_03_01:55875000 ""sycosis barbae""",DERMO:0002075|DERMO:0002546,,False
DERMO:0002079,abscess,,,"SNOMEDCT_US_2015_03_01:128477000 ""abscess""|SNOMEDCT_US_2015_03_01:44132006 ""abscess""|DERMLEX:34 ""abscess""",DERMO:0002065,,False
DERMO:0002080,furuncle,Furuncles are a deep infection of hair follicles.,boil,"SNOMEDCT_US_2015_03_01:156294007 ""furuncle""|SNOMEDCT_US_2015_03_01:416675009 ""furuncle""|SNOMEDCT_US_2015_03_01:267826003 ""furuncle""|SNOMEDCT_US_2015_03_01:59843005 ""furuncle""|DERMLEX:24 ""furuncle""",DERMO:0002065|DERMO:0002545,,False
DERMO:0002081,carbuncle,,,"SNOMEDCT_US_2015_03_01:156294007 ""carbuncle""|SNOMEDCT_US_2015_03_01:416893007 ""carbuncle""|SNOMEDCT_US_2015_03_01:267826003 ""carbuncle""|SNOMEDCT_US_2015_03_01:41570003 ""carbuncle""|DERMLEX:26 ""carbuncle""|DOID:2176 ""carbuncle""",DERMO:0002065,,False
DERMO:0002082,furunculosis,The state of being affected by furuncles.,,"SNOMEDCT_US_2015_03_01:112650006 ""furunculosis""|DERMLEX:25 ""furunculosis""",DERMO:0002065,,False
DERMO:0002083,blistering distal dactylitis,,,"SNOMEDCT_US_2015_03_01:238407005 ""blistering distal dactylitis""|DERMLEX:21 ""blistering distal dactylitis""",DERMO:0002065,,False
DERMO:0002084,ecthyma,,,"SNOMEDCT_US_2015_03_01:85791004 ""ecthyma""|DERMLEX:18 ""ecthyma""|DOID:11907 ""ecthyma""",DERMO:0002068,,False
DERMO:0002085,staphylococcal scalded skin syndrome,,pemphigus neonatorum|ritter's disease|SSSS,"SNOMEDCT_US_2015_03_01:87758007 ""staphylococcal scalded skin syndrome""|SNOMEDCT_US_2015_03_01:200946001 ""staphylococcal scalded skin syndrome""|DERMLEX:139 ""staphylococcal scalded skin syndrome""|DOID:9063 ""staphylococcal scalded skin syndrome""|ICD10:L00 ""staphylococcal scalded skin syndrome""",DERMO:0002065,,False
DERMO:0002086,toxic shock syndrome,,TSS,"SNOMEDCT_US_2015_03_01:18504008 ""toxic shock syndrome""|DERMLEX:138 ""toxic shock syndrome""|DOID:14115 ""toxic shock syndrome""|ICD10:A48.3 ""toxic shock syndrome""",DERMO:0002065,,False
DERMO:0002087,scarlet fever,,scarlatina,"SNOMEDCT_US_2015_03_01:154303009 ""scarlet fever""|SNOMEDCT_US_2015_03_01:30242009 ""scarlet fever""|DERMLEX:136 ""scarlet fever""|DOID:8596 ""scarlet fever""|ICD10:A38 ""scarlet fever""",DERMO:0002065,,False
DERMO:0002088,streptococcal toxic shock syndrome,,streptococcal toxic shock-like syndrome|streptococcal TSS|toxic streptococcal syndrome,"SNOMEDCT_US_2015_03_01:240451000 ""streptococcal toxic shock syndrome""|DERMLEX:145 ""streptococcal toxic shock syndrome""",DERMO:0002065,,False
DERMO:0002089,streptococcal intertrigo,,,"SNOMEDCT_US_2015_03_01:238411004 ""streptococcal intertrigo""",DERMO:0002065,,False
DERMO:0002091,bullous cellulitis,,,,DERMO:0001398,,False
DERMO:0002092,botryomycosis,,bacterial pseudomycosis|granular bacteriosis,"SNOMEDCT_US_2015_03_01:238413001 ""botryomycosis""|SNOMEDCT_US_2015_03_01:58896006 ""botryomycosis""|DERMLEX:22 ""botryomycosis""",DERMO:0002065,,False
DERMO:0002093,necrotizing fasciitis,,flesh-eating bacteria syndrome,"SNOMEDCT_US_2015_03_01:186428007 ""necrotizing fasciitis""|SNOMEDCT_US_2015_03_01:52486002 ""necrotizing fasciitis""|DERMLEX:137 ""necrotizing fasciitis""|DOID:9602 ""necrotizing fasciitis""|ICD10:M72.6 ""necrotizing fasciitis""",DERMO:0002065,,False
DERMO:0002094,type 1 necrotizing fasciitis,,polymicrobial necrotizing fasciitis,,DERMO:0002093,,False
DERMO:0002095,type 2 necrotizing fasciitis,,group A streptococcal necrotizing fasciitis,,DERMO:0002093,,False
DERMO:0002096,fournier's gangrene,,,"SNOMEDCT_US_2015_03_01:398318005 ""fournier's gangrene""|SNOMEDCT_US_2015_03_01:236742003 ""fournier's gangrene""",DERMO:0001774|DERMO:0002093,DERMO:0001778,False
DERMO:0002097,synergistic necrotizing cellulitis,,,"DERMLEX:4476 ""synergistic necrotizing cellulitis""",DERMO:0002093,,False
DERMO:0002098,bacteremia,,,"SNOMEDCT_US_2015_03_01:5758002 ""bacteremia""|SNOMEDCT_US_2015_03_01:10001005 ""bacteremia""|DERMLEX:62 ""bacteremia""",DERMO:0002065,,False
DERMO:0002099,septicemia,,,"SNOMEDCT_US_2015_03_01:91302008 ""septicemia""|SNOMEDCT_US_2015_03_01:105592009 ""septicemia""|SNOMEDCT_US_2015_03_01:154313001 ""septicemia""|DERMLEX:63 ""septicemia""",DERMO:0002065,,False
DERMO:0002100,clostridial skin infection,,,,DERMO:0002064,,False
DERMO:0002101,anaerobic cellulitis,,,"SNOMEDCT_US_2015_03_01:238401006 ""anaerobic cellulitis""|DERMLEX:102 ""anaerobic cellulitis""",DERMO:0002100,,False
DERMO:0002102,myonecrosis,,gas gangrene,"DERMLEX:64 ""myonecrosis""|DOID:9159 ""myonecrosis""|ICD10:A48.0 ""myonecrosis""",DERMO:0002100,,False
DERMO:0002103,corynebacterial skin infection,,,,DERMO:0002064,,False
DERMO:0002104,erythrasma,,,"SNOMEDCT_US_2015_03_01:111797001 ""erythrasma""|SNOMEDCT_US_2015_03_01:154314007 ""erythrasma""|SNOMEDCT_US_2015_03_01:186393009 ""erythrasma""|SNOMEDCT_US_2015_03_01:200726000 ""erythrasma""|SNOMEDCT_US_2015_03_01:238418005 ""erythrasma""|SNOMEDCT_US_2015_03_01:266185008 ""erythrasma""|DERMLEX:30 ""erythrasma""|DOID:4131 ""erythrasma""|ICD10:L08.1 ""erythrasma""",DERMO:0002103,,False
DERMO:0002105,pitted keratolysis,,keratolysis plantare sulcatum|ringed keratolysis,"SNOMEDCT_US_2015_03_01:393599002 ""pitted keratolysis""|SNOMEDCT_US_2015_03_01:200730002 ""pitted keratolysis""|SNOMEDCT_US_2015_03_01:51212009 ""pitted keratolysis""|DERMLEX:31 ""pitted keratolysis""",DERMO:0002103,,False
DERMO:0002106,trichomycosis axillaris,,,"SNOMEDCT_US_2015_03_01:186393009 ""trichomycosis axillaris""|SNOMEDCT_US_2015_03_01:49894005 ""trichomycosis axillaris""|DERMLEX:153 ""trichomycosis axillaris""",DERMO:0002103,,False
DERMO:0002107,cutaneous diphtheria,,,"SNOMEDCT_US_2015_03_01:18901009 ""cutaneous diphtheria""|DERMLEX:58 ""cutaneous diphtheria""|DOID:12275 ""cutaneous diphtheria""|ICD10:A36.3 ""cutaneous diphtheria""",DERMO:0002103,,False
DERMO:0002108,ecthyma diphthericum,,,,DERMO:0002107,,False
DERMO:0002109,infection by gram-positive bacteria not otherwise specified,,,,DERMO:0002064,,False
DERMO:0002110,cutaneous anthrax,,,"SNOMEDCT_US_2015_03_01:84980006 ""cutaneous anthrax""|DERMLEX:109 ""cutaneous anthrax""|DOID:7426 ""cutaneous anthrax""|ICD10:A22.0 ""cutaneous anthrax""",DERMO:0002109,,False
DERMO:0002111,bacillus cereus infection,,,,DERMO:0002109,,False
DERMO:0002112,localized erysipeloid,,erysipeloid of rosenbach,"DERMLEX:99 ""localized erysipeloid""",DERMO:0001397,,False
DERMO:0002113,generalized erysipeloid,,,,DERMO:0001397,,False
DERMO:0002114,listeriosis,,,"SNOMEDCT_US_2015_03_01:186315001 ""listeriosis""|SNOMEDCT_US_2015_03_01:4241002 ""listeriosis""|DERMLEX:91 ""listeriosis""|DOID:11573 ""listeriosis""|ICD10:A32 ""listeriosis""",DERMO:0002109,,False
DERMO:0002115,skin disease caused by gram-negative bacteria,,,,DERMO:0002063,,False
DERMO:0002116,disease caused by neisseria meningitidis,,,,DERMO:0002438,,False
DERMO:0002117,acute meningococcemia,,,"SNOMEDCT_US_2015_03_01:186365005 ""acute meningococcemia""|DERMLEX:119 ""acute meningococcemia""",DERMO:0002116,,False
DERMO:0002118,chronic meningococcemia,,,"SNOMEDCT_US_2015_03_01:186366006 ""chronic meningococcemia""|SNOMEDCT_US_2015_03_01:240426001 ""chronic meningococcemia""|DERMLEX:120 ""chronic meningococcemia""",DERMO:0002116,,False
DERMO:0002119,disease caused by pseudomonas aeruginosa,,,,DERMO:0002115,,False
DERMO:0002120,pseudomonal pyoderma,,,"DERMLEX:41 ""pseudomonas pyoderma""",DERMO:0002119,,False
DERMO:0002121,blastomycosis-like pyoderma,,,"SNOMEDCT_US_2015_03_01:71332006 ""blastomycosis-like pyoderma""",DERMO:0002119,,False
DERMO:0002122,otitis externa,,,"SNOMEDCT_US_2015_03_01:155209003 ""otitis externa""|SNOMEDCT_US_2015_03_01:267751009 ""otitis externa""|SNOMEDCT_US_2015_03_01:3135009 ""otitis externa""|DERMLEX:29 ""otitis externa""|DOID:9463 ""otitis externa""|ICD10:H60 ""otitis externa""",DERMO:0002119,,False
DERMO:0002123,malignant otitis externa,,,"SNOMEDCT_US_2015_03_01:94146005 ""malignant otitis externa""|SNOMEDCT_US_2015_03_01:194206006 ""malignant otitis externa""|DERMLEX:29 ""otitis externa""|DOID:10516 ""malignant otitis externa""|ICD10:H60.2 ""malignant otitis externa""",DERMO:0002122,,False
DERMO:0002124,auricular chondritis,,,,DERMO:0002119,,False
DERMO:0002125,pseudomonas hot-foot syndrome,,,"DERMLEX:28 ""pseudomonas hot-foot syndrome""",DERMO:0002119,,False
DERMO:0002126,ecthyma gangrenosum,,,"SNOMEDCT_US_2015_03_01:17732003 ""ecthyma gangrenosum""|DERMLEX:73 ""ecthyma gangrenosum""",DERMO:0002119|DERMO:0003184,,False
DERMO:0002127,disease caused by bartonella,,,,DERMO:0002115,,False
DERMO:0002128,bartonellosis,,carrion's disease,"SNOMEDCT_US_2015_03_01:186824002 ""bartonellosis""|SNOMEDCT_US_2015_03_01:17116008 ""bartonellosis""|SNOMEDCT_US_2015_03_01:266123003 ""bartonellosis""|DERMLEX:81 ""bartonellosis""|DOID:0050398 ""bartonellosis""|DOID:11102 ""bartonellosis""|ICD10:A44 ""bartonellosis""",DERMO:0002127,,False
DERMO:0002129,verruga peruana,,peruvian wart,"SNOMEDCT_US_2015_03_01:186824002 ""verruga peruana""|SNOMEDCT_US_2015_03_01:17116008 ""verruga peruana""|SNOMEDCT_US_2015_03_01:240455009 ""verruga peruana""|DERMLEX:122 ""verruga peruana""",DERMO:0002128,,False
DERMO:0002130,oroya fever,,,"SNOMEDCT_US_2015_03_01:186824002 ""oroya fever""|SNOMEDCT_US_2015_03_01:17116008 ""oroya fever""|SNOMEDCT_US_2015_03_01:240453002 ""oroya fever""|DERMLEX:121 ""oroya fever""|DOID:0050398 ""oroya fever""",DERMO:0002128,,False
DERMO:0002131,cat scratch disease,,cat scratch fever|CSD|english-wear infection|inoculation lymphoreticulosis|subacute regional lymphadenitis,"SNOMEDCT_US_2015_03_01:79974007 ""cat scratch disease""|SNOMEDCT_US_2015_03_01:123319006 ""cat scratch disease""|DOID:11258 ""cat scratch disease""",DERMO:0002127,,False
DERMO:0002132,bacillary angiomatosis,,disseminated cat scratch disease|epitheloid angiomatosis,"SNOMEDCT_US_2015_03_01:58213005 ""bacillary angiomatosis""|DERMLEX:77 ""bacillary angiomatosis""",DERMO:0002127|DERMO:0002314,DERMO:0002316,False
DERMO:0002133,disease caused by gram-negative bacteria not otherwise specified,,,,DERMO:0002115,,False
DERMO:0002134,brucellosis,,bang's disease|malta fever|ndulant fever,"SNOMEDCT_US_2015_03_01:75702008 ""brucellosis""|SNOMEDCT_US_2015_03_01:154296006 ""brucellosis""|DERMLEX:85 ""brucellosis""|DOID:11077 ""brucellosis""|ICD10:A23 ""brucellosis""",DERMO:0001385|DERMO:0002133,DERMO:0001391,False
DERMO:0002135,glanders,,,"SNOMEDCT_US_2015_03_01:4639008 ""glanders""|DERMLEX:76 ""glanders""|DOID:13444 ""glanders""|ICD10:A24.0 ""glanders""",DERMO:0002133,,False
DERMO:0002136,localized glanders,,,,DERMO:0002135,,False
DERMO:0002137,septicemic glanders,,,"SNOMEDCT_US_2015_03_01:240385003 ""septicemic glanders""",DERMO:0002135,,False
DERMO:0002138,pulmonary glanders,,,"SNOMEDCT_US_2015_03_01:240387006 ""pulmonary glanders""",DERMO:0002135,,False
DERMO:0002139,chronic glanders,,,"DERMLEX:118 ""chronic glanders""",DERMO:0002135,,False
DERMO:0002140,melioidosis,,whitmore disease,"SNOMEDCT_US_2015_03_01:428111003 ""melioidosis""|SNOMEDCT_US_2015_03_01:34458001 ""melioidosis""|DERMLEX:75 ""melioidosis""|DOID:5052 ""melioidosis""",DERMO:0002133,,False
DERMO:0002141,acute melioidosis,,,"DERMLEX:114 ""acute melioidosis""",DERMO:0002140,,False
DERMO:0002142,subacute melioidosis,,,"DERMLEX:115 ""subacute melioidosis""",DERMO:0002140,,False
DERMO:0002143,chronic melioidosis,,,"DERMLEX:116 ""chronic melioidosis""",DERMO:0002140,,False
DERMO:0002144,cutaneous malacoplakia,,cutaneous malakoplakia,"DERMLEX:87 ""cutaneous malakoplakia""",DERMO:0002133,,False
DERMO:0002145,tularemia,,deer fly fever|pahvant valley plague|rabbit fever,"SNOMEDCT_US_2015_03_01:19265001 ""tularemia""|DERMLEX:82 ""tularemia""|DOID:2123 ""tularemia""",DERMO:0002133,,False
DERMO:0002146,ulceroglandular tularemia,,,"SNOMEDCT_US_2015_03_01:37722001 ""ulceroglandular tularemia""|DERMLEX:125 ""ulceroglandular tularemia""|DOID:11990 ""ulceroglandular tularemia""",DERMO:0002145,,False
DERMO:0002147,glandular tularemia,,,"SNOMEDCT_US_2015_03_01:21857006 ""glandular tularemia""|DERMLEX:127 ""glandular tularemia""|DOID:0050382 ""glandular tularemia""",DERMO:0002145,,False
DERMO:0002148,oculoglandular tularemia,,,"SNOMEDCT_US_2015_03_01:73363000 ""oculoglandular tularemia""|DERMLEX:126 ""oculoglandular tularemia""|DOID:13226 ""oculoglandular tularemia""",DERMO:0002145,,False
DERMO:0002149,oropharyngeal/gastrointestinal tularemia,,,,DERMO:0002145,,False
DERMO:0002150,typhoidal/septicemic tularemia,,,,DERMO:0002145,,False
DERMO:0002151,pneumonic tularemia,,,"SNOMEDCT_US_2015_03_01:45556008 ""pneumonic tularemia""|DOID:2122 ""pneumonic tularemia""",DERMO:0002145,,False
DERMO:0002152,haemophilus influenzae cellulitis,,,,DERMO:0002133,,False
DERMO:0002153,rhinoscleroma,,,"SNOMEDCT_US_2015_03_01:72409005 ""rhinoscleroma""|DERMLEX:93 ""rhinoscleroma""|DOID:11336 ""rhinoscleroma""",DERMO:0002133,,False
DERMO:0002154,salmonellosis,,,"SNOMEDCT_US_2015_03_01:105627003 ""salmonellosis""|SNOMEDCT_US_2015_03_01:186094005 ""salmonellosis""|SNOMEDCT_US_2015_03_01:302231008 ""salmonellosis""|DERMLEX:83 ""salmonellosis""|DOID:11092 ""salmonellosis""",DERMO:0002133,,False
DERMO:0002155,typhoid fever,,,"SNOMEDCT_US_2015_03_01:186091002 ""typhoid fever""|SNOMEDCT_US_2015_03_01:4834000 ""typhoid fever""|DERMLEX:132 ""typhoid fever""|DOID:13258 ""typhoid fever""|ICD10:A01.0 ""typhoid fever""",DERMO:0002154,,False
DERMO:0002156,paratyphoid fever,,,"SNOMEDCT_US_2015_03_01:85904008 ""paratyphoid fever""|DERMLEX:133 ""paratyphoid fever""|DOID:3055 ""paratyphoid fever""",DERMO:0002154,,False
DERMO:0002157,rat-bite fever,,erythema arthriticum epidemicum|haverhill fever,"SNOMEDCT_US_2015_03_01:1685005 ""rat-bite fever""|DOID:12097 ""rat-bite fever""|DOID:13238 ""rat-bite fever""",DERMO:0002133,,False
DERMO:0002158,vibrio vulnificus infection,,,"SNOMEDCT_US_2015_03_01:402965002 ""vibrio vulnificus infection""",DERMO:0002133,,False
DERMO:0002159,ehrlichiosis,,,"SNOMEDCT_US_2015_03_01:77361002 ""ehrlichiosis""|DERMLEX:84 ""ehrlichiosis""|DOID:10242 ""ehrlichiosis""",DERMO:0002133,,False
DERMO:0002160,anaplasmosis,,,"SNOMEDCT_US_2015_03_01:13906002 ""anaplasmosis""|DOID:0050376 ""anaplasmosis""",DERMO:0002133,,False
DERMO:0002161,skin disease caused by spirochetes,,,,DERMO:0002063,,False
DERMO:0002162,disease caused by borrelia burgdorferi,,,,DERMO:0002161,,False
DERMO:0002163,lyme disease,,afzelius' disease|lyme borreliosis,"SNOMEDCT_US_2015_03_01:154376000 ""lyme disease""|SNOMEDCT_US_2015_03_01:23502006 ""lyme disease""|DERMLEX:255 ""lyme disease""|DOID:11729 ""lyme disease""|ICD10:A69.2 ""lyme disease""",DERMO:0002162,,False
DERMO:0002165,acrodermatitis chronica atrophicans,,ACA|herxheimer disease,"SNOMEDCT_US_2015_03_01:4340003 ""acrodermatitis chronica atrophicans""|DERMLEX:257 ""acrodermatitis chronica atrophicans""|ICD10:L90.4 ""acrodermatitis chronica atrophicans""",DERMO:0000113,,False
DERMO:0002166,non-venereal treponematoses,,endemic treponematoses,,DERMO:0002161,,False
DERMO:0002167,yaws,,buba|frambosie|parangi|pian,"SNOMEDCT_US_2015_03_01:70647001 ""yaws""|SNOMEDCT_US_2015_03_01:154391003 ""yaws""|SNOMEDCT_US_2015_03_01:266213004 ""yaws""|DERMLEX:265 ""yaws""|DOID:10371 ""yaws""|ICD10:A66 ""yaws""",DERMO:0000249|DERMO:0002166,DERMO:0000251,False
DERMO:0002168,pinta,,,"SNOMEDCT_US_2015_03_01:22064009 ""pinta""|DERMLEX:266 ""pinta""",DERMO:0000249|DERMO:0002166|DERMO:1010004,DERMO:0000250,False
DERMO:0002169,leptospirosis,,fort bragg fever|pretibial fever|weil's disease,"SNOMEDCT_US_2015_03_01:77377001 ""leptospirosis""|SNOMEDCT_US_2015_03_01:154391003 ""leptospirosis""|SNOMEDCT_US_2015_03_01:186953000 ""leptospirosis""|SNOMEDCT_US_2015_03_01:266213004 ""leptospirosis""|DERMLEX:253 ""leptospirosis""|DOID:2297 ""leptospirosis""|ICD10:A27 ""leptospirosis""",DERMO:0001385|DERMO:0002161,,False
DERMO:0002170,skin disease caused by bacteria previously classified as fungi,,,,DERMO:0002063,,False
DERMO:0002171,actinomycosis,,,"SNOMEDCT_US_2015_03_01:154314007 ""actinomycosis""|SNOMEDCT_US_2015_03_01:266185008 ""actinomycosis""|SNOMEDCT_US_2015_03_01:11817007 ""actinomycosis""|SNOMEDCT_US_2015_03_01:50508009 ""actinomycosis""|DERMLEX:211 ""actinomycosis""|DOID:8478 ""actinomycosis""|ICD10:A42 ""actinomycosis""",DERMO:0002170,,False
DERMO:0002172,cervicofacial actinomycosis,,lumpy jaw,"SNOMEDCT_US_2015_03_01:23014006 ""cervicofacial actinomycosis""|DERMLEX:216 ""cervicofacial actinomycosis""|DOID:12633 ""cervicofacial actinomycosis""|ICD10:A42.2 ""cervicofacial actinomycosis""",DERMO:0002171,,False
DERMO:0002173,pulmonary/thoracic actinomycosis,,,,DERMO:0002171,,False
DERMO:0002174,gastrointestinal actinomycosis,,,,DERMO:0002171,,False
DERMO:0002175,nocardiosis,,,"SNOMEDCT_US_2015_03_01:29227009 ""nocardiosis""|DERMLEX:213 ""nocardiosis""|DOID:2312 ""nocardiosis""|ICD10:A43 ""nocardiosis""",DERMO:0002170,,False
DERMO:0002176,actinomycotic mycetoma,,,"SNOMEDCT_US_2015_03_01:82684004 ""actinomycotic mycetoma""|SNOMEDCT_US_2015_03_01:187089001 ""actinomycotic mycetoma""",DERMO:0002179,,False
DERMO:0002177,lymphocutaneous nocardiosis,,,"DERMLEX:220 ""lymphocutaneous nocardiosis""",DERMO:0002179,,False
DERMO:0002178,superficial cutaneous nocardiosis,,,,DERMO:0002179,,False
DERMO:0002179,primary cutaneous nocardiosis,,,"SNOMEDCT_US_2015_03_01:402989009 ""primary cutaneous nocardiosis""|DERMLEX:218 ""primary cutaneous nocardiosis""",DERMO:0002175,,False
DERMO:0002180,pulmonary/systemic nocardiosis,,,,DERMO:0002175,,False
DERMO:0002181,skin disease caused by mycobacterial infection,,,,DERMO:0002063,,False
DERMO:0002182,lepromatous leprosy,,,"SNOMEDCT_US_2015_03_01:21560005 ""lepromatous leprosy""|DERMLEX:186 ""lepromatous leprosy""|DOID:10887 ""lepromatous leprosy""|ICD10:A30.5 ""lepromatous leprosy""",DERMO:0000248,,False
DERMO:0002183,tuberculoid leprosy,,,"SNOMEDCT_US_2015_03_01:70143003 ""tuberculoid leprosy""|DERMLEX:180 ""tuberculoid leprosy""|DOID:1025 ""tuberculoid leprosy""|ICD10:A30.1 ""tuberculoid leprosy""",DERMO:0000248,,False
DERMO:0002184,cutaneous tuberculosis,,,"SNOMEDCT_US_2015_03_01:66986005 ""cutaneous tuberculosis""|DOID:398 ""cutaneous tuberculosis""",DERMO:0002181,,False
DERMO:0002185,tuberculosis chancre,,,,DERMO:0002190,,False
DERMO:0002186,tuberculosis verrucosa cutis,,,"SNOMEDCT_US_2015_03_01:33893009 ""tuberculosis verrucosa cutis""|DERMLEX:164 ""tuberculosis verrucosa cutis""",DERMO:0002190,,False
DERMO:0002187,scrofuloderma,,,"SNOMEDCT_US_2015_03_01:82796002 ""scrofuloderma""|SNOMEDCT_US_2015_03_01:186250006 ""scrofuloderma""|SNOMEDCT_US_2015_03_01:186252003 ""scrofuloderma""|SNOMEDCT_US_2015_03_01:186253008 ""scrofuloderma""|DERMLEX:167 ""scrofuloderma""",DERMO:0002191,,False
DERMO:0002188,miliary tuberculosis,,,"SNOMEDCT_US_2015_03_01:154291001 ""miliary tuberculosis""|SNOMEDCT_US_2015_03_01:47604008 ""miliary tuberculosis""|DOID:9861 ""miliary tuberculosis""|ICD10:A19 ""miliary tuberculosis""",DERMO:0002191,,False
DERMO:0002189,lupus vulgaris,,,"SNOMEDCT_US_2015_03_01:10528009 ""lupus vulgaris""|SNOMEDCT_US_2015_03_01:154290000 ""lupus vulgaris""|SNOMEDCT_US_2015_03_01:186249006 ""lupus vulgaris""|DERMLEX:166 ""lupus vulgaris""|DOID:5380 ""lupus vulgaris""",DERMO:0002191,,False
DERMO:0002190,cutaneous tuberculosis caused by exogenous exposure,,,,DERMO:0002184,,False
DERMO:0002191,cutaneous tuberculosis caused by endogenous exposure,,,,DERMO:0002184,,False
DERMO:0002192,orificial tuberculosis,,,"SNOMEDCT_US_2015_03_01:441770001 ""orificial tuberculosis""|SNOMEDCT_US_2015_03_01:240380008 ""orificial tuberculosis""",DERMO:0002191,,False
DERMO:0002193,tuberculosis gumma,,,,DERMO:0002191,,False
DERMO:0002194,tuberculid disorder,,,,DERMO:0002184,,False
DERMO:0002195,papulonecrotic tuberculid,,,"SNOMEDCT_US_2015_03_01:41156006 ""papulonecrotic tuberculid""|DERMLEX:172 ""papulonecrotic tuberculid""",DERMO:0002194,,False
DERMO:0002196,lichen scrofulosorum,,,"SNOMEDCT_US_2015_03_01:9768003 ""lichen scrofulosorum""|DERMLEX:171 ""lichen scrofulosorum""",DERMO:0002194,,False
DERMO:0002197,BCGitis,,,,DERMO:0002191,,False
DERMO:0002198,non-tuberculous mycobacterioses,,,,DERMO:0002181,,False
DERMO:0002199,disease caused by mycobacterium ulcerans,,,,DERMO:0002198,,False
DERMO:0002200,buruli ulcer,,bairnsdale ulcer|searle's ulcer,"SNOMEDCT_US_2015_03_01:15845006 ""buruli ulcer""|SNOMEDCT_US_2015_03_01:186343005 ""buruli ulcer""|DERMLEX:197 ""mycobacterium ulcerans infection""|DOID:0050456 ""buruli ulcer""",DERMO:0002199,,False
DERMO:0002201,disease caused by mycobacterium marinum,,,,DERMO:0002198,,False
DERMO:0002202,fish tank granuloma,,swimming pool granuloma,"SNOMEDCT_US_2015_03_01:240417004 ""fish tank granuloma""|DERMLEX:194 ""mycobacterium marinum infection""",DERMO:0002201,,False
DERMO:0002203,infection by mycobacterium kansasii,,,,DERMO:0002198,,False
DERMO:0002204,infection by mycobacterium fortuitum,,,,DERMO:0002198,,False
DERMO:0002205,infection by mycobacterium chelonae,,infection by mycobacterium chelonei|turtle tubercle bacillus infection,,DERMO:0002198,,False
DERMO:0002206,infection by mycobacterium abscessus,,,,DERMO:0002198,,False
DERMO:0002207,infection by mycobacterium avian complex,,infection by mycobacterium avian intracellulare,,DERMO:0002198,,False
DERMO:0002208,infection by mycobacterium haemophilum,,,,DERMO:0002198,,False
DERMO:0002209,infection by mycobacterium scrofulaceum,,,,DERMO:0002198,,False
DERMO:0002210,skin disease caused by rickettsial infection,,,,DERMO:0002063,,False
DERMO:0002211,infection by rickettsia rickettsii,,,,DERMO:0002210,,False
DERMO:0002212,rocky mountain spotted fever,,,"SNOMEDCT_US_2015_03_01:154375001 ""rocky mountain spotted fever""|SNOMEDCT_US_2015_03_01:186772009 ""rocky mountain spotted fever""|SNOMEDCT_US_2015_03_01:266205000 ""rocky mountain spotted fever""|SNOMEDCT_US_2015_03_01:4460007 ""rocky mountain spotted fever""|DERMLEX:227 ""rocky mountain spotted fever""|DOID:0050052 ""rocky mountain spotted fever""",DERMO:0002211,,False
DERMO:0002213,infection by rickettsia akari,,,,DERMO:0002210,,False
DERMO:0002214,rickettsialpox,,,"SNOMEDCT_US_2015_03_01:75096007 ""rickettsialpox""|DERMLEX:223 ""rickettsialpox""|DOID:11103 ""rickettsialpox""",DERMO:0002213,,False
DERMO:0002215,infection by rickettsia conorii,,,,DERMO:0002210,,False
DERMO:0002216,boutonneuse fever,,mediterranean spotted fever,"SNOMEDCT_US_2015_03_01:186774005 ""boutonneuse fever""|SNOMEDCT_US_2015_03_01:186778008 ""boutonneuse fever""|SNOMEDCT_US_2015_03_01:186779000 ""boutonneuse fever""|SNOMEDCT_US_2015_03_01:59742009 ""boutonneuse fever""|DERMLEX:236 ""boutonneuse fever""|DOID:14095 ""boutonneuse fever""",DERMO:0002215,,False
DERMO:0002217,infection by rickettsia sibirica,,,,DERMO:0002210,,False
DERMO:0002218,north asian tick typhus,,,"SNOMEDCT_US_2015_03_01:7692008 ""north asian tick typhus""|SNOMEDCT_US_2015_03_01:186781003 ""north asian tick typhus""|DERMLEX:233 ""siberian tick typhus""",DERMO:0002217,,False
DERMO:0002219,lymphangitis-associated rickettsiosis,,,"DOID:0050482 ""lymphangitis-associated rickettsiosis""",DERMO:0002217,,False
DERMO:0002220,infection by rickettsia australis,,,,DERMO:0002210,,False
DERMO:0002221,queensland tick typhus,,,"SNOMEDCT_US_2015_03_01:68981009 ""queensland tick typhus""|DERMLEX:232 ""queensland tick typhus""|DOID:10784 ""queensland tick typhus""",DERMO:0002220,,False
DERMO:0002222,infection by rickettsia honei,,,,DERMO:0002210,,False
DERMO:0002223,japanese spotted fever,,,"DERMLEX:234 ""oriental spotted fever""|DOID:0050050 ""japanese spotted fever""",DERMO:0002224,,False
DERMO:0002224,infection by rickettsia japonica,,,,DERMO:0002210,,False
DERMO:0002225,flinders island spotted fever,,,"DERMLEX:240 ""flinders island spotted fever""|DOID:0050047 ""flinders island spotted fever""",DERMO:0002222,,False
DERMO:0002226,infection by rickettsia felis,,,,DERMO:0002210,,False
DERMO:0002227,flea-borne spotted fever,,,,DERMO:0002226,,False
DERMO:0002228,infection by rickettsia africae,,,,DERMO:0002210,,False
DERMO:0002229,african tick bite fever,,,"SNOMEDCT_US_2015_03_01:406558002 ""african tick bite fever""",DERMO:0002228,,False
DERMO:0002230,infection by rickettsia parkeri,,,,DERMO:0002210,,False
DERMO:0002231,maculatum disease,,american tick bite fever,,DERMO:0002230,,False
DERMO:0002232,infection by rickettsia aeschlimannii,,,,DERMO:0002210,,False
DERMO:0002233,infection by rickettsia slovaca,,,,DERMO:0002210,,False
DERMO:0002234,tick-borne lymphadenopathy,,,,DERMO:0002233,,False
DERMO:0002235,infection by rickettsia prowazekii,,,,DERMO:0002210,,False
DERMO:0002236,epidemic louse-borne typhus,,,"DOID:11256 ""epidemic louse-borne typhus""",DERMO:0002235,,False
DERMO:0002237,brill-zinsser disease,,,"SNOMEDCT_US_2015_03_01:47761007 ""brill-zinsser disease""|DOID:11254 ""brill-zinsser disease""",DERMO:0002235,,False
DERMO:0002238,flying squirrel typhus,,,"DERMLEX:245 ""epidemic typhus""",DERMO:0002235,,False
DERMO:0002239,infection by rickettsia typhi,,,,DERMO:0002210,,False
DERMO:0002240,murine typhus,,endemic typhus,"SNOMEDCT_US_2015_03_01:25668000 ""murine typhus""|DERMLEX:247 ""murine typhus""|DOID:0050481 ""murine typhus""|DOID:11256 ""murine typhus""",DERMO:0002239,,False
DERMO:0002241,infection by orientia tsutsugamushi,,,,DERMO:0002210,,False
DERMO:0002242,scrub typhus,,,"SNOMEDCT_US_2015_03_01:73911003 ""scrub typhus""|SNOMEDCT_US_2015_03_01:271425001 ""scrub typhus""|DERMLEX:248 ""scrub typhus""|DOID:13371 ""scrub typhus""",DERMO:0002241,,False
DERMO:0002243,infection by ehrlichia chaffeensis,,,,DERMO:0002210,,False
DERMO:0002244,human monocytotropic ehrlichiosis,,,,DERMO:0002243,,False
DERMO:0002245,infection by ehrlichia ewingii,,,"SNOMEDCT_US_2015_03_01:441554001 ""infection by ehrlichia ewingii""",DERMO:0002210,,False
DERMO:0002246,fungal skin disease,,,,DERMO:0000110,,False
DERMO:0002247,infection by anaplasma phagocytophilum,,,"SNOMEDCT_US_2015_03_01:85708001 ""infection by anaplasma phagocytophilum""",DERMO:0002210,,False
DERMO:0002248,human granulocytotropic anaplasmosis,,,,DERMO:0002247,,False
DERMO:0002249,infection by coxiella burnetii,,,,DERMO:0002210,,False
DERMO:0002250,Q fever,,,"SNOMEDCT_US_2015_03_01:86012006 ""q fever""|SNOMEDCT_US_2015_03_01:154375001 ""q fever""|SNOMEDCT_US_2015_03_01:186788009 ""q fever""|SNOMEDCT_US_2015_03_01:266205000 ""q fever""|DOID:11100 ""q fever""|ICD10:A78 ""q fever""",DERMO:0002249,,False
DERMO:0002251,superficial mycosis,,,"SNOMEDCT_US_2015_03_01:276206000 ""superficial mycosis""|SNOMEDCT_US_2015_03_01:47382004 ""superficial mycosis""|DOID:0050133 ""superficial mycosis""",DERMO:0002246,,False
DERMO:0002252,non-inflammatory superficial mycosis,,,,DERMO:0002251,,False
DERMO:0002253,tinea nigra,,superficial phaeohyphomycosis|tinea nigra palmaris et plantaris,"SNOMEDCT_US_2015_03_01:1022006 ""tinea nigra""|SNOMEDCT_US_2015_03_01:186289000 ""tinea nigra""|SNOMEDCT_US_2015_03_01:187000000 ""tinea nigra""|SNOMEDCT_US_2015_03_01:266153005 ""tinea nigra""|DERMLEX:342 ""tinea nigra""|DOID:8912 ""tinea nigra""|ICD10:B36.1 ""tinea nigra""",DERMO:0002252,,False
DERMO:0002254,piedra,,molestia de beigel|trichomycosis nodularis,"SNOMEDCT_US_2015_03_01:402135006 ""piedra""|SNOMEDCT_US_2015_03_01:154408001 ""piedra""|SNOMEDCT_US_2015_03_01:266218008 ""piedra""|DERMLEX:4733 ""piedra""|DOID:0050133 ""piedra""",DERMO:0002252,,False
DERMO:0002255,black piedra,,,"SNOMEDCT_US_2015_03_01:33666009 ""black piedra""|DERMLEX:346 ""black piedra""|DOID:12711 ""black piedra""|ICD10:B36.3 ""black piedra""",DERMO:0002254,,False
DERMO:0002256,white peidra,,,,DERMO:0002254,,False
DERMO:0002257,pityrosporum folliculitis,"Pruritic follicular papules and occasionally pustules, primarily on the back, chest and shoulders, due to Pityrosporum infection.",,"SNOMEDCT_US_2015_03_01:238434008 ""pityrosporum folliculitis""|DERMLEX:345 ""pityrosporum folliculitis""",DERMO:0002252|DERMO:0002524,,False
DERMO:0002258,dermatophytosis,,,"SNOMEDCT_US_2015_03_01:154394006 ""dermatophytosis""|SNOMEDCT_US_2015_03_01:266214005 ""dermatophytosis""|SNOMEDCT_US_2015_03_01:47382004 ""dermatophytosis""|DOID:8913 ""dermatophytosis""|ICD10:B35 ""dermatophytosis""",DERMO:0001774|DERMO:0002251|DERMO:0002320,DERMO:0001780,False
DERMO:0002259,tinea corporis,,,"SNOMEDCT_US_2015_03_01:84849002 ""tinea corporis""|SNOMEDCT_US_2015_03_01:186994008 ""tinea corporis""|DERMLEX:324 ""tinea corporis""|DOID:12179 ""tinea corporis""|ICD10:B35.4 ""tinea corporis""",DERMO:0001385|DERMO:0002258,DERMO:0001399,False
DERMO:0002260,tinea cruris,,,"SNOMEDCT_US_2015_03_01:399029005 ""tinea cruris""|SNOMEDCT_US_2015_03_01:186989008 ""tinea cruris""|SNOMEDCT_US_2015_03_01:240697008 ""tinea cruris""|SNOMEDCT_US_2015_03_01:266216007 ""tinea cruris""|SNOMEDCT_US_2015_03_01:59089002 ""tinea cruris""|DERMLEX:327 ""tinea cruris""|DOID:11917 ""tinea cruris""|ICD10:B35.6 ""tinea cruris""",DERMO:0002258,,False
DERMO:0002261,tinea manuum,,,"SNOMEDCT_US_2015_03_01:48971001 ""tinea manuum""|DERMLEX:329 ""tinea manuum""|DOID:13369 ""tinea manuum""|ICD10:B35.2 ""tinea manuum""",DERMO:0002258,,False
DERMO:0002262,tinea barbae,Tinea barbae is an infection of the beard and moustache areas of the face with a dermatophyte fungus.,,"SNOMEDCT_US_2015_03_01:399329002 ""tinea barbae""|SNOMEDCT_US_2015_03_01:55875000 ""tinea barbae""|DERMLEX:323 ""tinea barbae""|DOID:0050096 ""tinea barbae""",DERMO:0001385|DERMO:0002258|DERMO:0002528,DERMO:0001401,False
DERMO:0002263,tinea faciei,,,"SNOMEDCT_US_2015_03_01:240696004 ""tinea faciei""|DERMLEX:325 ""tinea faciale""",DERMO:0002258,,False
DERMO:0002264,tinea capitis,,,"SNOMEDCT_US_2015_03_01:5441008 ""tinea capitis""|DERMLEX:321 ""tinea capitis""|DOID:4337 ""tinea capitis""",DERMO:0001385|DERMO:0002258,DERMO:0001400,False
DERMO:0002265,tinea pedis,,,"SNOMEDCT_US_2015_03_01:6020002 ""tinea pedis""|SNOMEDCT_US_2015_03_01:154399001 ""tinea pedis""|SNOMEDCT_US_2015_03_01:186993002 ""tinea pedis""|DERMLEX:328 ""tinea pedis""|DOID:12403 ""tinea pedis""|ICD10:B35.3 ""tinea pedis""",DERMO:0002258,,False
DERMO:0002266,tinea unguium,,dermatophytic onychomycosis,"SNOMEDCT_US_2015_03_01:402134005 ""tinea unguium""|SNOMEDCT_US_2015_03_01:414941008 ""tinea unguium""|SNOMEDCT_US_2015_03_01:186988000 ""tinea unguium""|SNOMEDCT_US_2015_03_01:266149008 ""tinea unguium""|SNOMEDCT_US_2015_03_01:30757001 ""tinea unguium""|DERMLEX:297 ""onychomycoses""|DOID:13074 ""tinea unguium""|ICD10:B35.1 ""tinea unguium""",DERMO:0001630|DERMO:0002258,DERMO:0001633,False
DERMO:0002267,invasive dermatophytosis,,,,DERMO:0002258,,False
DERMO:0002268,mucocutaneous candida infection,,mucocutaneous candidiasis,"HP:0002728 ""mucocutaneous candida infection""",DERMO:0002251,,False
DERMO:0002269,oropharyngeal candidiasis,,,"DOID:2271 ""oropharyngeal candidiasis""",DERMO:0002268,,False
DERMO:0002270,esophageal candidiasis,,,"SNOMEDCT_US_2015_03_01:187023002 ""esophageal candidiasis""|DOID:13146 ""esophageal candidiasis""",DERMO:0002268,,False
DERMO:0002271,candidal vulvovaginitis,,,"SNOMEDCT_US_2015_03_01:72605008 ""candidal vulvovaginitis""|SNOMEDCT_US_2015_03_01:154404004 ""candidal vulvovaginitis""|DOID:2272 ""candidal vulvovaginitis""",DERMO:0002268,,False
DERMO:0002272,candidal intertrigo,,,"SNOMEDCT_US_2015_03_01:89949004 ""candidal intertrigo""|SNOMEDCT_US_2015_03_01:187015004 ""candidal intertrigo""|SNOMEDCT_US_2015_03_01:266158001 ""candidal intertrigo""|DERMLEX:358 ""candidal intertrigo""",DERMO:0002268,,False
DERMO:0002273,candidal balanitis,,,"SNOMEDCT_US_2015_03_01:187011008 ""candidal balanitis""|SNOMEDCT_US_2015_03_01:266156002 ""candidal balanitis""|SNOMEDCT_US_2015_03_01:52643007 ""candidal balanitis""|DERMLEX:357 ""candidal balanitis""",DERMO:0002268,,False
DERMO:0002274,granuloma gluteale,,,,DERMO:0002251,,False
DERMO:0002275,granuloma gluteale infantum,,,"SNOMEDCT_US_2015_03_01:240710003 ""granuloma gluteale infantum""",DERMO:0002274,,False
DERMO:0002276,granuloma gluteale adultorum,,,,DERMO:0002274,,False
DERMO:0002277,pseudoverrucous papules/nodules,,,,DERMO:0002274,,False
DERMO:0002278,jacquet's erosive dermatitis,,,,DERMO:0002277,,False
DERMO:0002279,subcutaneous mycosis,,,"DOID:0050135 ""subcutaneous mycosis""",DERMO:0002246,,False
DERMO:0002280,chromoblastomycosis,,chondromycosis|cladosporiosis|fonseca's disease|pedroso's disease|phaeosporotrichosis|verrucous dermatitis,"SNOMEDCT_US_2015_03_01:7255004 ""chromoblastomycosis""|SNOMEDCT_US_2015_03_01:187079000 ""chromoblastomycosis""|DOID:1562 ""chromoblastomycosis""",DERMO:0002279,,False
DERMO:0002281,mycetoma,,madura foot|maduromycosis,"SNOMEDCT_US_2015_03_01:95881004 ""mycetoma""|SNOMEDCT_US_2015_03_01:410039003 ""mycetoma""|DERMLEX:388 ""mycetoma""|DOID:13078 ""mycetoma""|ICD10:B47 ""mycetoma""",DERMO:0002279,,False
DERMO:0002282,sporotrichosis,,rose gardener's disease,"SNOMEDCT_US_2015_03_01:154408001 ""sporotrichosis""|SNOMEDCT_US_2015_03_01:266218008 ""sporotrichosis""|SNOMEDCT_US_2015_03_01:42094007 ""sporotrichosis""|DERMLEX:298 ""sporotrichosis""|DOID:14484 ""sporotrichosis""|ICD10:B42 ""sporotrichosis""",DERMO:0002279,,False
DERMO:0002283,lymphocutaneous sporotrichosis,,sporotrichoid sporotrichosis,"SNOMEDCT_US_2015_03_01:87603003 ""lymphocutaneous sporotrichosis""|DERMLEX:379 ""subcutaneous lymphangitic sporotrichosis""|DOID:0050094 ""lymphocutaneous sporotrichosis""|ICD10:B42.1 ""lymphocutaneous sporotrichosis""",DERMO:0002282,,False
DERMO:0002284,lobomycosis,,keloidal blastomycosis|lacaziosis|lobo's disease,"SNOMEDCT_US_2015_03_01:47306003 ""lobomycosis""|DERMLEX:302 ""lobomycosis""|DOID:13026 ""lobomycosis""|ICD10:B48.0 ""lobomycosis""",DERMO:0002279,,False
DERMO:0002285,systemic mycosis,,,"SNOMEDCT_US_2015_03_01:399314004 ""systemic mycosis""|SNOMEDCT_US_2015_03_01:57202009 ""systemic mycosis""|DOID:0050136 ""systemic mycosis""",DERMO:0002246|DERMO:0002320|DERMO:0003184,,False
DERMO:0002286,systemic mycosis caused by true pathogens,,,,DERMO:0002285,,False
DERMO:0002287,systemic mycosis caused by opportunistic pathogens,,,,DERMO:0002285,,False
DERMO:0002288,histoplasmosis,,cave disease|darling's disease|ohio valley disease|reticuloendotheliosis,"SNOMEDCT_US_2015_03_01:12962009 ""histoplasmosis""|SNOMEDCT_US_2015_03_01:154408001 ""histoplasmosis""|SNOMEDCT_US_2015_03_01:266218008 ""histoplasmosis""|DERMLEX:306 ""histoplasmosis""|DOID:1731 ""histoplasmosis""|ICD10:B39 ""histoplasmosis""",DERMO:0002286,,False
DERMO:0002289,blastomycosis,,gilchrist's disease|north american blastomycosis,"SNOMEDCT_US_2015_03_01:69996000 ""blastomycosis""|SNOMEDCT_US_2015_03_01:154402000 ""blastomycosis""|SNOMEDCT_US_2015_03_01:187064007 ""blastomycosis""|SNOMEDCT_US_2015_03_01:266217003 ""blastomycosis""|DERMLEX:307 ""blastomycosis""|DOID:12663 ""blastomycosis""|ICD10:B40 ""blastomycosis""",DERMO:0002286,,False
DERMO:0002290,coccidioidomycosis,,california disease|desert rheumatism|san joaquin valley fever|valley fever,"SNOMEDCT_US_2015_03_01:60826002 ""coccidioidomycosis""|SNOMEDCT_US_2015_03_01:154408001 ""coccidioidomycosis""|SNOMEDCT_US_2015_03_01:187025009 ""coccidioidomycosis""|SNOMEDCT_US_2015_03_01:266218008 ""coccidioidomycosis""|DERMLEX:310 ""coccidioidomycosis""|DOID:13450 ""coccidioidomycosis""|ICD10:B38 ""coccidioidomycosis""",DERMO:0002286,,False
DERMO:0002291,paracoccidioidomycosis,,brazilian blastomycosis|south american blastomycosis,"SNOMEDCT_US_2015_03_01:59925007 ""paracoccidioidomycosis""|DERMLEX:308 ""paracoccidioidomycosis""|DOID:12662 ""paracoccidioidomycosis""|ICD10:B41 ""paracoccidioidomycosis""",DERMO:0002286,,False
DERMO:0002292,aspergillosis,,,"SNOMEDCT_US_2015_03_01:65553006 ""aspergillosis""|SNOMEDCT_US_2015_03_01:154408001 ""aspergillosis""|SNOMEDCT_US_2015_03_01:266218008 ""aspergillosis""|DERMLEX:313 ""aspergillosis""|DOID:13564 ""aspergillosis""|ICD10:B44 ""aspergillosis""",DERMO:0002287,,False
DERMO:0002293,zygomycosis,,,"SNOMEDCT_US_2015_03_01:187098003 ""zygomycosis""|SNOMEDCT_US_2015_03_01:59277005 ""zygomycosis""|DOID:8485 ""zygomycosis""|ICD10:B46 ""zygomycosis""",DERMO:0002287|DERMO:0002960,,False
DERMO:0002294,cryptococcosis,,,"SNOMEDCT_US_2015_03_01:187090005 ""cryptococcosis""|SNOMEDCT_US_2015_03_01:42386007 ""cryptococcosis""|DERMLEX:309 ""cryptococcosis""|DOID:12053 ""cryptococcosis""|ICD10:B45 ""cryptococcosis""",DERMO:0002287,,False
DERMO:0002295,systemic candidiasis,,,"SNOMEDCT_US_2015_03_01:70572005 ""systemic candidiasis""|DERMLEX:365 ""systemic candidiasis""|DOID:1508 ""systemic candidiasis""",DERMO:0002287|DERMO:0002960,,False
DERMO:0002296,penicilliosis,,,"DERMLEX:311 ""penicilliosis""|DOID:0050288 ""penicilliosis""",DERMO:0002287,,False
DERMO:0002297,fusariosis,,,"DOID:0050289 ""fusariosis""",DERMO:0002287,,False
DERMO:0002298,phaeohyphomycosis,,,"SNOMEDCT_US_2015_03_01:47158003 ""phaeohyphomycosis""|DERMLEX:300 ""phaeohyphomycosis""|DOID:14049 ""phaeohyphomycosis""",DERMO:0002287,,False
DERMO:0002299,pneumocystosis,,,"SNOMEDCT_US_2015_03_01:88860002 ""pneumocystosis""|SNOMEDCT_US_2015_03_01:57541005 ""pneumocystosis""|DOID:11339 ""pneumocystosis""|ICD10:B59 ""pneumocystosis""",DERMO:0002287,,False
DERMO:0002300,viral skin disease or viral disease with skin manifestations,,,,DERMO:0000110,,False
DERMO:0002301,cutaneous manifestation of HIV infection,,,,DERMO:0002300,,False
DERMO:0002302,viral infectious HIV-related cutaneous disorder,,,,DERMO:0002311,,False
DERMO:0002303,acute retroviral syndrome,,exanthem of primary HIV infection,,DERMO:0002302,,False
DERMO:0002305,herpes simplex folliculitis,Pustular folliculitis due to herpes simplex infection.,,,DERMO:0002364|DERMO:0002524,,False
DERMO:0002308,molluscum contagiosum,,,"SNOMEDCT_US_2015_03_01:154360009 ""molluscum contagiosum""|SNOMEDCT_US_2015_03_01:40070004 ""molluscum contagiosum""|DERMLEX:575 ""molluscum contagiosum""|DOID:8867 ""molluscum contagiosum""|ICD10:B08.1 ""molluscum contagiosum""",DERMO:0002396,,False
DERMO:0002309,vaccinia infection,,,,DERMO:0002396,,False
DERMO:0002311,infectious HIV-related cutaneous disorder,,,,DERMO:0002301,,False
DERMO:0002312,epstein-barr virus infection,,EBV infection|HHV-4 infection|human herpes virus 4 infection,"SNOMEDCT_US_2015_03_01:402121009 ""epstein-barr virus infection""|DOID:2938 ""epstein-barr virus infection""",DERMO:0002302|DERMO:0002363,,False
DERMO:0002313,cytomegalovirus infection,,CMV infection|HHV-5 infection|human herpes virus 5 infection,"SNOMEDCT_US_2015_03_01:154371005 ""cytomegalovirus infection""|SNOMEDCT_US_2015_03_01:266203007 ""cytomegalovirus infection""|SNOMEDCT_US_2015_03_01:28944009 ""cytomegalovirus infection""|DERMLEX:499 ""cytomegalovirus infection""|DOID:11259 ""cytomegalovirus infection""",DERMO:0002302|DERMO:0002363,,False
DERMO:0002314,bacterial infectious HIV-related cutaneous disorder,,,,DERMO:0002311,,False
DERMO:0002315,staphylococcus aureus infection,,,"SNOMEDCT_US_2015_03_01:406602003 ""staphylococcus aureus infection""",DERMO:0002314,,False
DERMO:0002317,mycobacterial infection,,,"DOID:2757 ""mycobacterial infection""",DERMO:0002314,,False
DERMO:0002319,lues maligna,,,"DERMLEX:275 ""malignant syphilis""",DERMO:0001387,,False
DERMO:0002320,fungal infectious HIV-related cutaneous disorder,,,,DERMO:0002311,,False
DERMO:0002321,parasitic infectious HIV-related cutaneous disorder,,,,DERMO:0002311,,False
DERMO:0002324,acanthamebiasis,,,"SNOMEDCT_US_2015_03_01:187242009 ""acanthamebiasis""|SNOMEDCT_US_2015_03_01:49649001 ""acanthamebiasis""|DERMLEX:4871 ""cutaneous acanthamebiasis""",DERMO:0002321,,False
DERMO:0002325,ectoparatitic infectious HIV-related cutaneous disorder,,,,DERMO:0002311,,False
DERMO:0002326,dermodicosis,,,,DERMO:0002325,,False
DERMO:0002327,crusted scabies,,norwegian scabies,"SNOMEDCT_US_2015_03_01:128870005 ""crusted scabies""|DERMLEX:469 ""crusted scabies""|DOID:14374 ""crusted scabies""",DERMO:0000119,,False
DERMO:0002328,non-infectious HIV-related cutaneous disorder,,,,DERMO:0002301,,False
DERMO:0002329,papulosquamous HIV-related cutaneous disorder,,,,DERMO:0002328,,False
DERMO:0002330,reactive arthritis,,reiter's disease,"SNOMEDCT_US_2015_03_01:239783001 ""reactive arthritis""|SNOMEDCT_US_2015_03_01:67224007 ""reactive arthritis""|SNOMEDCT_US_2015_03_01:201736002 ""reactive arthritis""|SNOMEDCT_US_2015_03_01:239784007 ""reactive arthritis""|DERMLEX:2085 ""reactive arthritis""|DOID:6196 ""reactive arthritis""",DERMO:0002329,,False
DERMO:0002331,non-infectious papular pruritic disorder,,,,DERMO:0002328,,False
DERMO:0002332,papular pruritic eruption of AIDS,,PPE of AIDS,,DERMO:0002331,,False
DERMO:0002333,lichen spinulosa,"Group of disorders leading to clusters of multiple follicular papules, each with a keratotic spine.",keratosis spinulosa,,DERMO:0002538,,False
DERMO:0002334,systemic vasculitis,,,"SNOMEDCT_US_2015_03_01:46956008 ""systemic vasculitis""",DERMO:0002331,,False
DERMO:0002335,non-infectious photosensitivity reaction,,,,DERMO:0002328,,False
DERMO:0002336,UV light hypersensitivity,,,,DERMO:0002335,,False
DERMO:0002337,metabolic changes HIV-related cutaneous disorder,,,,DERMO:0002328,,False
DERMO:0002338,HIV/ART-associated lipodystrophy,,,,DERMO:0002337,,False
DERMO:0002339,HIV-associated malnutrition,,,,DERMO:0002337,,False
DERMO:0002340,neoplastic cutaneous manifestation of HIV infection,,,,DERMO:0002301,,False
DERMO:0002341,human papillomavirus infection,,HPV infection|warts,"HP:0200043 ""human papillomavirus infection""",DERMO:0002300|DERMO:0002302,DERMO:0002310,False
DERMO:0002342,human papillomavirus infection of the skin,,,,DERMO:0002341,,False
DERMO:0002343,human papillomavirus infection of the mucosa,,,,DERMO:0002341,,False
DERMO:0002344,verrucae vulgaris,,common warts,,DERMO:0002342,,False
DERMO:0002345,verrucae palmares et plantares,,hand and foot warts,,DERMO:0002342,,False
DERMO:0002346,verrucae planae,,flat warts|plane warts,,DERMO:0002342,,False
DERMO:0002347,epidermodysplasia verruciformis-squamous cell carcinoma,,,,DERMO:0000585,,False
DERMO:0002348,digital squamous cell carcinoma,,,,DERMO:0000739|DERMO:0002342,,False
DERMO:0002349,condylomata acuminata,,anogenital warts,"SNOMEDCT_US_2015_03_01:240542006 ""condylomata acuminata""",DERMO:0002343,,False
DERMO:0002350,recurrent respiratory papillomatosis,,RRP,"SNOMEDCT_US_2015_03_01:472827002 ""recurrent respiratory papillomatosis""",DERMO:0002343,,False
DERMO:0002351,conjunctival papillomatosis,,,,DERMO:0002343,,False
DERMO:0002352,focal epithelial hyperplasia,,heck's disease,"SNOMEDCT_US_2015_03_01:36949004 ""focal epithelial hyperplasia""|DOID:5362 ""focal epithelial hyperplasia""",DERMO:0002343,,False
DERMO:0002353,myrmecial warts,,,,DERMO:0002345,,False
DERMO:0002354,mosaic warts,,,,DERMO:0002345,,False
DERMO:0002355,inclusion warts of the sole,,,,DERMO:0002345,,False
DERMO:0002356,condylomata plana,,flat cervical warts,,DERMO:0002349,,False
DERMO:0002357,bowenoid papulosis,,,"SNOMEDCT_US_2015_03_01:402913004 ""bowenoid papulosis""|SNOMEDCT_US_2015_03_01:5356000 ""bowenoid papulosis""|DERMLEX:609 ""bowenoid papulosis""",DERMO:0000734|DERMO:0002343,DERMO:0000736,False
DERMO:0002358,erythroplasia of quetrat,,,,DERMO:0002343,,False
DERMO:0002359,oral florid papillomatosis,,ackerman tumor|oral verrucous carcinoma,"DERMLEX:608 ""oral florid papillomatosis""",DERMO:0000760|DERMO:0001702|DERMO:0002343,DERMO:0000763|DERMO:0001709,False
DERMO:0002360,epithelioma cuniculatum of the sole,,,,DERMO:0002342,,False
DERMO:0002361,papillomatosis cutis carcinoides,,,"DERMLEX:613 ""papillomatosis cutis carcinoides""",DERMO:0002342,,False
DERMO:0002362,oral warts,,,"SNOMEDCT_US_2015_03_01:402908003 ""oral warts""",DERMO:0002343,,False
DERMO:0002363,human herpes virus infection,,,,DERMO:0002300,,False
DERMO:0002364,herpes simplex virus infection,,HSV-1 infection|HSV-2 infection,"DERMLEX:495 ""herpes simplex virus infection""",DERMO:0002302|DERMO:0002363,DERMO:0002304,False
DERMO:0002365,cold sore,,fever blister|herpes febrilis|herpes labialis,"SNOMEDCT_US_2015_03_01:186540009 ""cold sore""|SNOMEDCT_US_2015_03_01:1475003 ""cold sore""|DERMLEX:501 ""orolabial herpes simplex""",DERMO:0002364,,False
DERMO:0002366,herpes gladiatorum,,scrum pox,"DERMLEX:507 ""herpes gladiatorum""",DERMO:0002365,,False
DERMO:0002367,genital herpes,,herpes progenitalis,"SNOMEDCT_US_2015_03_01:154333002 ""genital herpes""|DOID:8704 ""genital herpes""",DERMO:0002364,,False
DERMO:0002368,eczema herpeticum,,kaposi's varicelliform eruption,"SNOMEDCT_US_2015_03_01:186535001 ""eczema herpeticum""|SNOMEDCT_US_2015_03_01:52464003 ""eczema herpeticum""",DERMO:0002364,,False
DERMO:0002369,ocular herpes simplex virus infection,,ocular HSV infection,,DERMO:0002364,,False
DERMO:0002370,herpes encephalitis,,,"SNOMEDCT_US_2015_03_01:79450003 ""herpes encephalitis""|SNOMEDCT_US_2015_03_01:428638009 ""herpes encephalitis""",DERMO:0002364,,False
DERMO:0002371,neonatal herpes simplex virus infection,,,,DERMO:0002364,,False
DERMO:0002372,varicella-zoster virus infection,,HHV-3 infection|human herpes virus 3 infection|VZV infection,"SNOMEDCT_US_2015_03_01:309465005 ""varicella-zoster virus infection""|DERMLEX:4621 ""varicella-zoster virus infection""",DERMO:0002302|DERMO:0002363,DERMO:0000255|DERMO:0002306,False
DERMO:0002373,chickenpox,,varicella,"SNOMEDCT_US_2015_03_01:186508005 ""chickenpox""|SNOMEDCT_US_2015_03_01:38907003 ""chickenpox""|DOID:8659 ""chickenpox""",DERMO:0002372,,False
DERMO:0002374,shingles,,herpes zoster,"SNOMEDCT_US_2015_03_01:186514003 ""shingles""|SNOMEDCT_US_2015_03_01:4740000 ""shingles""|DERMLEX:497 ""herpes zoster virus infection""|DOID:8536 ""shingles""",DERMO:0002372,,False
DERMO:0002375,congenital varicella syndrome,,varicella embryopathy,"SNOMEDCT_US_2015_03_01:277644009 ""congenital varicella syndrome""",DERMO:0002372,,False
DERMO:0002376,infectious mononucleosis,,glandular fever,"SNOMEDCT_US_2015_03_01:154359004 ""infectious mononucleosis""|SNOMEDCT_US_2015_03_01:186667007 ""infectious mononucleosis""|SNOMEDCT_US_2015_03_01:271558008 ""infectious mononucleosis""|SNOMEDCT_US_2015_03_01:26851006 ""infectious mononucleosis""|DERMLEX:520 ""infectious mononucleosis""|DOID:8568 ""infectious mononucleosis""|ICD10:B27 ""infectious mononucleosis""",DERMO:0002312,,False
DERMO:0002377,TORCH complex,,"toxoplasmosis, other infection, rubella, cytomegalovirus, HSV-2 complex",,DERMO:0000110,,False
DERMO:0002378,congenital cytomegalovirus infection,,,"SNOMEDCT_US_2015_03_01:157118007 ""congenital cytomegalovirus infection""|SNOMEDCT_US_2015_03_01:268875000 ""congenital cytomegalovirus infection""|SNOMEDCT_US_2015_03_01:59527008 ""congenital cytomegalovirus infection""|DERMLEX:525 ""congenital cytomegalovirus infection""|ICD10:P35.1 ""congenital cytomegalovirus infection""",DERMO:0002313,,False
DERMO:0002379,human herpes virus type 6 infection,,HHV-6 infection,,DERMO:0002363,,False
DERMO:0002380,roseola infantum,,exanthem subitum|sixth disease,"SNOMEDCT_US_2015_03_01:154344005 ""roseola infantum""|SNOMEDCT_US_2015_03_01:266193008 ""roseola infantum""|SNOMEDCT_US_2015_03_01:54385001 ""roseola infantum""|DERMLEX:500 ""exanthem subitum""|DOID:0050495 ""roseola infantum""",DERMO:0002379,,False
DERMO:0002381,human herpes virus type 7 infection,,HHV-7 infection,,DERMO:0002363,,False
DERMO:0002382,human herpes virus type 8 infection,,HHV-8 infection|kaposi sarcoma-associated herpes virus|KSHV,,DERMO:0002363,,False
DERMO:0002383,non-specific viral exanthem,,,,DERMO:0002300,,False
DERMO:0002384,enterovirus infection,,,"SNOMEDCT_US_2015_03_01:53648006 ""enterovirus infection""",DERMO:0002300,,False
DERMO:0002385,hand-foot-and-mouth disease,,FMD|foot-and-mouth disease|HFMD,,DERMO:0002384,,False
DERMO:0002386,herpangina,,,"SNOMEDCT_US_2015_03_01:154358007 ""herpangina""|SNOMEDCT_US_2015_03_01:186659004 ""herpangina""|SNOMEDCT_US_2015_03_01:266197009 ""herpangina""|SNOMEDCT_US_2015_03_01:37428001 ""herpangina""|DERMLEX:566 ""herpangina""|DOID:10883 ""herpangina""",DERMO:0002384,,False
DERMO:0002387,eruptive pseudoangiomatosis,,,"DERMLEX:568 ""eruptive pseudoangiomatosis""",DERMO:0000991|DERMO:0002384,DERMO:0001003,False
DERMO:0002388,measles,,rubeola,"SNOMEDCT_US_2015_03_01:154338006 ""measles""|SNOMEDCT_US_2015_03_01:14189004 ""measles""|DERMLEX:527 ""measles""|DOID:8622 ""measles""|ICD10:B05 ""measles""",DERMO:0002300,,False
DERMO:0002389,rubella,,german measles,"SNOMEDCT_US_2015_03_01:154343004 ""rubella""|SNOMEDCT_US_2015_03_01:266192003 ""rubella""|SNOMEDCT_US_2015_03_01:36653000 ""rubella""|DERMLEX:529 ""rubella""|DOID:8781 ""rubella""",DERMO:0002300,,False
DERMO:0002390,congenital rubella,,,"SNOMEDCT_US_2015_03_01:206332003 ""congenital rubella""|SNOMEDCT_US_2015_03_01:1857005 ""congenital rubella""|DERMLEX:530 ""congenital rubella""|DOID:9228 ""congenital rubella""",DERMO:0002389,,False
DERMO:0002391,erythema infectiosum,,fifth disease|parvovirus B19 infection|slapped cheek disease,"SNOMEDCT_US_2015_03_01:34730008 ""erythema infectiosum""|DERMLEX:572 ""erythema infectiosum""|DOID:8743 ""erythema infectiosum""",DERMO:0002300,,False
DERMO:0002392,fetal erythema infectiosum,,,,DERMO:0002391,,False
DERMO:0002393,papular-purpuric gloves and socks syndrome,,PPGSS,,DERMO:0002391,,False
DERMO:0002394,unilateral laterothoracic exanthem,,asymmetric periflexural exanthem of childhood|ULTE,,DERMO:0002300,,False
DERMO:0002395,gianotti-crosti syndrome,,papular acrodermatitis of childhood|papulovesicular acrolocated syndrome,"SNOMEDCT_US_2015_03_01:82721003 ""gianotti-crosti syndrome""|SNOMEDCT_US_2015_03_01:123242001 ""gianotti-crosti syndrome""|SNOMEDCT_US_2015_03_01:201008004 ""gianotti-crosti syndrome""|DERMLEX:2056 ""papular acrodermatitis of childhood""",DERMO:0002300,,False
DERMO:0002396,poxvirus infection,,,"SNOMEDCT_US_2015_03_01:32790009 ""poxvirus infection""",DERMO:0002300|DERMO:0002302,DERMO:0002307,False
DERMO:0002397,smallpox,,,"SNOMEDCT_US_2015_03_01:67924001 ""smallpox""|SNOMEDCT_US_2015_03_01:154344005 ""smallpox""|SNOMEDCT_US_2015_03_01:266193008 ""smallpox""|DERMLEX:576 ""smallpox""|DOID:8736 ""smallpox""|ICD10:B03 ""smallpox""",DERMO:0002396,,False
DERMO:0002398,monkeypox,,,"SNOMEDCT_US_2015_03_01:186582008 ""monkeypox""|SNOMEDCT_US_2015_03_01:240466002 ""monkeypox""|SNOMEDCT_US_2015_03_01:25157001 ""monkeypox""|SNOMEDCT_US_2015_03_01:359811007 ""monkeypox""|SNOMEDCT_US_2015_03_01:359814004 ""monkeypox""|DERMLEX:581 ""monkeypox""|DOID:3292 ""monkeypox""|ICD10:B04 ""monkeypox""",DERMO:0002396,,False
DERMO:0002399,cowpox,,,"SNOMEDCT_US_2015_03_01:70090004 ""cowpox""|SNOMEDCT_US_2015_03_01:154344005 ""cowpox""|SNOMEDCT_US_2015_03_01:266193008 ""cowpox""|DERMLEX:596 ""cowpox""|DOID:8956 ""cowpox""",DERMO:0002396,,False
DERMO:0002400,deer-associated parapoxvirus infection,,,,DERMO:0002396,,False
DERMO:0002401,tanapox,,,"SNOMEDCT_US_2015_03_01:58544000 ""tanapox""|DERMLEX:582 ""tanapox""",DERMO:0002396,,False
DERMO:0002402,viral hemorrhagic fever,,,"SNOMEDCT_US_2015_03_01:240523007 ""viral hemorrhagic fever""|DOID:1301 ""viral hemorrhagic fever""",DERMO:0002300,,False
DERMO:0002403,lassa fever,,lassa hemorrhagic fever|lassa virus infection,"SNOMEDCT_US_2015_03_01:19065005 ""lassa fever""|DERMLEX:560 ""lassa fever""|DOID:9537 ""lassa fever""|ICD10:A96.2 ""lassa fever""",DERMO:0002402,,False
DERMO:0002404,ebola virus disease,,,"SNOMEDCT_US_2015_03_01:123323003 ""ebola virus disease""|SNOMEDCT_US_2015_03_01:186746000 ""ebola virus disease""|SNOMEDCT_US_2015_03_01:37109004 ""ebola virus disease""|DOID:4325 ""ebola virus disease""|ICD10:A98.4 ""ebola virus disease""",DERMO:0002402,,False
DERMO:0002405,marburg hemorrhagic fever,,marburg virus disease,"SNOMEDCT_US_2015_03_01:77503002 ""marburg hemorrhagic fever""|DOID:4327 ""marburg hemorrhagic fever""|ICD10:A98.3 ""marburg hemorrhagic fever""",DERMO:0002402,,False
DERMO:0002406,hantavirus infection,,,"SNOMEDCT_US_2015_03_01:359761005 ""hantavirus infection""",DERMO:0002402,,False
DERMO:0002407,hantavirus hemorrhagic fever,,,,DERMO:0002406,,False
DERMO:0002408,hantavirus pulmonary syndromee,,HPS,"DOID:0050120 ""hantavirus pulmonary syndromee""",DERMO:0002406,,False
DERMO:0002409,crimean-congo hemorrhagic fever,,crimean-congo fever virus infection,"SNOMEDCT_US_2015_03_01:43489008 ""crimean-congo hemorrhagic fever""|DERMLEX:554 ""crimean-congo hemorrhagic fever""|DOID:12287 ""crimean-congo hemorrhagic fever""",DERMO:0002402,,False
DERMO:0002410,rift valley fever,,rift valley fever virus infection,"SNOMEDCT_US_2015_03_01:7077006 ""rift valley fever""|SNOMEDCT_US_2015_03_01:402917003 ""rift valley fever""|DERMLEX:552 ""rift valley fever""|DOID:1328 ""rift valley fever""|ICD10:A92.4 ""rift valley fever""",DERMO:0002402,,False
DERMO:0002411,yellow fever,,yellow fever virus infection,"SNOMEDCT_US_2015_03_01:154345006 ""yellow fever""|SNOMEDCT_US_2015_03_01:16541001 ""yellow fever""|SNOMEDCT_US_2015_03_01:266194002 ""yellow fever""|DERMLEX:543 ""yellow fever""|DOID:9682 ""yellow fever""|ICD10:A95 ""yellow fever""",DERMO:0002402,,False
DERMO:0002412,argentine hemorrhagic fever,,junin virus infection,"SNOMEDCT_US_2015_03_01:186702008 ""argentine hemorrhagic fever""|DOID:0050194 ""argentine hemorrhagic fever""",DERMO:0002402,,False
DERMO:0002413,bolivian hemorrhagic fever,,black typhus|machupo virus infection|ordog fever,"SNOMEDCT_US_2015_03_01:67247008 ""bolivian hemorrhagic fever""|SNOMEDCT_US_2015_03_01:186702008 ""bolivian hemorrhagic fever""|SNOMEDCT_US_2015_03_01:186704009 ""bolivian hemorrhagic fever""|DERMLEX:562 ""machupo virus infection""|DOID:0050195 ""bolivian hemorrhagic fever""",DERMO:0002402,,False
DERMO:0002414,venezuelan hemorrhagic fever,,guanarito virus infection,"SNOMEDCT_US_2015_03_01:186609008 ""venezuelan hemorrhagic fever""|SNOMEDCT_US_2015_03_01:359673001 ""venezuelan hemorrhagic fever""|DOID:0050196 ""venezuelan hemorrhagic fever""",DERMO:0002402,,False
DERMO:0002415,brazilian hemorrhagic fever,,sabia virus infection,"SNOMEDCT_US_2015_03_01:240524001 ""brazilian hemorrhagic fever""|DOID:0050197 ""brazilian hemorrhagic fever""",DERMO:0002402,,False
DERMO:0002416,dengue hemorrhagic fever,,DHF,"SNOMEDCT_US_2015_03_01:186598001 ""dengue hemorrhagic fever""|SNOMEDCT_US_2015_03_01:186599009 ""dengue hemorrhagic fever""|SNOMEDCT_US_2015_03_01:20927009 ""dengue hemorrhagic fever""|DERMLEX:541 ""dengue hemorrhagic fever""|DOID:12206 ""dengue hemorrhagic fever""",DERMO:0002417,,False
DERMO:0002417,dengue,,dengue virus infection,"SNOMEDCT_US_2015_03_01:154345006 ""dengue""|SNOMEDCT_US_2015_03_01:266194002 ""dengue""|SNOMEDCT_US_2015_03_01:38362002 ""dengue""",DERMO:0002402,,False
DERMO:0002418,west nile virus infection,,WNV infection,"SNOMEDCT_US_2015_03_01:417093003 ""west nile virus infection""|ICD10:A92.3 ""west nile virus infection""",DERMO:0002300,,False
DERMO:0002419,chikungunya fever,,chikungunya virus infection,"SNOMEDCT_US_2015_03_01:111864006 ""chikungunya fever""|DOID:0050012 ""chikungunya fever""",DERMO:0002300,,False
DERMO:0002420,barmah forest virus infection,,,,DERMO:0002300,,False
DERMO:0002421,ross river virus infection,,,"DERMLEX:4283 ""ross river virus infection""",DERMO:0002300,,False
DERMO:0002422,rabies,,,"SNOMEDCT_US_2015_03_01:14168008 ""rabies""|DOID:11260 ""rabies""|ICD10:A82 ""rabies""",DERMO:0002300,,False
DERMO:0002423,hepatitis A,,,"SNOMEDCT_US_2015_03_01:40468003 ""hepatitis a""|DOID:12549 ""hepatitis a""",DERMO:0002300,,False
DERMO:0002424,hepatitis B,,,"SNOMEDCT_US_2015_03_01:66071002 ""hepatitis b""|DOID:2043 ""hepatitis b""",DERMO:0002300,,False
DERMO:0002425,hepatitis C,,,"SNOMEDCT_US_2015_03_01:154349000 ""hepatitis c""|SNOMEDCT_US_2015_03_01:186643004 ""hepatitis c""|SNOMEDCT_US_2015_03_01:50711007 ""hepatitis c""|DOID:1883 ""hepatitis c""",DERMO:0002300,,False
DERMO:0002426,viral-associated trichodysplasia of immunosuppression,"Skin-colored to pink follicular papules and follicular spines favor the central face and they may be accompanied by loss of the eyebrows and eyelashes; extrafacial lesions with associated alopecia may also develop. The etiology of this entity is not known, but a viral etiology has been proposed due to the detection of intranuclear viral particles by electron microscopy.",(viral-associated) trichodysplasia spinulosa|cyclosporine-induced follicular dystrophy|follicular dystrophy of immunosuppression|folliculodystrophy of immunosuppression|pilomatrix dysplasia|trichodysplasia of immunosuppression|trichodysplasia spinulosa|viral-associated trichodysplasia spinulosa,,DERMO:0002300|DERMO:0002522,DERMO:0002555,False
DERMO:0002427,sexually transmitted infection,,sexually transmitted disease|STD|STI,,DERMO:0000110,,False
DERMO:0002428,primary syphilis,,,"SNOMEDCT_US_2015_03_01:154381009 ""primary syphilis""|SNOMEDCT_US_2015_03_01:266127002 ""primary syphilis""|SNOMEDCT_US_2015_03_01:266209006 ""primary syphilis""|DERMLEX:268 ""primary syphilis""|DOID:4156 ""primary syphilis""",DERMO:0001387,,False
DERMO:0002429,tertiary syphilis,,late syphilis,"SNOMEDCT_US_2015_03_01:72083004 ""tertiary syphilis""|DERMLEX:270 ""tertiary syphilis""|DOID:8200 ""tertiary syphilis""|ICD10:A52 ""tertiary syphilis""",DERMO:0001387,,False
DERMO:0002430,latent syphilis,,,"SNOMEDCT_US_2015_03_01:444150000 ""latent syphilis""|DERMLEX:272 ""latent syphilis""|DOID:9531 ""latent syphilis""",DERMO:0001387,,False
DERMO:0002431,benign late syphilis,,,,DERMO:0002429,,False
DERMO:0002432,cardiovascular syphilis,,,"SNOMEDCT_US_2015_03_01:83883001 ""cardiovascular syphilis""|SNOMEDCT_US_2015_03_01:154383007 ""cardiovascular syphilis""|SNOMEDCT_US_2015_03_01:186870009 ""cardiovascular syphilis""|DOID:9880 ""cardiovascular syphilis""|ICD10:A52.0 ""cardiovascular syphilis""|ICD10:I98.0 ""cardiovascular syphilis""",DERMO:0002429,,False
DERMO:0002433,neurosyphilis,,,"SNOMEDCT_US_2015_03_01:154384001 ""neurosyphilis""|SNOMEDCT_US_2015_03_01:186884004 ""neurosyphilis""|SNOMEDCT_US_2015_03_01:266210001 ""neurosyphilis""|SNOMEDCT_US_2015_03_01:26039008 ""neurosyphilis""",DERMO:0001387,,False
DERMO:0002434,congenital syphilis,,,"SNOMEDCT_US_2015_03_01:154380005 ""congenital syphilis""|SNOMEDCT_US_2015_03_01:35742006 ""congenital syphilis""|DERMLEX:271 ""congenital syphilis""|DOID:9856 ""congenital syphilis""|ICD10:A50 ""congenital syphilis""",DERMO:0001387,,False
DERMO:0002435,early congenital syphilis,,,"SNOMEDCT_US_2015_03_01:4359001 ""early congenital syphilis""|DOID:0050488 ""early congenital syphilis""",DERMO:0002434,,False
DERMO:0002436,late congenital syphilis,,,"SNOMEDCT_US_2015_03_01:82323002 ""late congenital syphilis""|DOID:10039 ""late congenital syphilis""",DERMO:0002434,,False
DERMO:0002437,gonorrhea,,clap,"SNOMEDCT_US_2015_03_01:15628003 ""gonorrhea""|SNOMEDCT_US_2015_03_01:186943001 ""gonorrhea""|DERMLEX:70 ""gonorrhea""|DOID:7551 ""gonorrhea""",DERMO:0002427|DERMO:0002439,,False
DERMO:0002438,disease caused by neisseria,,,,DERMO:0002115,,False
DERMO:0002439,disease caused by neisseria gonorrhoeae,,,,DERMO:0002438,,False
DERMO:0002440,disseminated gonococcal infection,,arthritis-dermatosis syndrome,"DERMLEX:68 ""gonococcemia""",DERMO:0002439,,False
DERMO:0002441,genital gonorrhea,,,,DERMO:0002437,,False
DERMO:0002442,pharyngeal gonorrhea,,,"DOID:13555 ""pharyngeal gonorrhea""",DERMO:0002437,,False
DERMO:0002443,rectal gonorrhea,,,"SNOMEDCT_US_2015_03_01:42746002 ""rectal gonorrhea""",DERMO:0002437,,False
DERMO:0002444,gonococcal ophthalmia,,,,DERMO:0002437,,False
DERMO:0002445,ophthalmia neonatorum,,,"SNOMEDCT_US_2015_03_01:80881003 ""ophthalmia neonatorum""|SNOMEDCT_US_2015_03_01:34298002 ""ophthalmia neonatorum""|DERMLEX:71 ""ophthalmia neonatorum""|DOID:9699 ""ophthalmia neonatorum""",DERMO:0002444,,False
DERMO:0002446,chancroid,,soft chancre|ulcus molle,"SNOMEDCT_US_2015_03_01:87429008 ""chancroid""|SNOMEDCT_US_2015_03_01:154391003 ""chancroid""|SNOMEDCT_US_2015_03_01:186945008 ""chancroid""|SNOMEDCT_US_2015_03_01:266143009 ""chancroid""|SNOMEDCT_US_2015_03_01:266213004 ""chancroid""|DERMLEX:89 ""chancroid""|DOID:13778 ""chancroid""|ICD10:A57 ""chancroid""",DERMO:0002133|DERMO:0002427,,False
DERMO:0002447,lymphogranuloma venereum,,climatic bubo|durand-nicolas-favre disease|LGV|lymphogranuloma inguinale|poradenitis inguinale|strumous bubo,"SNOMEDCT_US_2015_03_01:89427004 ""lymphogranuloma venereum""|SNOMEDCT_US_2015_03_01:154391003 ""lymphogranuloma venereum""|SNOMEDCT_US_2015_03_01:186946009 ""lymphogranuloma venereum""|SNOMEDCT_US_2015_03_01:266213004 ""lymphogranuloma venereum""|DERMLEX:210 ""lymphogranuloma venereum""|DOID:13819 ""lymphogranuloma venereum""",DERMO:0002133|DERMO:0002427,,False
DERMO:0002448,donovanosis,,granuloma genitoinguinale|granuloma inguinale|granuloma inguinale tropicum|granuloma venereum|granuloma venereum genitoinguinale|lupoid form of groin ulceration|serpiginous ulceration of the groin|ulcerating granuloma of the pudendum|ulcerating sclerosing granuloma,"SNOMEDCT_US_2015_03_01:186947000 ""donovanosis""|SNOMEDCT_US_2015_03_01:28867007 ""donovanosis""|DERMLEX:88 ""granuloma inguinale""|DOID:9113 ""donovanosis""|ICD10:A58 ""donovanosis""",DERMO:0002133|DERMO:0002427,,False
DERMO:0002449,skin disorder caused by helminth worms,,,,DERMO:0000110,,False
DERMO:0002450,skin disease caused by protozoa,,,,DERMO:0000110,,False
DERMO:0002451,leishmaniasis,,,"SNOMEDCT_US_2015_03_01:80612004 ""leishmaniasis""|SNOMEDCT_US_2015_03_01:154377009 ""leishmaniasis""|SNOMEDCT_US_2015_03_01:266206004 ""leishmaniasis""|DERMLEX:399 ""leishmaniasis""|DOID:9065 ""leishmaniasis""|ICD10:B55 ""leishmaniasis""",DERMO:0002321|DERMO:0002450,DERMO:0002322,False
DERMO:0002452,old world leishmaniasis,,baghdad boil|delhi boil|oriental sore,"DERMLEX:406 ""old world leishmaniasis""",DERMO:0002460,,False
DERMO:0002453,new world leishmaniasis,,bush yaws|chiclero ulcer|espundia|forest yaws|pian boi|ulcera de bauru|uta,"DERMLEX:407 ""new world leishmaniasis""",DERMO:0002460|DERMO:0002461,,False
DERMO:0002454,diffuse cutaneous leishmaniasis,,anergic leishmaniasis|disseminated leishmaniasis|lepromatous leishmaniasis|pseudolepromatous leishmaniasis,"SNOMEDCT_US_2015_03_01:38573008 ""diffuse cutaneous leishmaniasis""|DERMLEX:408 ""diffuse cutaneous leishmaniasis""|DOID:9111 ""diffuse cutaneous leishmaniasis""",DERMO:0002451,,False
DERMO:0002455,visceral leishmaniasis,,dumdum fever|kala-azar,"SNOMEDCT_US_2015_03_01:186803007 ""visceral leishmaniasis""|SNOMEDCT_US_2015_03_01:48115004 ""visceral leishmaniasis""|DERMLEX:404 ""visceral leishmaniasis""|DOID:9146 ""visceral leishmaniasis""|ICD10:B55.0 ""visceral leishmaniasis""",DERMO:0002451,,False
DERMO:0002456,zoonotic old world leishmaniasis,,,,DERMO:0002452,,False
DERMO:0002457,anthroponotic old world leishmaniasis,,,,DERMO:0002452,,False
DERMO:0002458,recidivans old world leishmaniasis,,,,DERMO:0002452,,False
DERMO:0002459,lupoid old world leishmaniasis,,,,DERMO:0002452,,False
DERMO:0002460,cutaneous leishmaniasis,,,"SNOMEDCT_US_2015_03_01:240637006 ""cutaneous leishmaniasis""|DOID:9111 ""cutaneous leishmaniasis""|ICD10:B55.1 ""cutaneous leishmaniasis""",DERMO:0002451,,False
DERMO:0002461,mucocutaneous leishmaniasis,,,"SNOMEDCT_US_2015_03_01:39625001 ""mucocutaneous leishmaniasis""|DERMLEX:409 ""mucocutaneous leishmaniasis""|DOID:9155 ""mucocutaneous leishmaniasis""|ICD10:B55.2 ""mucocutaneous leishmaniasis""",DERMO:0002451,,False
DERMO:0002462,sporotrichoid new world leishmaniasis,,,,DERMO:0002453,,False
DERMO:0002463,pustular new world leishmaniasis,,,,DERMO:0002453,,False
DERMO:0002464,impetigo-like new world leishmaniasis,,,,DERMO:0002453,,False
DERMO:0002465,eczematoid new world leishmaniasis,,,,DERMO:0002453,,False
DERMO:0002466,sarcoidosis-like new world leishmaniasis,,,,DERMO:0002453,,False
DERMO:0002467,erysipeloid new world leishmaniasis,,,,DERMO:0002453,,False
DERMO:0002468,papulotuberous new world leishmaniasis,,,,DERMO:0002453,,False
DERMO:0002469,verrucous new world leishmaniasis,,,,DERMO:0002453,,False
DERMO:0002470,skin disease caused by ameboid protozoa,,,,DERMO:0002450,,False
DERMO:0002471,acne vulgaris,"Acne vulgaris is a chronic skin condition in which blockage or inflammation of the  pilosebaceous units occurs. It principally affects the face, the back, and the chest, and usually first occurs around the age of puberty.",acne,"SNOMEDCT_US_2015_03_01:88616000 ""acne vulgaris""|SNOMEDCT_US_2015_03_01:156419001 ""acne vulgaris""|SNOMEDCT_US_2015_03_01:201214004 ""acne vulgaris""|SNOMEDCT_US_2015_03_01:267867008 ""acne vulgaris""|DERMLEX:2287 ""acne vulgaris""|DOID:6543 ""acne vulgaris""|HP:0001061 ""acne vulgaris""|ICD10:L70 ""acne vulgaris""|ICD10:L70.0 ""acne vulgaris""",DERMO:0000007,,False
DERMO:0002472,infantile acne,"An acneiform eruption that occurs in newborns or infants, and is often seen on the nose and adjacent portions of the cheek.",Acne neonatorum|Neonatal acne,"SNOMEDCT_US_2015_03_01:201219009 ""infantile acne""|SNOMEDCT_US_2015_03_01:49706007 ""infantile acne""|DERMLEX:2289 ""infantile acne""|ICD10:L70.4 ""infantile acne""|SNOMEDCT:49706007 ""Neonatal acne""",DERMO:0002471,,False
DERMO:0002473,closed comedone acne,"A type of acne lesion, which develops when plugs of skin cells and oil become trapped within the hair follicle and the pore opening is obstructed.",whiteheads,,DERMO:0002471,,False
DERMO:0002474,open comedone acne,Acne with dome-shaped papules showing a conspicuous dilated follicular opening that is filled with an inspissated core of shed keratin.,blackheads,"SNOMEDCT:247467008 ""COMEDONE""",DERMO:0002471,,False
DERMO:0002475,acneiform eruption,Visible efflorescent lesions of the skin caused by acne or resembling acne.,,"SNOMEDCT_US_2015_03_01:402644006 ""acneiform eruption""|MSH:D017486 ""Acneiform eruptions""|SNOMEDCT:402644006 ""Acneiform eruption""|UMLS_CUI:C0175167 ""Acneiform eruptions""",DERMO:0002471,,False
DERMO:0002476,cystic acne,"Form of acne where cysts are deeper and filled with a combination of pus and serosanguineous fluid. In patients with severe nodulocystic acne, these lesions frequently coalesce to form large, complex inflamed plaques that can include sinus tracts.",Acne cystica|Cystic acne vulgaris,"SNOMEDCT_US_2015_03_01:13277001 ""cystic acne""|SNOMEDCT:13277001 ""Cystic acne""",DERMO:0002471,,False
DERMO:0002477,post-adolescent acne,"Inflammatory acne persisting beyond 25 years of age which typically features tender, deep-seated papulonodules on the lower third of the face, jawline and neck.",,,DERMO:0002471,,False
DERMO:0002478,acne fulminans,"Severe scarring acne associated with fever, polyarthralgia, crusted ulcerative lesions, weight loss, and anemia.",acute febrile ulcerative acne,"SNOMEDCT_US_2015_03_01:4659007 ""acne fulminans""|DERMLEX:2293 ""acne fulminans""|ICD10:L70.8 ""Other acne""|RID:13962 ""Acne fulminans""|SNOMEDCT:4659007 ""Acne fulminans""",DERMO:0002471,,False
DERMO:0002480,acne conglobata,Very severe and chronic form of acne vulgaris in which inflammatory lesions predominate and run together and often forming exudates or bleeding.,,"SNOMEDCT_US_2015_03_01:42228007 ""acne conglobata""|DERMLEX:2318 ""acne conglobata""|ICD10:L70.1 ""acne conglobata""",DERMO:0002471,,False
DERMO:0002481,follicular occlusion tetrad,"The combination of major acne, pilonidal sinus, chronic scalp folliculitis, and hidradenitis suppurativa.","dissecting cellulitis of the scalp, hidradenitis suppurativa and pilonidal cysts, and acne conglobata","SNOMEDCT_US_2015_03_01:404176003 ""follicular occlusion tetrad""|SNOMEDCT:404176003 ""Follicular occlusion tetrad - hidradenitis, acne conglobata, dissecting cellulitis, pilonidal sinus""",DERMO:0002480,,False
DERMO:0002482,solid facial edema,A complication of acne vulgaris  with distortion of the midline face and cheeks due to soft tissue swelling.,morbihan's disease,"DERMLEX:2316 ""rosaceous lymphedema""",DERMO:0002471|DERMO:0002516,,False
DERMO:0002484,acne excoriee des jeunes filles,"Self induced acne lesions caused by patient excoriation, showing redness and inflammation, open sores, and scabs.",acne excoria|acne excoriee|excoriated acne|picker's acne,"SNOMEDCT_US_2015_03_01:10065003 ""acne excoriee des jeunes filles""|ICD10:L70.5 ""Acne excoriee des jeunes filles""|RID:15837 ""ACNE EXCORIEE""|SNOMEDCT:10065003 ""Excoriated acne""",DERMO:0000175|DERMO:0002471,DERMO:0000180,False
DERMO:0002485,drug-induced acne,Acne induced by drug exposure or treatment.,acne medicamentosa,,DERMO:0002471,,False
DERMO:0002486,epidermal growth factor receptor inhibitor-induced papulopustular eruption,,,,DERMO:0002475|DERMO:0002516,,False
DERMO:0002487,tropical acne,Follicular acneiform eruption that results from exposure to extreme heat.,,"SNOMEDCT_US_2015_03_01:10954006 ""tropical acne""|SNOMEDCT_US_2015_03_01:201223001 ""tropical acne""|DERMLEX:2301 ""tropical acne""",DERMO:0002475,,False
DERMO:0002488,radiation acne,,,,DERMO:0002475,,False
DERMO:0002489,pseudoacne of the transverse nasal crease,,,,DERMO:0002475,,False
DERMO:0002490,idiopathic facial aseptic granuloma,Radiation acne is a side effect of external beam ionizing radiation.,,,DERMO:0002475,,False
DERMO:0002491,childhood flexural comedones,,,,DERMO:0002475,,False
DERMO:0002492,rosacea,Rosacea is a chronic red rash involving the central face.,,"SNOMEDCT_US_2015_03_01:398909004 ""rosacea""|SNOMEDCT_US_2015_03_01:156364003 ""rosacea""|SNOMEDCT_US_2015_03_01:200930009 ""rosacea""|SNOMEDCT_US_2015_03_01:1612004 ""rosacea""|SNOMEDCT_US_2015_03_01:267849001 ""rosacea""|DERMLEX:2283 ""rosacea""|DOID:8881 ""rosacea""|ICD10:L71 ""rosacea""",DERMO:0000007,,False
DERMO:0002493,erythematotelangiectatic rosacea,"Erythematotelangiectatic rosacea is a term that covers individuals who have a tendency for flushing, combined with a background of persistent facial erythema and sometimes telangiectasias.",,,DERMO:0002492,,False
DERMO:0002494,papulopustular rosacea,"Papulopustular rosacea is characterized by a centrofacial eruption of multiple, small (<3 mm), dome-shaped, erythematous papules, some of which are surmounted by a seropustule.",,"DERMLEX:2307 ""papulopustular rosacea""",DERMO:0002492,,False
DERMO:0002495,phymatous rosacea,Rosacea involving hypertrophy of the sebaceous glands of the affected region.,,"DERMLEX:2309 ""phymatous rosacea""",DERMO:0002492,,False
DERMO:0002496,ocular rosacea,"Ocular rosacea may of may not be accompanied by cutaneous signs. Ocular rosacea may be characterized by chronically bloodshot eyes, dry eyes, blepharitis, tiny concretions at the bases of the cilia, or mild scaling of the eyelid margins.",,"SNOMEDCT_US_2015_03_01:200933006 ""ocular rosacea""|DERMLEX:2314 ""ocular rosacea""",DERMO:0002492,,False
DERMO:0002497,rhinophyma,Rhinophyma is a hypertrophy of the sebaceous glands in nasal skin.,hypertrophy of the sebaceous glands in nasal skin,"SNOMEDCT_US_2015_03_01:156364003 ""rhinophyma""|SNOMEDCT_US_2015_03_01:19877001 ""rhinophyma""|SNOMEDCT_US_2015_03_01:267849001 ""rhinophyma""|DERMLEX:909 ""rhinophyma""|ICD10:L71.1 ""rhinophyma""",DERMO:0002495,,False
DERMO:0002498,erythematotelangiectatic rosacea stage 1,"Erythematotelangiectatic rosacea is a term that covers individuals who have a tendency for flushing, combined with a background of persistent facial erythema and sometimes telangiectasias. Characterized by occasional mild flushing; faint persistent centrofacial erythema; few telangiectasias.",,,DERMO:0002493,,False
DERMO:0002499,erythematotelangiectatic rosacea stage 2,"Erythematotelangiectatic rosacea is a term that covers individuals who have a tendency for flushing, combined with a background of persistent facial erythema and sometimes telangiectasias. Characterized by frequent troublesome flushing; moderate persistent centrofacial erythema; several distinct telangiectasias.",,,DERMO:0002493,,False
DERMO:0002500,erythematotelangiectatic rosacea stage 3,"Erythematotelangiectatic rosacea is a term that covers individuals who have a tendency for flushing, combined with a background of persistent facial erythema and sometimes telangiectasias. Characterized by frequent severe flushing; pronounced persistent centrofacial erythema; many prominent telangiectasias; possible edema.",,,DERMO:0002493,,False
DERMO:0002501,ocular rosacea stage 1,"Ocular rosacea may of may not be accompanied by cutaneous signs. Ocular rosacea may be characterized by chronically bloodshot eyes, dry eyes, blepharitis, tiny concretions at the bases of the cilia, or mild scaling of the eyelid margins. Defined by mild itch, dryness or grittiness; fine scaling of eyelid margins; telangiectasia of eyelid margins; mild conjunctival injection.",,,DERMO:0002496,,False
DERMO:0002502,ocular rosacea stage 2,"Ocular rosacea may of may not be accompanied by cutaneous signs. Ocular rosacea may be characterized by chronically bloodshot eyes, dry eyes, blepharitis, tiny concretions at the bases of the cilia, or mild scaling of the eyelid margins. Defined by burning or stinging; crusting, irregularity, erythema and/or edema of eyelid margins; definite conjunctival injection; chalazion or hordeolum.",,,DERMO:0002496,,False
DERMO:0002503,ocular rosacea stage 3,"Ocular rosacea may of may not be accompanied by cutaneous signs. Ocular rosacea may be characterized by chronically bloodshot eyes, dry eyes, blepharitis, tiny concretions at the bases of the cilia, or mild scaling of the eyelid margins. Defined by pain, photosensitivity, blurred vision; severe eyelid changes with loss of lashes, severe conjunctival inflammation; corneal changes, with potential loss of vision; episcleritis, scleritis; iritis.",,,DERMO:0002496,,False
DERMO:0002504,papulopustular rosacea stage 1,"Papulopustular rosacea is characterized by a centrofacial eruption of multiple, small (<3 mm), dome-shaped, erythematous papules, some of which are surmounted by a seropustule. Stage 1 defined by few papules and/or papulopustules; mild persistent centrofacial erythema.",,,DERMO:0002494,,False
DERMO:0002505,papulopustular rosacea stage 2,"Papulopustular rosacea is characterized by a centrofacial eruption of multiple, small (<3 mm), dome-shaped, erythematous papules, some of which are surmounted by a seropustule. Stage 2 defined by sseveral papules and/or papulopustules; moderate persistent centrofacial erythema.",,,DERMO:0002494,,False
DERMO:0002506,papulopustular rosacea stage 3,"Papulopustular rosacea is characterized by a centrofacial eruption of multiple, small (<3 mm), dome-shaped, erythematous papules, some of which are surmounted by a seropustule. Stage 3 defined by extensive papules and/or papulopustules; pronounced persistent centrofacial erythema; inflammatory plaques or edema may be present.",,,DERMO:0002494,,False
DERMO:0002507,phymatous rosacea stage 1,Rosacea involving hypertrophy of the sebaceous glands of the affected region. Stage1  characterized by puffiness; mildly patulous follicles; no clinically apparent hypertrophy of connective tissue or sebaceous glands; no change in contour.,,,DERMO:0002495,,False
DERMO:0002508,phymatous rosacea stage 2,"Rosacea involving hypertrophy of the sebaceous glands of the affected region. Stage 2 characterized by moderate swelling; moderately dilated patulous follicles; clinically, mild hypertrophy of the sebaceous glands or connective tissue; change in nasal contour without nodular component.",,,DERMO:0002495,,False
DERMO:0002509,phymatous rosacea stage 3,"Rosacea involving hypertrophy of the sebaceous glands of the affected region. Stage 3 characterized by marked swelling; large dilated follicles; distortion of contour due to hypertrophy of the sebaceous glands and/or connective tissue, with a nodular component.",,,DERMO:0002495,,False
DERMO:0002510,gnathophyma,hypertrophy of the sebaceous glands of the central chin.,,,DERMO:0002495,,False
DERMO:0002511,otophyma,"Hypertrophy of the sebaceous glands, causing swelling of the ears, primarily affecting the lower half of the helices and the lobes of the ears.",,,DERMO:0002495,,False
DERMO:0002512,mentophyma,"Cushion-like, firm swelling of central forehead, caused by hypertrophy of the sebaceous glands.",,,DERMO:0002495,,False
DERMO:0002513,blepharophyma,"Hypertrophy of the sebaceous glands of the eyelids, leading to swelling of the eyelids.",,,DERMO:0002495,,False
DERMO:0002514,rosacea fulminans,Rosacea fulminans is characterized by the explosive onset of inflammatory papules and pustules superimposed on a background of facial erythema and sometimes even accompanied by fever.,pyoderma faciale,"DERMLEX:2311 ""pyoderma faciale""",DERMO:0002492,,False
DERMO:0002515,granulomatous rosacea,Persistent red-brown to skin-colored facial papules with a characteristic non-caseating granulomatous histology is referred to as granulomatous rosacea.,,"SNOMEDCT_US_2015_03_01:68805003 ""granulomatous rosacea""|SNOMEDCT_US_2015_03_01:397845003 ""granulomatous rosacea""|DERMLEX:2312 ""granulomatous rosacea""",DERMO:0002492,,False
DERMO:0002516,rosacea-like disorder,Disorder presenting like rosacea.,,,DERMO:0000007,,False
DERMO:0002517,periorificial dermatitis,"Periorificial dermatitis, has a superficial resemblance to rosacea but the morphology of the lesions - grouped tiny superficial papulovesicles or papulopustules in the same stage of development rather than larger crops of papules and pustules in varying stages of development - and the distribution of the lesions usually indicate the correct diagnosis.",perioral dermatitis,"ICD10:L71.0 ""periorificial dermatitis""",DERMO:0002516,,False
DERMO:0002518,rosaceiform dermatitis,"Rosaceiform dermatitis refers to a drug eruption caused by the application of topical calcineurin inhibitors to the face. It is characterized by facial erythema, small papules and numerous pustules.",,,DERMO:0002516,,False
DERMO:0002519,steroid-induced rosacea,"Steroid-induced rosacea presents with erythema, papules, pustules and sometimes telangiectasias and atrophy due to repeated applications of potent topical corticosteroid preparations to the face.",,,DERMO:0002516,,False
DERMO:0002520,pityriasis folliculorum,"Pityriasus fulliculorum is characerized by a roughened, whitish, scaling skin surface  superimposed on a background of faint erythema plus scattered fine papules and pustules. It is thought to be caused in young to middle-aged women by the patients rarely allowing water to contact the skin of their face and continually apply moisturizing creams and cosmetic preparations.",,"SNOMEDCT_US_2015_03_01:200993008 ""pityriasis folliculorum""",DERMO:0002516,,False
DERMO:0002521,haber's syndrome,"Haber's syndrome is a rare familial genodermatosis characterized by early-onset facial erythema, verrucous papules, truncal keratotic lesions and pitted atrophic scars.",,"SNOMEDCT_US_2015_03_01:69971003 ""haber's syndrome""",DERMO:0002516,,False
DERMO:0002522,follicular disorder,Disorder of the hair follicles.,,,DERMO:0000007,,False
DERMO:0002523,folliculitis,Infection of the hair follicles.,,"SNOMEDCT_US_2015_03_01:13600006 ""folliculitis""|SNOMEDCT_US_2015_03_01:156411003 ""folliculitis""|SNOMEDCT_US_2015_03_01:201177005 ""folliculitis""|SNOMEDCT_US_2015_03_01:267863007 ""folliculitis""|DERMLEX:23 ""folliculitis""|DOID:4409 ""folliculitis""|MP:0000376 ""folliculitis""",DERMO:0002522,,False
DERMO:0002524,superficial folliculitis,"Infection of the hair follicles, limited to only the superficial follicles.",bockhart's impetigo,"SNOMEDCT_US_2015_03_01:267812007 ""superficial folliculitis""",DERMO:0002072|DERMO:0002523,DERMO:0002074,False
DERMO:0002525,sycosis lupoid,"Scarring form of deep folliculitis, typically affecting the beard area; may be caused by S. aureus, chronic course, refractory to treatment.",,,DERMO:0002546,,False
DERMO:0002526,itching folliculitis,,,,DERMO:0002524,,False
DERMO:0002527,irritant folliculitis,"Follicular pustules in the sites of application or exposure to irritant, often after application of topical medications.",,,DERMO:0002524,,False
DERMO:0002528,dermatophyte folliculitis,Folliculitis caused by infection of a dermatophyte fungus.,,,DERMO:0002524,,False
DERMO:0002529,majocchi's granuloma,Majocchi granuloma is a deep and persistent suppurative folliculitis caused by dermatophyte fungi.,,"SNOMEDCT_US_2015_03_01:186995009 ""majocchi's granuloma""|SNOMEDCT_US_2015_03_01:214600002 ""majocchi's granuloma""|SNOMEDCT_US_2015_03_01:58950002 ""majocchi's granuloma""|DOID:13368 ""majocchi's granuloma""",DERMO:0002528,,False
DERMO:0002530,candida folliculitis,Pruritic satellite pustules surrounding areas of intertriginous candidiasis.,,"DERMLEX:4782 ""candida folliculitis""",DERMO:0002268|DERMO:0002524,,False
DERMO:0002531,demodex folliculitis,"Erythematous follicular papules and pustules on the face, often with a background of diffuse erythema. Skin scrapings reveal numerous Demodex mites.",demodicoidosis,"SNOMEDCT_US_2015_03_01:240894003 ""demodex folliculitis""|DERMLEX:428 ""demodex folliculitis""",DERMO:0002524,,False
DERMO:0002532,drug-induced folliculitis,"Acute eruption of monomorphic erythematous follicular papules and pustules on the trunk, shoulders and upper arms after exposure to a therapeutic agent.",,,DERMO:0002524,,False
DERMO:0002533,actinic folliculitits,Development of follicular pustules on the upper trunk and arms 24-30 hours after first sun exposure of the summer.,,,DERMO:0002524,,False
DERMO:0002534,eosinophilic folliculitis,Eosinophilic folliculitis is a recurrent skin disorder of unknown cause. Histological specimens find eosinophils around hair follicle.,,"SNOMEDCT_US_2015_03_01:95333004 ""eosinophilic folliculitis""|DERMLEX:2323 ""eosinophilic folliculitis""",DERMO:0002524,,False
DERMO:0002535,eosiniphilic pustular folliculitis,"Eosinophilic pustular folliculitis is characterized by recurrent episodes of eruptive, intensely pruritic, follicular papulopustules.",ofuji's disease|sterile eosinophilic pustulosis,,DERMO:0002534,,False
DERMO:0002536,AIDS-associated eosinophilic folliculitis,"A pruritic papular eruption with histologic features that are similar to eosinophilic pustular folliculitis can develop in HIV-infected patients, many of whom fulfill the criteria for AIDS.",immunosuppression-associated eosinophilic folliculitis,,DERMO:0002331|DERMO:0002534,,False
DERMO:0002537,disseminate and recurrent infundibulofolliculitis,"Hundreds of uniform, skin-colored papules that have been likened to goose bumps. Histologically, there is mild inflammation of the follicular infundibulum.",hitch and lund disease|recurrent disseminated infundibulofolliculitits,"SNOMEDCT_US_2015_03_01:81856009 ""disseminate and recurrent infundibulofolliculitis""",DERMO:0002524,,False
DERMO:0002538,disorder of follicular keratinization,,,,DERMO:0002522,,False
DERMO:0002539,erythromelanosis follicularis faciei,A follicular disorder that involves the lateral cheeks and sometimes the lateral aspects of the neck. Multiple pinpoint follicular papules are superimposed on a red-brown patch; the papules appear relatively hypopigmented.,erythromelanosis follicularis faciei et colli,,DERMO:0002538,,False
DERMO:0002540,keratosis pilaris atrophicans,Keratosis pilaris atrophicans encompasses a group of disorders in which the abnormality in follicular keratinization is accompanied by atrophy and scarring alopecia.,,"SNOMEDCT_US_2015_03_01:7719008 ""keratosis pilaris atrophicans""|SNOMEDCT_US_2015_03_01:400059005 ""keratosis pilaris atrophicans""",DERMO:0000005|DERMO:0002538,,False
DERMO:0002541,keratosis pilaris atrophicans faciei,Facial follicular atrophy.,,"SNOMEDCT_US_2015_03_01:7719008 ""keratosis pilaris atrophicans faciei""|DERMLEX:2329 ""keratosis pilaris atrophicans faciei""",DERMO:0002540,,False
DERMO:0002542,atrophoderma vermiculatum,"Facial follicular atrophy, resulting in severe worm-eaten appearance of the cheeks.",acne vermoulante|atrophoderma reticulata symmertica faciei|folliculitis ulerythema reticulata|folliculitis ulerythemosa|honeycomb atrophy|ulerythema acneiforme,"SNOMEDCT_US_2015_03_01:201154005 ""atrophoderma vermiculatum""|SNOMEDCT_US_2015_03_01:2736005 ""atrophoderma vermiculatum""|DERMLEX:2328 ""atrophoderma vermiculatum""",DERMO:0001866|DERMO:0002540,DERMO:0001867,False
DERMO:0002543,folliculitits spinulosa decalvans,Facial follicular atrophy which results in bald areas on the scalp due to follicular pustules.,,,DERMO:0002540,,False
DERMO:0002544,phrynoderma,"Follicular papules of various sizes with conical keratotic plugs favor the extensor surfaces of the extremities, but may then spread to involve other locations. The face is the last site to become involved, and the hands and feet are spared.",,"SNOMEDCT_US_2015_03_01:238629004 ""phrynoderma""|DERMLEX:2751 ""phrynoderma""",DERMO:0002538,,False
DERMO:0002545,deep folliculitis,"Infection of the hair follicles, also affecting the deeper structures of the skin.",,"SNOMEDCT_US_2015_03_01:707220001 ""deep folliculitis""",DERMO:0002523,,False
DERMO:0002546,sycosis,"Infection of the bearded part of a man's face, caused by a bacterial infection.",,"SNOMEDCT_US_2015_03_01:253005 ""sycosis""",DERMO:0002545,,False
DERMO:0002547,mycotic sycosis,"Dermatophyte folliculitis of the beard area (most often the chin), usually caused by zoophilic organisms.",,"SNOMEDCT_US_2015_03_01:399329002 ""mycotic sycosis""|SNOMEDCT_US_2015_03_01:55875000 ""mycotic sycosis""",DERMO:0002546,,False
DERMO:0002548,herpetic sycosis,"Rapid development of individual and grouped follicular pustules and vesicles on an erythematous base in the beard area, due to spread of herpes simplex virus spread to the area.",,,DERMO:0002546,,False
DERMO:0002549,pseudofolliculitits barbae,Pseudofolliculitis barbae is a common chronic inflammatory disorder occurring most often in the beard area of men who shave.,barber's itch|chronic sycosis barbae|follulitis barbae traumatica|ingrown hairs|razor bumps|scarring pseudofolliculitits of the beard|shave bumps,,DERMO:0002078|DERMO:0002545,,False
DERMO:0002550,hidradenitis suppurativa,"Hidradenitis suppurativa targets apocrine gland-bearing skin sites, in particular the axillae and anogenital region. It is a chronic condition characterized by recurrent furuncles and draining sinus tracts with subsequent scarring.",acne inversa|pyoderma fistulans significa|verneuil's disease,"SNOMEDCT_US_2015_03_01:156417004 ""hidradenitis suppurativa""|SNOMEDCT_US_2015_03_01:201204008 ""hidradenitis suppurativa""|SNOMEDCT_US_2015_03_01:267866004 ""hidradenitis suppurativa""|SNOMEDCT_US_2015_03_01:59393003 ""hidradenitis suppurativa""|DERMLEX:2317 ""hidradenitis suppurativa""|DOID:2280 ""hidradenitis suppurativa""|ICD10:L73.2 ""hidradenitis suppurativa""",DERMO:0002545,,False
DERMO:0002551,hidradenitis suppurativa stage 1,Hidradenitis suppurativa with one or more abscesses with no sinus tract or scar formation.,,,DERMO:0002550,,False
DERMO:0002552,hidradenitis suppurativa stage 2,"Hidradenitis suppurativa with one or more widely separated recurrent abscesses, with sinus tract and scar formation.",,,DERMO:0002550,,False
DERMO:0002553,hidradenitis suppurativa stage 3,Hidradenitis suppurativa with multiple interconnected tracts and abscesses throughout an affected region.,,,DERMO:0002550,,False
DERMO:0002554,trichostasis spinulosa,Trichostasis spinulosa is a common but often underdiagnosed follicular disorder of unknown etiology. Asymptomatic comedo-like lesions that contain keratin and multiple vellus hairs are seen.,,"SNOMEDCT_US_2015_03_01:21049007 ""trichostasis spinulosa""|DERMLEX:4520 ""trichostasis spinulosa""",DERMO:0002522,,False
DERMO:0002556,disorder of the eccrine or apocrine sweat gland,,,,DERMO:0000007,,False
DERMO:0002557,hyperhidrosis,Hyperhidrosis is the name given to excessive and uncontrollable sweating.,,"SNOMEDCT_US_2015_03_01:312230002 ""hyperhidrosis""|SNOMEDCT_US_2015_03_01:52613005 ""hyperhidrosis""|DERMLEX:692 ""hyperhidrosis""|HP:0000975 ""hyperhidrosis""|ICD10:R61 ""hyperhidrosis""",DERMO:0002556,,False
DERMO:0002558,primary hyperhidrosis,Primary hyperhidrosis is defined as excessive sweating in localized areas that is not associated with a systemic disorder.,primary focal hyperhidrosis,,DERMO:0002557,,False
DERMO:0002559,volar hyperhidrosis,Primary hyperhidrosis localized to the palms of the hands and soles of the feet.,palmoplantar primary hyperhidrosis,,DERMO:0002558,,False
DERMO:0002560,axillary hyperhidrosis,Primary hyperhidrosis localized to the axillae.,,,DERMO:0002558,,False
DERMO:0002561,secondary hyperhidrosis,Secondary hyperhidrosis is caused by or associated with another systemic disorder.,,,DERMO:0002557,,False
DERMO:0002562,disorder associated with cortical hyperhidrosis,,,,DERMO:0002561,,False
DERMO:0002563,hypothalamic hyperhidrosis,Hyperhidrosis due to elevated body temperature or direct hypothalamic stimulation. May be nocturnal or diurnal.,thermal hyperhidrosis,,DERMO:0002561,,False
DERMO:0002564,drug-induced hyperhidrosis,Increased sweating due to the pharmacological effects of certain drugs after administration.,,,DERMO:0002561,,False
DERMO:0002565,medullary hyperhidrosis,,gustatory hyperhidrosis,,DERMO:0002561,,False
DERMO:0002566,physiological medullary hyperhidrosis,"Physiologic medullary hyperhidrosis is most commonly triggered by spicy foods, alcohol and citrus fruits.",,,DERMO:0002565,,False
DERMO:0002567,pathological medullary hyperhidrosis,"This disorder arises after disruption of nerves. During healing, nerve fibers mediating sweating aberrantly connect to nerves that mediate salivation. Impulses in parasympathetic fibers normally supplying the salivary glands are now misdirected to the sweat glands. As a result, salivary stimulation elicits sweating.",,,DERMO:0002565,,False
DERMO:0002568,auriculotemporal syndrome,"Auriculotemporal syndrome is common after parotid surgery, presenting with gustatory flushing, but usually no obvious sweating.",frey's syndrome,"SNOMEDCT_US_2015_03_01:45294007 ""auriculotemporal syndrome""",DERMO:0002567,,False
DERMO:0002569,chorda tympani syndrome,"This disorder results from transposition of sympathetic sudomotor and parasympathetic secretomotor fibers to the submandibular gland that are carried in the chorda tympani nerve. In this syndrome, salivary stimuli induce sweating on the chin and lower jaw line.",,,DERMO:0002567,,False
DERMO:0002570,spinal sweating,Any injury or disease process that severs or interferes with the reticulospinal tracts of the cord can disrupt the sweating reflex. A lack of sweating in response to thermal stimulation usually occurs below the level of the injury.,cord transection sweating,,DERMO:0002561,,False
DERMO:0002571,autonomic dysreflexia,"Autonomic dysreflexia is a syndrome that may occur with spinal injury at or above T6. Massive episodic sympathetic discharge results in sweating above the level of the transection accompanied by headache, hypertension, facial flushing, bradycardia or tachycardia, piloerection and paresthesias.",,"SNOMEDCT_US_2015_03_01:129618003 ""autonomic dysreflexia""|ICD10:G90.4 ""autonomic dysreflexia""",DERMO:0002561,,False
DERMO:0002572,compensatory hyperhidrosis,"The sweat glands of one area become hyperactive in an effort to compensate for hypo- or anhidrosis, caused by denervation or disease, in another.",,"SNOMEDCT_US_2015_03_01:403378004 ""compensatory hyperhidrosis""|DERMLEX:5233 ""compensatory hyperhidrosis""",DERMO:0002561,,False
DERMO:0002573,non-neural hyperhidrosis,Direct stimulation of eccrine sweat glands by heat or sudomimetic drugs can lead to localized sweating.,,,DERMO:0002561,,False
DERMO:0002574,hypohidrosis,Reduced sweating.,,"SNOMEDCT_US_2015_03_01:201189007 ""hypohidrosis""|SNOMEDCT_US_2015_03_01:45004005 ""hypohidrosis""|DOID:11155 ""hypohidrosis""|HP:0000966 ""hypohidrosis""",DERMO:0002556,,False
DERMO:0002575,central hypohidrosis,Disruption of the central sweating centres of the brain resulting in decreased or absent sweating.,,,DERMO:0002574,,False
DERMO:0002576,neuropathic hypohidrosis,Disruption of the innervation of the sweat glands at any level below the central nervous system leading to reduced or absent sweating.,,,DERMO:0002574,,False
DERMO:0002577,anhidrosis,Inability to produce sweat,,"SNOMEDCT_US_2015_03_01:156414006 ""anhidrosis""|SNOMEDCT_US_2015_03_01:201189007 ""anhidrosis""|SNOMEDCT_US_2015_03_01:39659002 ""anhidrosis""|DERMLEX:4137 ""anhidrosis""|DOID:11156 ""anhidrosis""|HP:0000970 ""anhidrosis""|ICD10:L74.4 ""anhidrosis""",DERMO:0002556,,False
DERMO:0002578,drug-induced anhidrosis,"Anhidrosis induced by drug administration, often with anticholinergic effects.",,,DERMO:0002577,,False
DERMO:0002579,drug-induced hypohidrosis,Reduced sweating due to the pharmacological effects of certain drugs after administration.,,,DERMO:0002574,,False
DERMO:0002580,peripheral anhidrosis,,,,DERMO:0002577,,False
DERMO:0002581,miliaria,Disorder due to obstruction of the eccrine sweat gland.,eccrine miliaria,"SNOMEDCT_US_2015_03_01:63951004 ""miliaria""|DOID:1382 ""miliaria""",DERMO:0000311|DERMO:0002556,,False
DERMO:0002582,miliaria crystallina,Disorder due to obstruction of the eccrine sweat gland at the level of the stratum corneum.,miliaria sudamina|superficial ductal occlusion,"SNOMEDCT_US_2015_03_01:44279002 ""miliaria crystallina""|DERMLEX:2343 ""miliaria crystallina""|ICD10:L74.1 ""miliaria crystallina""",DERMO:0002581,,False
DERMO:0002583,miliaria rubra,Disorder due to obstruction of the eccrine sweat gland at the level of the mid-epidermis.,intermediate ductal occlusion|prickly heat,"SNOMEDCT_US_2015_03_01:72658003 ""miliaria rubra""|SNOMEDCT_US_2015_03_01:156415007 ""miliaria rubra""|SNOMEDCT_US_2015_03_01:201194007 ""miliaria rubra""|SNOMEDCT_US_2015_03_01:267813002 ""miliaria rubra""|SNOMEDCT_US_2015_03_01:44279002 ""miliaria rubra""|DERMLEX:2344 ""miliaria rubra""|DOID:11153 ""miliaria rubra""|ICD10:L74.0 ""miliaria rubra""",DERMO:0002581,,False
DERMO:0002584,miliaria profunda,Disorder due to obstruction of the eccrine sweat gland at the level of the dermal-epidermal junction.,deep ductal occlusion|mammillaria,"SNOMEDCT_US_2015_03_01:201193001 ""miliaria profunda""|SNOMEDCT_US_2015_03_01:47317002 ""miliaria profunda""|DERMLEX:2345 ""miliaria profunda""|ICD10:L74.2 ""miliaria profunda""",DERMO:0002581,,False
DERMO:0002585,congenital miliaria crystallina,Disorder due to obstruction of the eccrine sweat gland at the level of the stratum corneum. Pre-natal aetiology.,,,DERMO:0002582,,False
DERMO:0002586,miliaria pustulosa,Disorder due to obstruction of the eccrine sweat gland leading to inflammation and bacterial infection.,,"SNOMEDCT_US_2015_03_01:26988005 ""miliaria pustulosa""|DERMLEX:4786 ""miliaria pustulosa""",DERMO:0002583,,False
DERMO:0002587,altered composition of eccrine sweat,,,,DERMO:0002556,,False
DERMO:0002588,eccrine bromhidrosis,"Bromhidrosis is a condition of abnormal or offensive body odour, originating from the eccrine sweat glands.",,"DERMLEX:4491 ""eccrine bromhidrosis""",DERMO:0002556,,False
DERMO:0002589,eccrine chromhidrosis,Eccrine chromhidrosis refers to the secretion of pigmented/coloured sweat.,,"DERMLEX:4493 ""chromhidrosis""",DERMO:0002556,,False
DERMO:0002590,apocrine chromhidrosis,"Apocrine chromhidrosis refers to the secretion of pigmented (yellow, green or black) sweat. It is a reflection of the rich lipofuscin content of apocrine sweat.",,"DERMLEX:2391 ""apocrine chromhidrosis""",DERMO:0002556,,False
DERMO:0002591,skin disease with sweat as a predisposing influence,,,,DERMO:0002556,,False
DERMO:0002592,granulosis rubra nasi,"Rare inherited condition where hyperhidrosis of the nose is followed by macular erythema; papules and vesicles can also develop. The process may extend to the cheeks, lips and upper chin.",,"SNOMEDCT_US_2015_03_01:22818000 ""granulosis rubra nasi""|DERMLEX:2994 ""granulosis rubra nasi""",DERMO:0002591,,False
DERMO:0002593,keratolysis exfoliativa,"Keratolysis exfoliativa is a common, asymptomatic, superficial desquamative process of palmar and (less often) plantar skin; it usually worsens in warm weather and is occasionally associated with hyperhidrosis. Keratolysis exfoliativa is seen in healthy adults and probably reflects low-grade physical or chemical damage to the thick stratum corneum of volar skin.",dyshidrosis lamellosa sicca|lamellar dyshidrosis|recurrent focal palmar peeling,"SNOMEDCT_US_2015_03_01:239065004 ""keratolysis exfoliativa""",DERMO:0002591,,False
DERMO:0002594,multiple sweat gland abcesses,Multiple sweat gland abscesses represent a rare disorder of newborn infants that is likely due to a secondary staphylococcal infection of miliaria lesions.,periporitis staphylogenes,,DERMO:0002591,,False
DERMO:0002595,apocrine sweat gland disorder,Disorder of the appocrine sweat gland.,,,DERMO:0002556,,False
DERMO:0002596,fox-fordyce disease,"Fox-Fordyce disease is characterised by the development of itchy bumps around the hair follicles of the underarm area, pubic region, and/or around the nipples. It results from inflammation of the aprocrine sweat glands, which are found only in these areas.",apocrine miliaria,"SNOMEDCT_US_2015_03_01:65038009 ""fox-fordyce disease""|DERMLEX:2348 ""fox-fordyce disease""|DOID:1381 ""fox-fordyce disease""|ICD10:L75.2 ""fox-fordyce disease""",DERMO:0002595,,False
DERMO:0002597,mucinosis,,,"SNOMEDCT_US_2015_03_01:11528001 ""mucinosis""",DERMO:0002672,,False
DERMO:0002598,primary cutaneous mucinosis,,,,DERMO:0002597,,False
DERMO:0002599,secondary mucinosis,,,,DERMO:0002597,,False
DERMO:0002600,degenerative-inflammatory mucinosis,,,,DERMO:0002598,,False
DERMO:0002601,hamartomatous-neoplastic mucinosis,,,,DERMO:0002598,,False
DERMO:0002602,diffuse mucinosis,,,,DERMO:0002597,,False
DERMO:0002603,focal mucinosis,,,"DERMLEX:2279 ""focal mucinosis""",DERMO:0002597,,False
DERMO:0002604,dermal mucinosis,,,,DERMO:0002600,,False
DERMO:0002605,scleromyxedema,,generalized and sclerodermoid lichen myxedematosus|papular mucinosis,"SNOMEDCT_US_2015_03_01:111197009 ""scleromyxedema""|SNOMEDCT_US_2015_03_01:402468007 ""scleromyxedema""|DERMLEX:2280 ""papular mucinosis""",DERMO:0002604,,False
DERMO:0002606,lichen myxedematosus mucinosis,,,,DERMO:0002604,,False
DERMO:0002607,discrete papular lichen myxedematosus,,,,DERMO:0002606,,False
DERMO:0002608,acral persistent papular mucinosis,,,"SNOMEDCT_US_2015_03_01:238949006 ""acral persistent papular mucinosis""|DERMLEX:2276 ""acral persistent papular mucinosis""",DERMO:0002606,,False
DERMO:0002609,cutaneous mucinosis of infancy,,,"DERMLEX:2603 ""cutaneous mucinosis of infancy""",DERMO:0002606,,False
DERMO:0002610,nodular lichen myxedematosus mucinosis,,,,DERMO:0002606,,False
DERMO:0002611,self-healing cutaneous mucinosis,,,,DERMO:0002604,,False
DERMO:0002612,juvenile self-healing cutaneous mucinosis,,,,DERMO:0002611,,False
DERMO:0002613,adult self-healing cutaneous mucinosis,,,,DERMO:0002611,,False
DERMO:0002614,scleredema,,scleredema adultorum of buschke,"SNOMEDCT_US_2015_03_01:72967001 ""scleredema""|SNOMEDCT_US_2015_03_01:95323007 ""scleredema""|DERMLEX:2272 ""scleredema""",DERMO:0002604,,False
DERMO:0002615,mucinosis associated with altered thyroid function,,,,DERMO:0002604,,False
DERMO:0002616,localized myxedema,,pre-tibial myxedema,"SNOMEDCT_US_2015_03_01:59909002 ""localized myxedema""",DERMO:0002615,,False
DERMO:0002617,generalized myxedema,,,"DERMLEX:2608 ""generalized myxedema""",DERMO:0002615,,False
DERMO:0002618,reticulated erythematous mucinosis,,midline mucinosis|REM|reticular erythematous mucinosis syndrome,,DERMO:0002604,,False
DERMO:0002619,papulonodular mucinosis associated with autoimmune connective tissue diseases,,,,DERMO:0002604,,False
DERMO:0002620,cutaneous focal mucinosis,,,"SNOMEDCT_US_2015_03_01:110981005 ""cutaneous focal mucinosis""|DERMLEX:2604 ""cutaneous focal mucinosis""",DERMO:0002604,,False
DERMO:0002621,digital mucous cyst,,cutaneous myxoid cust|digital myxoid cyst,"SNOMEDCT_US_2015_03_01:404098005 ""digital mucous cyst""|DERMLEX:4539 ""digital mucous cyst""",DERMO:0000828|DERMO:0002604,DERMO:0000840,False
DERMO:0002622,primary follicular mucinosis,,mucinosis follicularis|pinkus' follicular mucinosis - benign primary form,,DERMO:0002600,,False
DERMO:0002623,amyloidosis,,,"SNOMEDCT_US_2015_03_01:154769007 ""amyloidosis""|SNOMEDCT_US_2015_03_01:17602002 ""amyloidosis""|DOID:9120 ""amyloidosis""|HP:0011034 ""amyloidosis""|ICD10:E85 ""amyloidosis""|MP:0000604 ""amyloidosis""",DERMO:0002672,,False
DERMO:0002624,urticaria-like follicular mucinosis,,,,DERMO:0002622,,False
DERMO:0002625,mucinous nevus,,nevus mucinosus,"DERMLEX:1263 ""mucinous nevus""",DERMO:0002601,,False
DERMO:0002626,myxoma,,,"SNOMEDCT_US_2015_03_01:404082003 ""myxoma""|SNOMEDCT_US_2015_03_01:39143003 ""myxoma""|DERMLEX:1291 ""myxoma""|MP:0003391 ""myxoma""",DERMO:0002601,,False
DERMO:0002627,angiomyxoma,,,"SNOMEDCT_US_2015_03_01:404083008 ""angiomyxoma""|SNOMEDCT_US_2015_03_01:57723004 ""angiomyxoma""|DERMLEX:1370 ""angiomyxoma""",DERMO:0002626,,False
DERMO:0002628,epithelial secondary mucinosis,,,,DERMO:0002599,,False
DERMO:0002629,dermal secondary mucinosis,,,,DERMO:0002599,,False
DERMO:0002630,secondary follicular mucinosis,,,,DERMO:0002599,,False
DERMO:0002631,localized lichen myxedematosus in HIV-infected patients,,,,DERMO:0002606,,False
DERMO:0002632,localized lichen myxedematosus in toxic syndromes,,,,DERMO:0002606,,False
DERMO:0002633,localized lichen myxedematosus and HCV infection,,,,DERMO:0002606,,False
DERMO:0002634,atypical forms of lichen myxedematosus,,,,DERMO:0002606,,False
DERMO:0002635,scleredema diabeticorum,,,"DERMLEX:2272 ""scleredema""",DERMO:0002638,,False
DERMO:0002636,scleredema type 1,,,,DERMO:0002614,,False
DERMO:0002637,scleredema type 2,,,,DERMO:0002614,,False
DERMO:0002638,scleredema type 3,,,,DERMO:0002614,,False
DERMO:0002639,plaque-like cutaneous mucinosis,,,"DERMLEX:2607 ""reticular erythematosus mucinosis""",DERMO:0002618,,False
DERMO:0002640,papulonodular mucinosis associated with lupus erythematosus,,cutaneous lupus mucinosis|papular and nodular mucinosis of gold|papulonodular mucinosis in (systemic) lupus erythematosus,"DERMLEX:2609 ""papulonodular mucinosis associated with lupus erythematosus""",DERMO:0002619,,False
DERMO:0002641,miscellaneous dermal mucinosis,,,,DERMO:0002604,,False
DERMO:0002642,neuropathia mucinosa cutanea,,,,DERMO:0002641,,False
DERMO:0002643,atypical tuberous myxedema,,,,DERMO:0002641,,False
DERMO:0002644,perifollicular mucinosis,,,,DERMO:0002641,,False
DERMO:0002645,eccrine mucinosis,,,,DERMO:0002641,,False
DERMO:0002646,familial papular mucinosis,,,,DERMO:0002641,,False
DERMO:0002647,primary localized cutaneous amyloidosis,,,"SNOMEDCT_US_2015_03_01:61985005 ""primary localized cutaneous amyloidosis""|SNOMEDCT_US_2015_03_01:282834007 ""primary localized cutaneous amyloidosis""|DERMLEX:2931 ""cutaneous amyloidosis""",DERMO:0002664,,False
DERMO:0002648,secondary cutaneous amyloidosis,,,,DERMO:0002664,,False
DERMO:0002649,systemic amyloidosis,,,"SNOMEDCT_US_2015_03_01:89449005 ""systemic amyloidosis""",DERMO:0002623,,False
DERMO:0002650,primary systemic amyloidosis,,AL amyloidosis,"DERMLEX:2470 ""primary systemic amyloidosis""",DERMO:0002649,,False
DERMO:0002651,secondary systemic amyloidosis,,AA amyloidosis,"DERMLEX:2632 ""secondary systemic amyloidosis""|ICD10:E85.3 ""secondary systemic amyloidosis""",DERMO:0002649,,False
DERMO:0002652,macular amyloidosis,,,"DERMLEX:2622 ""macular amyloidosis""",DERMO:0002647,,False
DERMO:0002653,lichen amyloidosis,,lichen amyloidosus,"SNOMEDCT_US_2015_03_01:61985005 ""lichen amyloidosis""|SNOMEDCT_US_2015_03_01:282834007 ""lichen amyloidosis""|DERMLEX:2623 ""lichen amyloidosis""",DERMO:0002647,,False
DERMO:0002654,nodular amyloidosis,,,"SNOMEDCT_US_2015_03_01:402462008 ""nodular amyloidosis""|DERMLEX:2624 ""nodular amyloidosis""",DERMO:0002647,,False
DERMO:0002655,friction amyloidosis,,,"DERMLEX:3817 ""friction amyloidosis""",DERMO:0002647,,False
DERMO:0002656,biphasic amyloidosis,,,"DERMLEX:4550 ""biphasic amyloidosis""",DERMO:0002647,,False
DERMO:0002657,dyschromic amyloidosis,,dyschromic amyloidosis cutis,,DERMO:0000380|DERMO:0002647,,False
DERMO:0002658,hemodialysis-associated amyloidosis,,,"SNOMEDCT_US_2015_03_01:32599008 ""hemodialysis-associated amyloidosis""|DERMLEX:2634 ""hemodialysis-associated amyloidosis""",DERMO:0002649,,False
DERMO:0002659,inherited form of amyloidosis,,genetic form of amyloidosis,,DERMO:0002649,,False
DERMO:0002660,familial amyloid polyneuropathy,,,"SNOMEDCT_US_2015_03_01:42295001 ""familial amyloid polyneuropathy""|DERMLEX:2630 ""familial amyloid polyneuropathy""",DERMO:0002659,,False
DERMO:0002661,"familial amyloidosis, finnish type",,,,DERMO:0002659,,False
DERMO:0002662,cutaneous amyloidosis as a finding in skin tumor,,,,DERMO:0002648,,False
DERMO:0002663,cutaneous amyloidosis as a finding following PUVA therapy,,,,DERMO:0002648,,False
DERMO:0002664,organ-limited amyloidosis,,localized amyloidosis,"ICD10:E85.4 ""organ-limited amyloidosis""",DERMO:0002623,,False
DERMO:0002665,endocrine amyloidosis,,,,DERMO:0002664,,False
DERMO:0002666,cerebral amyloidosis,,,,DERMO:0002664,,False
DERMO:0002667,medullary carcinoma of the thyroid,,,,DERMO:0000622,DERMO:0002050,False
DERMO:0002668,insulinoma,,,"SNOMEDCT_US_2015_03_01:25324008 ""insulinoma""|SNOMEDCT_US_2015_03_01:302822000 ""insulinoma""|DOID:3892 ""insulinoma""|HP:0012197 ""insulinoma""|OMIM:606960 ""insulinoma""",DERMO:0000622,,False
DERMO:0002669,type 2 diabetes mellitus,,,"SNOMEDCT_US_2015_03_01:44054006 ""type 2 diabetes mellitus""|DOID:9352 ""type 2 diabetes mellitus""",DERMO:0000622,,False
DERMO:0002670,alzheimer's disease,,,"SNOMEDCT_US_2015_03_01:73768007 ""alzheimer's disease""|SNOMEDCT_US_2015_03_01:154998003 ""alzheimer's disease""|SNOMEDCT_US_2015_03_01:267688001 ""alzheimer's disease""|SNOMEDCT_US_2015_03_01:26929004 ""alzheimer's disease""|DOID:10652 ""alzheimer's disease""",DERMO:0002666,,False
DERMO:0002672,deposition disease,,,,DERMO:0000107,,False
DERMO:0002673,gout,,urate crystal arthropathy|urate deposition disease,"SNOMEDCT_US_2015_03_01:90560007 ""gout""|DERMLEX:2594 ""gout""|DOID:13189 ""gout""|HP:0001997 ""gout""|ICD10:M10 ""gout""",DERMO:0002672,,False
DERMO:0002674,pseudogout,,calcium gout|calcium pyrophosphate disease|chondrocalcinosis,"SNOMEDCT_US_2015_03_01:60782007 ""pseudogout""|SNOMEDCT_US_2015_03_01:156881000 ""pseudogout""|SNOMEDCT_US_2015_03_01:201637001 ""pseudogout""|SNOMEDCT_US_2015_03_01:201624004 ""pseudogout""|SNOMEDCT_US_2015_03_01:239834007 ""pseudogout""|SNOMEDCT_US_2015_03_01:268142006 ""pseudogout""|DERMLEX:4447 ""pseudogout""|DOID:1156 ""pseudogout""|HP:0000934 ""pseudogout""",DERMO:0002672,,False
DERMO:0002676,colloid milium,,colloid degeneration of the skin|elastosis colloidalis conglomerata|miliary colloidoma,"SNOMEDCT_US_2015_03_01:145009 ""colloid milium""|SNOMEDCT_US_2015_03_01:402684002 ""colloid milium""|DERMLEX:4091 ""colloid milium""",DERMO:0002672|DERMO:0002885,,False
DERMO:0002677,mucopolysaccharidosis,,,"SNOMEDCT_US_2015_03_01:11380006 ""mucopolysaccharidosis""|SNOMEDCT_US_2015_03_01:190936000 ""mucopolysaccharidosis""|SNOMEDCT_US_2015_03_01:267452003 ""mucopolysaccharidosis""|DOID:12798 ""mucopolysaccharidosis""",DERMO:0002672,,False
DERMO:0002679,plate-like osteoma cutis,,,"DERMLEX:4730 ""plate-like osteoma cutis""",DERMO:0000666,,False
DERMO:0002680,x-linked reticulate pigmentary disorder with systemic manifestations,,,,DERMO:0000362,,False
DERMO:0002681,gout by the overproduction of uric acid,,,,DERMO:0002673,,False
DERMO:0002682,gout by decreased excretion of uric acid,,,,DERMO:0002673,,False
DERMO:0002683,asymptomatic hyperuricemia,,,"SNOMEDCT_US_2015_03_01:190920002 ""asymptomatic hyperuricemia""",DERMO:0002673,,False
DERMO:0002684,acute gouty arthritis,,podagra,"SNOMEDCT_US_2015_03_01:24595009 ""acute gouty arthritis""|SNOMEDCT_US_2015_03_01:36009009 ""acute gouty arthritis""|HP:0001854 ""acute gouty arthritis""",DERMO:0002673,,False
DERMO:0002685,intercritical gout,,,"SNOMEDCT_US_2015_03_01:81875004 ""intercritical gout""|SNOMEDCT_US_2015_03_01:283839008 ""intercritical gout""",DERMO:0002673,,False
DERMO:0002686,chronic tophaceous gout,,,"SNOMEDCT_US_2015_03_01:73877009 ""chronic tophaceous gout""",DERMO:0002673,,False
DERMO:0002687,adult colloid milium,,,,DERMO:0002676,,False
DERMO:0002688,juvenile colloid milium,,,"SNOMEDCT_US_2015_03_01:238877001 ""juvenile colloid milium""|DERMLEX:2974 ""juvenile colloid milium""",DERMO:0002676,,False
DERMO:0002689,pigmented colloid milium,,,,DERMO:0002676,,False
DERMO:0002690,nodular colloid milium,,,,DERMO:0002676,,False
DERMO:0002691,"mucopolysaccharidosis 1, hurler type",,MPS 1 H,,DERMO:0002677,,False
DERMO:0002692,"mucopolysaccharidosis 1, hurler/scheie type",,MPS 1 H/S,,DERMO:0002677,,False
DERMO:0002693,"mucopolysaccharidosis 1, scheie type",,MPS 1 S,,DERMO:0002677,,False
DERMO:0002694,"mucopolysaccharidosis 2, hunter type",,MPS 2,,DERMO:0002677,,False
DERMO:0002695,mucopolysaccharidosis 3,,MPS 3,"DERMLEX:4460 ""mucopolysaccharidosi""",DERMO:0002677,,False
DERMO:0002696,mucopolysaccharidosis 3A,,MPS 3 sanfilippo A,,DERMO:0002695,,False
DERMO:0002697,mucopolysaccharidosis 3B,,MPS 3 sanfilippo B,,DERMO:0002695,,False
DERMO:0002698,mucopolysaccharidosis 3C,,MPS 3 sanfilippo C,,DERMO:0002695,,False
DERMO:0002699,mucopolysaccharidosis 3D,,MPS 3 sanfilippo D,,DERMO:0002695,,False
DERMO:0002700,mucopolysaccharidosis 4A,,MPS 4 morquio A,,DERMO:0002701,,False
DERMO:0002701,mucopolysaccharidosis 4,,,,DERMO:0002677,,False
DERMO:0002702,mucopolysaccharidosis 4B,,MPS 4 morquio B,,DERMO:0002701,,False
DERMO:0002703,mucopolysaccharidosis 6,,MPS maroteaux-lamy,,DERMO:0002677,,False
DERMO:0002704,mucopolysaccharidosis 7,,MPS sly,,DERMO:0002677,,False
DERMO:0002705,cutaneous porphyria,,,"DOID:13271 ""cutaneous porphyria""",DERMO:0000560,,False
DERMO:0002706,non-cutaneous porphyria,,,,DERMO:0000560,,False
DERMO:0002707,x-linked dominant protoporphyria,,XLDPP,,DERMO:0002705|DERMO:0002711,,False
DERMO:0002708,acute intermittent porphyria,,AIP,"SNOMEDCT_US_2015_03_01:90842001 ""acute intermittent porphyria""|SNOMEDCT_US_2015_03_01:190914003 ""acute intermittent porphyria""|SNOMEDCT_US_2015_03_01:234422006 ""acute intermittent porphyria""|DERMLEX:2574 ""acute intermittent porphyria""|DOID:2800 ""acute intermittent porphyria""|DOID:3890 ""acute intermittent porphyria""",DERMO:0002706|DERMO:0002710,,False
DERMO:0002709,ALA dehydratase deficiency porphyria,,doss porphyria|plumboporphyria,"SNOMEDCT_US_2015_03_01:64081000 ""ala dehydratase deficiency porphyria""",DERMO:0002706|DERMO:0002710,,False
DERMO:0002710,acute porphyria,,,"SNOMEDCT_US_2015_03_01:90842001 ""acute porphyria""|SNOMEDCT_US_2015_03_01:234422006 ""acute porphyria""|DERMLEX:2574 ""acute intermittent porphyria""|DOID:3133 ""acute porphyria""",DERMO:0000560,,False
DERMO:0002711,non-acute porphyria,,,,DERMO:0000560,,False
DERMO:0002712,porphyria cutanea tarda type 1,,acquired variant porphyria cutanea tarda|sporadic variant porphyria cutanea tarda,,DERMO:0000563,,False
DERMO:0002713,porphyria cutanea tarda type 2,,autosomal dominant familial porphyria cutanea tarda|hereditary porphyria cutanea tarda,,DERMO:0000563,,False
DERMO:0002714,pseudoporphyria,,bullous dermatosis of dialysis|pseudoporphyria cutanea tarda,"SNOMEDCT_US_2015_03_01:95565000 ""pseudoporphyria""|DERMLEX:2580 ""pseudoporphyria""",DERMO:0000560,,False
DERMO:0002715,drug-induced pseudoporphyria,,,"SNOMEDCT_US_2015_03_01:238987003 ""drug-induced pseudoporphyria""|SNOMEDCT_US_2015_03_01:239000007 ""drug-induced pseudoporphyria""",DERMO:0002714,,False
DERMO:0002716,calcifying or ossifying disorder of the skin,,,,DERMO:0002672,,False
DERMO:0002717,disease with cutaneous ossification,,osteoma cutis,,DERMO:0002716,,False
DERMO:0002718,disease with cutaneous calcification,,calcinosis cutis,"ICD10:L94.2 ""disease with cutaneous calcification""",DERMO:0002716,,False
DERMO:0002719,dystrophic cutaneous calcification,,,,DERMO:0002718,,False
DERMO:0002720,calcinosis universalis,,,"SNOMEDCT_US_2015_03_01:66924005 ""calcinosis universalis""|SNOMEDCT_US_2015_03_01:190870003 ""calcinosis universalis""|DERMLEX:2688 ""widespread dystrophic calcification""",DERMO:0002719,,False
DERMO:0002721,metastatic cutaneous calcification,,,,DERMO:0002718,,False
DERMO:0002722,benign nodular calcification,,,"DERMLEX:2703 ""benign nodular calcification""",DERMO:0002721,,False
DERMO:0002723,calciphylaxis,,calcific uremic arteriolopathy|calcifying panniculitis|uremic gangrene syndrome,"SNOMEDCT_US_2015_03_01:237900002 ""calciphylaxis""|DERMLEX:2701 ""calciphylaxis""|DOID:4734 ""calciphylaxis""",DERMO:0002721,,False
DERMO:0002724,milk-alkali syndrome,,,"SNOMEDCT_US_2015_03_01:43258006 ""milk-alkali syndrome""",DERMO:0002740,,False
DERMO:0002725,hypervitaminosis D,,,"SNOMEDCT_US_2015_03_01:190969000 ""hypervitaminosis d""|SNOMEDCT_US_2015_03_01:27712000 ""hypervitaminosis d""|DOID:9971 ""hypervitaminosis d""|ICD10:E67.3 ""hypervitaminosis d""",DERMO:0002740,,False
DERMO:0002726,idiopathic cutaneous calcification,,,,DERMO:0002718,,False
DERMO:0002727,idiopathic calcified nodules of the scrotum,,,,DERMO:0002726,,False
DERMO:0002728,subepidermal calcified nodule,,solitary congenital nodular calcification|winer's nodular calcinosis,"SNOMEDCT_US_2015_03_01:703086002 ""subepidermal calcified nodule""|DERMLEX:2715 ""subepidermal calcified nodule""",DERMO:0002726,,False
DERMO:0002729,tumoral calcinosis,,,"SNOMEDCT_US_2015_03_01:61778004 ""tumoral calcinosis""|DERMLEX:2718 ""tumoral calcinosis""",DERMO:0002726,,False
DERMO:0002730,milia-like calcinosis,,,,DERMO:0002726,,False
DERMO:0002731,iatrogenic cutaneous calcinosis,,,,DERMO:0002718,,False
DERMO:0002732,transient iatrogenic cutaneous calcinosis,,,,DERMO:0002731,,False
DERMO:0002733,miliary osteomas of the face,,,,DERMO:0002717,,False
DERMO:0002734,secondary cutaneous ossification,,,"DERMLEX:2721 ""secondary cutaneous ossification""",DERMO:0002717,,False
DERMO:0002735,nutritional disease with cutaneous findings,,,,DERMO:0000107,,False
DERMO:0002736,protein-energy malnutrition,,,"SNOMEDCT_US_2015_03_01:72608005 ""protein-energy malnutrition""|SNOMEDCT_US_2015_03_01:238107002 ""protein-energy malnutrition""|DOID:11801 ""protein-energy malnutrition""",DERMO:0002735,,False
DERMO:0002737,marasmus,,,"SNOMEDCT_US_2015_03_01:154730001 ""marasmus""|SNOMEDCT_US_2015_03_01:267495004 ""marasmus""|DERMLEX:2770 ""marasmus""|DOID:12328 ""marasmus""",DERMO:0002736,,False
DERMO:0002738,essential fatty acid deficiency,,,"SNOMEDCT_US_2015_03_01:190670001 ""essential fatty acid deficiency""|SNOMEDCT_US_2015_03_01:238114000 ""essential fatty acid deficiency""|DERMLEX:2731 ""essential fatty acid deficiency""",DERMO:0002735,,False
DERMO:0002739,vitamin or trace element deficiency,,,,DERMO:0002735,,False
DERMO:0002740,vitamin or trace element excess,,,,DERMO:0002735,,False
DERMO:0002741,carotenemia,,,"SNOMEDCT_US_2015_03_01:35487009 ""carotenemia""|DERMLEX:2754 ""carotenemia""|DOID:9969 ""carotenemia""",DERMO:0002740,,False
DERMO:0002742,lycopenia,,lycopenodermia,,DERMO:0002740,,False
DERMO:0002743,zinc deficiency,,,"SNOMEDCT_US_2015_03_01:238124008 ""zinc deficiency""|SNOMEDCT_US_2015_03_01:367102002 ""zinc deficiency""|DERMLEX:2756 ""zinc deficiency""",DERMO:0002739,,False
DERMO:0002744,acquired zinc deficiency,,,,DERMO:0002743,,False
DERMO:0002745,copper deficiency,,,"SNOMEDCT_US_2015_03_01:190662006 ""copper deficiency""|SNOMEDCT_US_2015_03_01:19577007 ""copper deficiency""|ICD10:E61.0 ""copper deficiency""",DERMO:0002739,,False
DERMO:0002746,menkes disease,,kinky hair disease|x-linked recessive copper deficiency syndrome,"SNOMEDCT_US_2015_03_01:59178007 ""menkes disease""|DOID:1838 ""menkes disease""|OMIM:300011 ""menkes disease""",DERMO:0002745|DERMO:0003401,,False
DERMO:0002747,copper toxicity,,,,DERMO:0002740,,False
DERMO:0002748,selenium deficiency,,,"SNOMEDCT_US_2015_03_01:83920001 ""selenium deficiency""",DERMO:0002739,,False
DERMO:0002749,selenosis,,,,DERMO:0002740,,False
DERMO:0002750,anorexia nervosa,,,"SNOMEDCT_US_2015_03_01:154926005 ""anorexia nervosa""|SNOMEDCT_US_2015_03_01:192445002 ""anorexia nervosa""|SNOMEDCT_US_2015_03_01:56882008 ""anorexia nervosa""|DERMLEX:2736 ""anorexia nervosa""|DOID:8689 ""anorexia nervosa""|ICD10:F50.0 ""anorexia nervosa""",DERMO:0002735,,False
DERMO:0002751,bulimia nervosa,,,"SNOMEDCT_US_2015_03_01:78004001 ""bulimia nervosa""|DERMLEX:2737 ""bulimia nervosa""|DOID:12129 ""bulimia nervosa""|ICD10:F50.2 ""bulimia nervosa""",DERMO:0002735,,False
DERMO:0002752,obesity,,,"SNOMEDCT_US_2015_03_01:5476005 ""obesity""|SNOMEDCT_US_2015_03_01:154776002 ""obesity""|SNOMEDCT_US_2015_03_01:414916001 ""obesity""|SNOMEDCT_US_2015_03_01:190963004 ""obesity""|DOID:9970 ""obesity""|HP:0001513 ""obesity""|ICD10:E66 ""obesity""|MP:0001261 ""obesity""",DERMO:0002735,,False
DERMO:0002754,chronic graft-versus-host disease,,cGVHD,"SNOMEDCT_US_2015_03_01:402356004 ""chronic graft-versus-host disease""",DERMO:0000455,,False
DERMO:0002755,early-onset chronic graft-versus-host disease,,,,DERMO:0002754,,False
DERMO:0002756,late-onset chronic graft-versus-host disease,,,,DERMO:0002754,,False
DERMO:0002757,stage 1 acute graft-versus-host disease,,,,DERMO:0001773,,False
DERMO:0002758,stage 2 acute graft-versus-host disease,,,,DERMO:0001773,,False
DERMO:0002759,stage 4 acute graft-versus-host disease,,,,DERMO:0001773,,False
DERMO:0002760,stage 3 acute graft-versus-host disease,,,,DERMO:0001773,,False
DERMO:0002761,overlap chronic graft-versus-host disease,,,,DERMO:0002754,,False
DERMO:0002762,delayed acute graft-versus-host disease,,,,DERMO:0001773,,False
DERMO:0002763,systemic disease with dermatologic manifestations,,,,,,True
DERMO:0002764,cutaneous rheumatological disorder,,,,,,True
DERMO:0002765,amebiasis,,,"SNOMEDCT_US_2015_03_01:387754006 ""amebiasis""|SNOMEDCT_US_2015_03_01:388759003 ""amebiasis""|SNOMEDCT_US_2015_03_01:111910009 ""amebiasis""|SNOMEDCT_US_2015_03_01:111909004 ""amebiasis""|SNOMEDCT_US_2015_03_01:154274000 ""amebiasis""|DERMLEX:401 ""amebiasis""|DOID:9181 ""amebiasis""",DERMO:0002470,,False
DERMO:0002766,balamuthia mandrillaris infection,,,,DERMO:0002470,,False
DERMO:0002767,trypanosomiasis,,,"SNOMEDCT_US_2015_03_01:78940002 ""trypanosomiasis""|SNOMEDCT_US_2015_03_01:154375001 ""trypanosomiasis""|SNOMEDCT_US_2015_03_01:266205000 ""trypanosomiasis""|DERMLEX:400 ""trypanosomiasis""|DOID:10113 ""trypanosomiasis""",DERMO:0002450,,False
DERMO:0002768,american trypanosomiasis,,chagas disease|chagas-mazza disease,"SNOMEDCT_US_2015_03_01:77506005 ""american trypanosomiasis""|DERMLEX:412 ""american trypanosomiasis""|DOID:12140 ""american trypanosomiasis""|ICD10:B57 ""american trypanosomiasis""",DERMO:0002767,,False
DERMO:0002769,african trypanosomiasis,,african sleeping sickness,"SNOMEDCT_US_2015_03_01:27031003 ""african trypanosomiasis""|DERMLEX:411 ""african trypanosomiasis""|DOID:10112 ""african trypanosomiasis""|ICD10:B56 ""african trypanosomiasis""",DERMO:0002767,,False
DERMO:0002770,west african trypanosomiasis,,,"DOID:10116 ""west african trypanosomiasis""",DERMO:0002769,,False
DERMO:0002771,east african trypanosomiasis,,,"DOID:10114 ""east african trypanosomiasis""",DERMO:0002769,,False
DERMO:0002772,toxoplasmosis,,,"SNOMEDCT_US_2015_03_01:9399000 ""toxoplasmosis""|SNOMEDCT_US_2015_03_01:154423006 ""toxoplasmosis""|SNOMEDCT_US_2015_03_01:187192000 ""toxoplasmosis""|SNOMEDCT_US_2015_03_01:266225001 ""toxoplasmosis""|DERMLEX:402 ""toxoplasmosis""|DOID:9965 ""toxoplasmosis""|ICD10:B58 ""toxoplasmosis""",DERMO:0002470,,False
DERMO:0002773,acquired toxoplasmosis,,,,DERMO:0002772,,False
DERMO:0002774,congenital toxoplasmosis,,,"SNOMEDCT_US_2015_03_01:73893000 ""congenital toxoplasmosis""|SNOMEDCT_US_2015_03_01:157118007 ""congenital toxoplasmosis""|SNOMEDCT_US_2015_03_01:206335001 ""congenital toxoplasmosis""|SNOMEDCT_US_2015_03_01:268875000 ""congenital toxoplasmosis""|DOID:13336 ""congenital toxoplasmosis""|ICD10:P37.1 ""congenital toxoplasmosis""",DERMO:0002772,,False
DERMO:0002775,acute acquired toxoplasmosis,,,,DERMO:0002773,,False
DERMO:0002776,chronic acquired toxoplasmosis,,,,DERMO:0002773,,False
DERMO:0002777,enterobiasis,,,"SNOMEDCT_US_2015_03_01:154412007 ""enterobiasis""|SNOMEDCT_US_2015_03_01:19722001 ""enterobiasis""|SNOMEDCT_US_2015_03_01:266162007 ""enterobiasis""|SNOMEDCT_US_2015_03_01:266221005 ""enterobiasis""|DERMLEX:430 ""enterobiasis""|DOID:7457 ""enterobiasis""|ICD10:B80 ""enterobiasis""",DERMO:0002449,,False
DERMO:0002778,ancylostomiasis,,,"SNOMEDCT_US_2015_03_01:63479002 ""ancylostomiasis""|SNOMEDCT_US_2015_03_01:85807000 ""ancylostomiasis""|DERMLEX:419 ""hookworm infection""|DOID:12841 ""ancylostomiasis""|ICD10:B76.0 ""ancylostomiasis""",DERMO:0002449,,False
DERMO:0002779,strongyloidiasis,,,"SNOMEDCT_US_2015_03_01:1214006 ""strongyloidiasis""|DERMLEX:431 ""strongyloidiasis""|DOID:10955 ""strongyloidiasis""|ICD10:B78 ""strongyloidiasis""",DERMO:0002321|DERMO:0002449,DERMO:0002323,False
DERMO:0002780,loiasis,,,"SNOMEDCT_US_2015_03_01:44250009 ""loiasis""|DERMLEX:422 ""loiasis""|DOID:13523 ""loiasis""|ICD10:B74.3 ""loiasis""",DERMO:0002449,,False
DERMO:0002781,dirofilariasis,,,"SNOMEDCT_US_2015_03_01:73328005 ""dirofilariasis""|DERMLEX:432 ""dirofilariasis""|DOID:1082 ""dirofilariasis""",DERMO:0002449,,False
DERMO:0002782,dracunculiasis,,,"SNOMEDCT_US_2015_03_01:396334002 ""dracunculiasis""|SNOMEDCT_US_2015_03_01:48874008 ""dracunculiasis""|DERMLEX:424 ""dracunculiasis""|DOID:14418 ""dracunculiasis""|ICD10:B72 ""dracunculiasis""",DERMO:0002449,,False
DERMO:0002783,trichinosis,,,"SNOMEDCT_US_2015_03_01:88264003 ""trichinosis""|SNOMEDCT_US_2015_03_01:154415009 ""trichinosis""|SNOMEDCT_US_2015_03_01:709018004 ""trichinosis""|SNOMEDCT_US_2015_03_01:266222003 ""trichinosis""|DERMLEX:433 ""trichinosis""|DOID:9784 ""trichinosis""",DERMO:0002449,,False
DERMO:0002784,toxocariasis,,visceral larva migrans,"SNOMEDCT_US_2015_03_01:406619001 ""toxocariasis""|SNOMEDCT_US_2015_03_01:76695000 ""toxocariasis""|SNOMEDCT_US_2015_03_01:38995001 ""toxocariasis""|DERMLEX:416 ""visceral larva migrans""|DOID:9790 ""toxocariasis""|ICD10:B83.0 ""toxocariasis""",DERMO:0002449,,False
DERMO:0002785,sparaganosis,,,,DERMO:0002449,,False
DERMO:0002786,fascioliasis,,,"SNOMEDCT_US_2015_03_01:111922007 ""fascioliasis""|SNOMEDCT_US_2015_03_01:187125007 ""fascioliasis""|DOID:885 ""fascioliasis""|ICD10:B66.3 ""fascioliasis""",DERMO:0002449,,False
DERMO:0002787,paragonimiasis,,,"SNOMEDCT_US_2015_03_01:30369007 ""paragonimiasis""|DOID:10699 ""paragonimiasis""|ICD10:B66.4 ""paragonimiasis""",DERMO:0002449,,False
DERMO:0002788,cutaneous larva migrans,,creeping eruption,"SNOMEDCT_US_2015_03_01:19362000 ""cutaneous larva migrans""|DERMLEX:417 ""cutaneous larva migrans""|DOID:3106 ""cutaneous larva migrans""",DERMO:0002449,,False
DERMO:0002789,onchoceriasis,,craw-craw|enfermedad de robles|erysipelas de la costa|river blindness,"DOID:11680 ""onchoceriasis""",DERMO:0002449,DERMO:0000254,False
DERMO:0002790,filariasis,,elephantiasis|lymphatic filariasis,"SNOMEDCT_US_2015_03_01:105706003 ""filariasis""|SNOMEDCT_US_2015_03_01:50342004 ""filariasis""|DOID:1080 ""filariasis""|DOID:4976 ""filariasis""|ICD10:B74 ""filariasis""",DERMO:0002449,,False
DERMO:0002791,bancroftian filariasis,,,"SNOMEDCT_US_2015_03_01:77947001 ""bancroftian filariasis""|DOID:12210 ""bancroftian filariasis""",DERMO:0002790,,False
DERMO:0002792,malayan filariasis,,,"SNOMEDCT_US_2015_03_01:76999009 ""malayan filariasis""|DOID:14421 ""malayan filariasis""",DERMO:0002790,,False
DERMO:0002793,schistosomiasis,,bilharziasis,"SNOMEDCT_US_2015_03_01:10087007 ""schistosomiasis""|SNOMEDCT_US_2015_03_01:154415009 ""schistosomiasis""|SNOMEDCT_US_2015_03_01:266222003 ""schistosomiasis""|DERMLEX:426 ""schistosomiasis""|DOID:1395 ""schistosomiasis""",DERMO:0002449,,False
DERMO:0002794,swimmer's itch,,cercarial dermatitis|clam digger's itch,"SNOMEDCT_US_2015_03_01:86711009 ""swimmer's itch""|SNOMEDCT_US_2015_03_01:187115002 ""swimmer's itch""|DOID:11302 ""swimmer's itch""|ICD10:B65.3 ""swimmer's itch""",DERMO:0002793,,False
DERMO:0002795,katayama fever,,bilharizides|schistosomides,"SNOMEDCT_US_2015_03_01:240788003 ""katayama fever""|SNOMEDCT_US_2015_03_01:268981007 ""katayama fever""|DERMLEX:451 ""katayama fever""|DOID:0050597 ""katayama fever""",DERMO:0002793,,False
DERMO:0002796,late non-specific allergic dermatitis,,,,DERMO:0002793,,False
DERMO:0002797,perigenital infiltrative granulomas,,BCT|bilharziasis cutanea tarda,,DERMO:0002793,,False
DERMO:0002798,extragenital infiltrative lesions,,E-BCT|extragenital bilharziasis cutanea tarda,,DERMO:0002793,,False
DERMO:0002799,cysticercosis,,,"SNOMEDCT_US_2015_03_01:59051007 ""cysticercosis""|DERMLEX:436 ""cysticercosis""|DOID:10079 ""cysticercosis""|ICD10:B69 ""cysticercosis""",DERMO:0002449,,False
DERMO:0002800,echinococcosis,,hydatid disease|hydatidosis,"SNOMEDCT_US_2015_03_01:74942003 ""echinococcosis""|SNOMEDCT_US_2015_03_01:154414008 ""echinococcosis""|DOID:1496 ""echinococcosis""|ICD10:B67 ""echinococcosis""",DERMO:0002449,,False
DERMO:0002801,neurocysticercosis,,,"SNOMEDCT_US_2015_03_01:230215006 ""neurocysticercosis""|DOID:10079 ""neurocysticercosis""",DERMO:0002799,,False
DERMO:0002802,skin disorder caused by infestation,,,,DERMO:0000110,,False
DERMO:0002803,head lice,,"\""cooties\""|nits|pediculosis capitis","SNOMEDCT_US_2015_03_01:81000006 ""head lice""|DERMLEX:465 ""pediculosis capitis""",DERMO:0000120,,False
DERMO:0002804,crab lice,,"\""crabs\""|pediculosis pubis|pubic lice","DERMLEX:467 ""pediculosis pubis""|DOID:13760 ""crab lice""",DERMO:0000120,,False
DERMO:0002805,body lice,,clothing lice|pediculosis corporis,"SNOMEDCT_US_2015_03_01:25188002 ""body lice""|SNOMEDCT_US_2015_03_01:84936006 ""body lice""|DERMLEX:466 ""pediculosis corporis""",DERMO:0000120,,False
DERMO:0002806,tungiasis,,burrowing flea infestation|chigoe flea infestation|jigger flea infestation|sand flea infestation,"SNOMEDCT_US_2015_03_01:64612002 ""tungiasis""|SNOMEDCT_US_2015_03_01:187225003 ""tungiasis""|DERMLEX:3626 ""tungiasis""|DOID:0050266 ""tungiasis""",DERMO:0002802|DERMO:0002817,,False
DERMO:0002807,cutaneous myiasis,,blowfly infestation|botfly infestation|fleshfly infestation|maggot skin infestation,"SNOMEDCT_US_2015_03_01:187219002 ""cutaneous myiasis""|SNOMEDCT_US_2015_03_01:240877000 ""cutaneous myiasis""|SNOMEDCT_US_2015_03_01:33368000 ""cutaneous myiasis""|ICD10:B87.0 ""cutaneous myiasis""",DERMO:0002802,,False
DERMO:0002808,wound myiasis,,,"SNOMEDCT_US_2015_03_01:187220008 ""wound myiasis""|SNOMEDCT_US_2015_03_01:240880004 ""wound myiasis""|ICD10:B87.1 ""wound myiasis""",DERMO:0002807,,False
DERMO:0002809,furuncular myiasis,,,,DERMO:0002807,,False
DERMO:0002810,skin disorder caused by bites,,,,DERMO:0000110,,False
DERMO:0002811,skin disorder caused by insect bites,,,,DERMO:0002810,,False
DERMO:0002812,fire ant bites,,,,DERMO:0002811,,False
DERMO:0002813,bedbug bites,,,,DERMO:0002811,,False
DERMO:0002814,triatome reduviid bites,,assassin bug bites|kissing bug bites|reduviid bug bites,,DERMO:0002811,,False
DERMO:0002815,blister beetle bites,,spanish fly bites,,DERMO:0002811,,False
DERMO:0002816,rove beetle bites,,nairobi eye,,DERMO:0002815,,False
DERMO:0002817,flea bites,,,"SNOMEDCT_US_2015_03_01:210984001 ""flea bites""|SNOMEDCT_US_2015_03_01:262551003 ""flea bites""|SNOMEDCT_US_2015_03_01:367138009 ""flea bites""",DERMO:0002811,,False
DERMO:0002818,lepidopterism,,caterpillar dermatitis,,DERMO:0002811,,False
DERMO:0002819,ophthalmia nodosa,,,"SNOMEDCT_US_2015_03_01:12371008 ""ophthalmia nodosa""|DOID:9722 ""ophthalmia nodosa""",DERMO:0002818,,False
DERMO:0002820,skin disorder caused by arachnid bites or stings,,,,DERMO:0002810,,False
DERMO:0002821,skin disorder caused by tick bites,,,,DERMO:0002820,,False
DERMO:0002822,amblyomma tick bite,,lone star tick bite,,DERMO:0002821,,False
DERMO:0002823,dermacentor tick bite,,,,DERMO:0002821,,False
DERMO:0002824,dermacentor andersoni tick bite,,rocky mountain wood tick bite,,DERMO:0002823,,False
DERMO:0002825,dermacentor variabilis tick bite,,american dog tick bite,,DERMO:0002823,,False
DERMO:0002826,rhipicephalus tick bite,,brown dog tick bite,,DERMO:0002821,,False
DERMO:0002827,ixodes tick bite,,black-legged tick bite|deer tick bite,,DERMO:0002821,,False
DERMO:0002828,skin disorder caused by mites,,,,DERMO:0002820,,False
DERMO:0002829,chigger  bites,,,,DERMO:0002828,,False
DERMO:0002830,summer penile syndrome,,,,DERMO:0002829,,False
DERMO:0002831,cheyletiella bites,,,,DERMO:0002828,,False
DERMO:0002832,skin disorder caused by spider bites or stings,,,,DERMO:0002820,,False
DERMO:0002833,widow spider bites,,,,DERMO:0002832,,False
DERMO:0002834,loxosceles spider bites,,,,DERMO:0002832,,False
DERMO:0002835,brown recluse spider bite,,,"DERMLEX:3643 ""brown recluse spider bite""",DERMO:0002834,,False
DERMO:0002836,funnel web spider bite,,,,DERMO:0002832,,False
DERMO:0002837,tegenaria agrestis bite,,aggressive house spider bite|hobo spider bite,,DERMO:0002836,,False
DERMO:0002838,tarantula urticating hair sting,,,,DERMO:0002832,,False
DERMO:0002839,skin disorder caused by scorpion stings,,,,DERMO:0002820,,False
DERMO:0002840,skin disorder caused by centipede bites,,,,DERMO:0002810,,False
DERMO:0002841,millipede irritant contact dermatitis,,,,DERMO:0001342,,False
DERMO:0002842,skin disorder caused by snake bites,,,,DERMO:0002810,,False
DERMO:0002843,skin disorder caused by dog or cat bites,,,,DERMO:0002810,,False
DERMO:0002844,skin disorder caused by leech attachment,,,,DERMO:0002810,,False
DERMO:0002845,skin disorder caused by marine organism contact,,,,DERMO:0000110,,False
DERMO:0002846,jellyfish sting,,,"SNOMEDCT_US_2015_03_01:157932005 ""jellyfish sting""|SNOMEDCT_US_2015_03_01:274920002 ""jellyfish sting""",DERMO:0002845,,False
DERMO:0002847,sea urchin sting,,,,DERMO:0002845,,False
DERMO:0002848,seabather's eruption,,sea lice infestation,,DERMO:0002845,,False
DERMO:0002849,coral cut,,,,DERMO:0002845,,False
DERMO:0002850,ghost anemone contact,,,,DERMO:0002845,,False
DERMO:0002851,seaweed dermatitis,,,"DERMLEX:3576 ""seaweed dermatitis""",DERMO:0002845,,False
DERMO:0002852,sea sponge contact dermatits,,,,DERMO:0002845,,False
DERMO:0002853,sponge diver's disease,,,,DERMO:0002845,,False
DERMO:0002854,cephalopod sting,,,,DERMO:0002845,,False
DERMO:0002855,gastropod sting,,,,DERMO:0002845,,False
DERMO:0002856,stingray injury,,,,DERMO:0002845,,False
DERMO:0002857,scorpionfish sting,,,,DERMO:0002845,,False
DERMO:0002858,lionfish sting,,,"DERMLEX:4422 ""lionfish sting""",DERMO:0002857,,False
DERMO:0002859,stonefish sting,,,"DERMLEX:3540 ""stonefish sting""",DERMO:0002857,,False
DERMO:0002860,true scorpionfish sting,,,,DERMO:0002857,,False
DERMO:0002861,catfish spine sting,,,,DERMO:0002845,,False
DERMO:0002862,disorder caused by ultraviolet light,,,,DERMO:0000111,,False
DERMO:0002863,skin tanning,,skin pigment darkening,"SNOMEDCT_US_2015_03_01:60386007 ""skin tanning""",DERMO:0002862,,False
DERMO:0002864,sunburn,,acute inflammatory erythema,"SNOMEDCT_US_2015_03_01:156345009 ""sunburn""|SNOMEDCT_US_2015_03_01:403194002 ""sunburn""|SNOMEDCT_US_2015_03_01:23346002 ""sunburn""|SNOMEDCT_US_2015_03_01:267844006 ""sunburn""|DERMLEX:4080 ""solar erythema""|ICD10:L55 ""sunburn""",DERMO:0002862,,False
DERMO:0002865,dermatoheliosis,,photoaging,"SNOMEDCT_US_2015_03_01:43982006 ""dermatoheliosis""|DERMLEX:4090 ""dermatoheliosis""",DERMO:0002885,,False
DERMO:0002866,photodermatoloic disorder,,,,DERMO:0002862,,False
DERMO:0002867,photocarcinogenesis disorder,,,,DERMO:0002862,,False
DERMO:0002868,immunologically mediated photodermatologic disorder,,,,DERMO:0002866,,False
DERMO:0002869,inherited defective DNA repair disorder,,,,DERMO:0002866,,False
DERMO:0002870,photoaggravated dermatosis,,,,DERMO:0002866,,False
DERMO:0002871,chemical- or drug-induced photosensitivity,,,,DERMO:0002866,,False
DERMO:0002872,polymorphic light eruption,,PMLE|polymorphous light eruption,"SNOMEDCT_US_2015_03_01:200860003 ""polymorphic light eruption""|SNOMEDCT_US_2015_03_01:238525001 ""polymorphic light eruption""|ICD10:L56.4 ""polymorphic light eruption""",DERMO:0002868,,False
DERMO:0002873,benign summer light eruption,,,,DERMO:0002872,,False
DERMO:0002874,juvenile spring eruption,,,"SNOMEDCT_US_2015_03_01:238526000 ""juvenile spring eruption""",DERMO:0002872,,False
DERMO:0002875,actinic prurigo,,hutchinson's summer prurigo|hydroa aestivale,"SNOMEDCT_US_2015_03_01:201015007 ""actinic prurigo""|SNOMEDCT_US_2015_03_01:27687007 ""actinic prurigo""|DERMLEX:2187 ""actinic prurigo""",DERMO:0002868,,False
DERMO:0002876,familial polymorphous light eruption of american indians,,,,DERMO:0002875,,False
DERMO:0002877,hydroa vacciniforme,,bazin's hydroa vacciniforme|HV,"SNOMEDCT_US_2015_03_01:200837006 ""hydroa vacciniforme""|SNOMEDCT_US_2015_03_01:27687007 ""hydroa vacciniforme""|DERMLEX:4085 ""hydroa vacciniforme""",DERMO:0002868,,False
DERMO:0002878,actinic reticuloid,,,"SNOMEDCT_US_2015_03_01:52636001 ""actinic reticuloid""|DERMLEX:2129 ""chronic actinic dermatitis""|ICD10:L57.1 ""actinic reticuloid""",DERMO:0000440,,False
DERMO:0002879,photosensitivity dermatitis,,,"SNOMEDCT_US_2015_03_01:22649008 ""photosensitivity dermatitis""",DERMO:0000440,,False
DERMO:0002880,photosensitive eczema,,,,DERMO:0000440,,False
DERMO:0002881,solar urticaria,,,"SNOMEDCT_US_2015_03_01:390005009 ""solar urticaria""|SNOMEDCT_US_2015_03_01:10347006 ""solar urticaria""|SNOMEDCT_US_2015_03_01:200859008 ""solar urticaria""|SNOMEDCT_US_2015_03_01:238696000 ""solar urticaria""|DERMLEX:1936 ""solar urticaria""|ICD10:L56.3 ""solar urticaria""",DERMO:0002868|DERMO:0003075,,False
DERMO:0002882,UV-sensitive syndrome,,UVsS,,DERMO:0002869,,False
DERMO:0002883,inherited disorder with chromosome instability,,,,DERMO:0002866,,False
DERMO:0002884,kindler syndrome,,bullous acrokeratotic poikiloderma of kindler and weary|congenital poikiloderma with blisters and keratoses|congenital poikiloderma with bullae and progressive cutaneous atrophy|hereditary acrokeratotic poikiloderma|kindler-weary syndrome,"SNOMEDCT_US_2015_03_01:238836000 ""kindler syndrome""|DERMLEX:3501 ""kindler syndrome""|OMIM:607900 ""kindler syndrome""",DERMO:0000644|DERMO:0002866,,False
DERMO:0002885,disorder of chronic exposure to UV light,,,,DERMO:0002862,,False
DERMO:0002886,epidermal hyperplasia,,,"MP:0001222 ""epidermal hyperplasia""",DERMO:0002862,,False
DERMO:0002887,solar elastosis,,,"SNOMEDCT_US_2015_03_01:43982006 ""solar elastosis""|DERMLEX:2251 ""solar elastosis""",DERMO:0002885,,False
DERMO:0002888,poikiloderma of civatte,,,"SNOMEDCT_US_2015_03_01:200864007 ""poikiloderma of civatte""|SNOMEDCT_US_2015_03_01:45265000 ""poikiloderma of civatte""|DERMLEX:4444 ""poikiloderma of civatte""|ICD10:L57.3 ""poikiloderma of civatte""",DERMO:0002885,,False
DERMO:0002889,favre-racouchot syndrome,,,"SNOMEDCT_US_2015_03_01:111200005 ""favre-racouchot syndrome""|DERMLEX:2252 ""nodular elastosis""",DERMO:0002885,,False
DERMO:0002890,environmental or sports-related skin disease,,,,DERMO:0000111,,False
DERMO:0002891,injury due to heat exposure,,,,DERMO:0002890,,False
DERMO:0002892,heat-realted illness,,,,DERMO:0002891,,False
DERMO:0002893,heat cramps,,,"SNOMEDCT_US_2015_03_01:87108006 ""heat cramps""",DERMO:0002892,,False
DERMO:0002894,heat syncope,,,"SNOMEDCT_US_2015_03_01:89797005 ""heat syncope""|SNOMEDCT_US_2015_03_01:269424004 ""heat syncope""|ICD10:T67.1 ""heat syncope""",,,True
DERMO:0002895,heat edema,,,"SNOMEDCT_US_2015_03_01:157728007 ""heat edema""|SNOMEDCT_US_2015_03_01:55017000 ""heat edema""",DERMO:0002892,,False
DERMO:0002896,heat exhaustion,,,"SNOMEDCT_US_2015_03_01:95868006 ""heat exhaustion""|SNOMEDCT_US_2015_03_01:157726006 ""heat exhaustion""|SNOMEDCT_US_2015_03_01:269277006 ""heat exhaustion""|SNOMEDCT_US_2015_03_01:52072009 ""heat exhaustion""",DERMO:0002892,,False
DERMO:0002897,heat stroke,,,"SNOMEDCT_US_2015_03_01:52072009 ""heat stroke""",DERMO:0002892,,False
DERMO:0002898,thermal burn,,,"SNOMEDCT_US_2015_03_01:105594005 ""thermal burn""|SNOMEDCT_US_2015_03_01:314534006 ""thermal burn""|SNOMEDCT_US_2015_03_01:48333001 ""thermal burn""",DERMO:0002891|DERMO:0002976,,False
DERMO:0002899,first degree thermal burn,,,,DERMO:0002898,,False
DERMO:0002900,second degree thermal burn - superficial,,,,DERMO:0002898,,False
DERMO:0002901,third degree thermal burn,,,,DERMO:0002898,,False
DERMO:0002902,second degree thermal burn - deep,,,,DERMO:0002898,,False
DERMO:0002903,erythema ab igne,,EAI|fire stains|toasted skin syndrome,"SNOMEDCT_US_2015_03_01:77140003 ""erythema ab igne""|SNOMEDCT_US_2015_03_01:156367005 ""erythema ab igne""|SNOMEDCT_US_2015_03_01:200866009 ""erythema ab igne""|SNOMEDCT_US_2015_03_01:238510001 ""erythema ab igne""|DERMLEX:4048 ""erythema ab igne""",DERMO:0002891,,False
DERMO:0002904,burn associated with fluoroscopy or MRI,,,,DERMO:0002891,,False
DERMO:0002905,airbag burn,,,,DERMO:0002891,,False
DERMO:0002906,injury due to cold exposure,,,,DERMO:0002890,,False
DERMO:0002907,frostbite,,,"SNOMEDCT_US_2015_03_01:370977006 ""frostbite""|SNOMEDCT_US_2015_03_01:157717008 ""frostbite""|SNOMEDCT_US_2015_03_01:213637003 ""frostbite""|SNOMEDCT_US_2015_03_01:38045000 ""frostbite""|DERMLEX:4024 ""frostbite""",DERMO:0002906,,False
DERMO:0002908,first degree frostbite,,frost nip,,DERMO:0002907,,False
DERMO:0002909,second degree frostbite,,,,DERMO:0002907,,False
DERMO:0002910,third degree frostbite,,,,DERMO:0002907,,False
DERMO:0002911,fourth degree frostbite,,,,DERMO:0002907,,False
DERMO:0002912,pernio,,chilblains|kibes|perinosis,"SNOMEDCT_US_2015_03_01:157719006 ""pernio""|SNOMEDCT_US_2015_03_01:269421007 ""pernio""|SNOMEDCT_US_2015_03_01:37869000 ""pernio""|DERMLEX:2182 ""pernio""|ICD10:T69.1 ""pernio""",DERMO:0002906,,False
DERMO:0002913,injury due to water exposure,,,,DERMO:0002890,,False
DERMO:0002914,immersion foot,,foxhole foot|jungle rot|paddy-field foot|peripheral vasoneuropathy|shelter foot|swamp foot|trench foot|tropical jungle foot,"SNOMEDCT_US_2015_03_01:111734005 ""immersion foot""|SNOMEDCT_US_2015_03_01:271331002 ""immersion foot""|DERMLEX:3520 ""immersion foot""",DERMO:0002913,,False
DERMO:0002915,warm water immersion foot,,WWIF,"DERMLEX:3521 ""tropical immersion foot""",DERMO:0002914,,False
DERMO:0002916,cold water immersion foot,,CWIF,,DERMO:0002914,,False
DERMO:0002917,tropical immersion foot,,TIF,"DERMLEX:3521 ""tropical immersion foot""",DERMO:0002914,,False
DERMO:0002918,injury due to electricity,,,,DERMO:0002890,,False
DERMO:0002919,electrical burn,,,"SNOMEDCT_US_2015_03_01:405571006 ""electrical burn""|SNOMEDCT_US_2015_03_01:21720007 ""electrical burn""",DERMO:0002918,,False
DERMO:0002920,lightning strike,,,,DERMO:0002919,,False
DERMO:0002921,injury due to chemical exposure,,,"SNOMEDCT_US_2015_03_01:371704001 ""injury due to chemical exposure""",DERMO:0002890,,False
DERMO:0002922,chemical hair discoloration,,,,DERMO:0002921,,False
DERMO:0002923,chlorotrichosis,,green hair,,DERMO:0002922,,False
DERMO:0002924,arsenical or heavy metal dermatosis,,,,DERMO:0002921,,False
DERMO:0002925,arsenic poisoning,,,"SNOMEDCT_US_2015_03_01:81844008 ""arsenic poisoning""|DERMLEX:5499 ""arsenic poisoning""",DERMO:0002924,,False
DERMO:0002926,acute arsenic poisoning,,,"DERMLEX:4076 ""acute arsenic poisoning""",DERMO:0002925,,False
DERMO:0002927,chronic arsenic poisoning,,,,DERMO:0002925,,False
DERMO:0002928,heavy metal poisoning,,,"SNOMEDCT_US_2015_03_01:85866007 ""heavy metal poisoning""|SNOMEDCT_US_2015_03_01:317877007 ""heavy metal poisoning""",DERMO:0002924,,False
DERMO:0002929,frictional or traumatic injury to the skin,,,,DERMO:0002890,,False
DERMO:0002930,corn,,clavus|heloma,"SNOMEDCT_US_2015_03_01:412357001 ""corn""|SNOMEDCT_US_2015_03_01:2447002 ""corn""|SNOMEDCT_US_2015_03_01:201038005 ""corn""|SNOMEDCT_US_2015_03_01:2911006 ""corn""|DERMLEX:744 ""corn""",DERMO:0002929,,False
DERMO:0002931,callus,,callosity|intractable plantar or palmar keratosis|tyloma,"SNOMEDCT_US_2015_03_01:201040000 ""callus""|DERMLEX:745 ""callus""",DERMO:0002929,,False
DERMO:0002932,hard corn,,heloma durum,"SNOMEDCT_US_2015_03_01:47850008 ""hard corn""|DERMLEX:3857 ""hard corn""",DERMO:0002930,,False
DERMO:0002933,soft corn,,heloma molle,"SNOMEDCT_US_2015_03_01:37866007 ""soft corn""|DERMLEX:3856 ""soft corn""",DERMO:0002930,,False
DERMO:0002934,tennis toe,,centre's callus,"SNOMEDCT_US_2015_03_01:238484001 ""tennis toe""|DERMLEX:3850 ""tennis toe""",DERMO:0002931|DERMO:0002942,,False
DERMO:0002935,black heel or palm,,calcaneal petechiae|post-traumatic cutaneous intracorneal blood|post-traumatic punctate intraepidermal hemmorhage|tache noir|talon noir,,DERMO:0002929,,False
DERMO:0002936,chondrodermatitis nodularis helicis,,chondrodermatitis nodularis chronica helicis|chondrodermatitis nodularis chronica helicis et antihelicis|CNH|ear corn,"SNOMEDCT_US_2015_03_01:76583009 ""chondrodermatitis nodularis helicis""|SNOMEDCT_US_2015_03_01:393584002 ""chondrodermatitis nodularis helicis""|SNOMEDCT_US_2015_03_01:194195009 ""chondrodermatitis nodularis helicis""|SNOMEDCT_US_2015_03_01:194196005 ""chondrodermatitis nodularis helicis""|DERMLEX:1201 ""chondrodermatitis nodularis helicis""",DERMO:0002929,,False
DERMO:0002937,acanthoma fissuratum,,,"SNOMEDCT_US_2015_03_01:27745000 ""acanthoma fissuratum""|DERMLEX:739 ""acanthoma fissuratum""",DERMO:0002929,,False
DERMO:0002938,granuloma fissuratum of the ears,,,"DERMLEX:739 ""acanthoma fissuratum""",DERMO:0002937,,False
DERMO:0002939,spectacle frame acanthoma,,,"SNOMEDCT_US_2015_03_01:373612005 ""spectacle frame acanthoma""|SNOMEDCT_US_2015_03_01:27745000 ""spectacle frame acanthoma""",DERMO:0002937,,False
DERMO:0002940,weathering nodules of the ear,,,,DERMO:0002929,,False
DERMO:0002941,traumatic auricular hematoma,,cauliflower ear|wrestler's ear,"ICD10:M95.1 ""traumatic auricular hematoma""",DERMO:0002929|DERMO:0002942,,False
DERMO:0002942,friction or mecahnical sports-related dermatosis,,,,DERMO:0002949,,False
DERMO:0002943,jogger's toe,,,"SNOMEDCT_US_2015_03_01:238482002 ""jogger's toe""",DERMO:0002942,,False
DERMO:0002944,turf toe,,,"SNOMEDCT_US_2015_03_01:238486004 ""turf toe""|DERMLEX:3851 ""turf toe""",DERMO:0002942,,False
DERMO:0002945,surfer's nodules,,,"SNOMEDCT_US_2015_03_01:56270008 ""surfer's nodules""",DERMO:0002942,,False
DERMO:0002946,surfer's knots,,,,DERMO:0002942,,False
DERMO:0002947,jogger's nipple,,,"SNOMEDCT_US_2015_03_01:238483007 ""jogger's nipple""",DERMO:0002942,,False
DERMO:0002948,swimmer's shoulder,,,,DERMO:0002942,,False
DERMO:0002949,sports-related dermatosis,,,,DERMO:0002890,,False
DERMO:0002950,cutaneous infection in athletes,,,,DERMO:0002949,,False
DERMO:0002951,amputee-related dermatosis,,,,DERMO:0002890,,False
DERMO:0002952,musical instrumented-related dermatosis,,,,DERMO:0002890,,False
DERMO:0002953,cellist's chest,,,,DERMO:0002952,,False
DERMO:0002954,cellist's knee,,,,DERMO:0002952,,False
DERMO:0002955,string-instrument finger callus,,,,DERMO:0002952,,False
DERMO:0002956,drummer's digit,,,,DERMO:0002952,,False
DERMO:0002957,garrod's pads,,violinist's pads,"SNOMEDCT_US_2015_03_01:16687001 ""garrod's pads""",DERMO:0002952,,False
DERMO:0002958,guitar nipple,,,,DERMO:0002952,,False
DERMO:0002959,lip licker's dermatitis,,,,DERMO:0002952,,False
DERMO:0002960,dermatologic sign of drug abuse,,,,DERMO:0000111,,False
DERMO:0002961,injection site scarring,,,,DERMO:0002960,,False
DERMO:0002962,skin track,,,,DERMO:0002961,,False
DERMO:0002963,skin popping scars,,,,DERMO:0002961,,False
DERMO:0002964,injection site ulceration,,,,DERMO:0002960,,False
DERMO:0002965,retiform purpura with ulceration,,,,DERMO:0002960,,False
DERMO:0002966,nasal verrucae,,,,DERMO:0002960,,False
DERMO:0002967,wound botulism,,,"SNOMEDCT_US_2015_03_01:398530003 ""wound botulism""|DOID:0050353 ""wound botulism""",DERMO:0002960,,False
DERMO:0002968,pruritus,,,"SNOMEDCT_US_2015_03_01:156380008 ""pruritus""|SNOMEDCT_US_2015_03_01:418363000 ""pruritus""|SNOMEDCT_US_2015_03_01:271588004 ""pruritus""|SNOMEDCT_US_2015_03_01:32738000 ""pruritus""",DERMO:0000101,,False
DERMO:0002969,injection site granuloma,,,"SNOMEDCT_US_2015_03_01:24389009 ""injection site granuloma""",DERMO:0002960,,False
DERMO:0002970,mucous membrane lesions due to chemical irritation,,,,DERMO:0002960,,False
DERMO:0002971,coke bugs,,,,DERMO:0000179,,False
DERMO:0002972,soot tattoos,,,,DERMO:0002960,,False
DERMO:0002973,hematoma over injected vessel,,,,DERMO:0002960,,False
DERMO:0002974,skin sign of abuse,,,,DERMO:0000111,,False
DERMO:0002975,child abuse sign,,battered child syndrome,,DERMO:0002974,,False
DERMO:0002976,physical child abuse sign,,,,DERMO:0002975,,False
DERMO:0002977,ecchymosis,,bruise,"SNOMEDCT_US_2015_03_01:77643000 ""ecchymosis""|SNOMEDCT_US_2015_03_01:302227002 ""ecchymosis""|DERMLEX:4990 ""ecchymosis""|MP:0009275 ""ecchymosis""|MP:0009276 ""ecchymosis""",DERMO:0002976,,False
DERMO:0002978,loop mark,,,,DERMO:0002976,,False
DERMO:0002979,buckle imprint,,,,DERMO:0002976,,False
DERMO:0002980,pinch mark,,,"SNOMEDCT_US_2015_03_01:262531002 ""pinch mark""",DERMO:0002976,,False
DERMO:0002981,blunt trauma,,,"SNOMEDCT_US_2015_03_01:425359009 ""blunt trauma""",DERMO:0002976,,False
DERMO:0002982,binding injury,,,,DERMO:0002976,,False
DERMO:0002983,traumatic alopecia,,,"SNOMEDCT_US_2015_03_01:67488005 ""traumatic alopecia""|DERMLEX:3881 ""traumatic alopecia""",DERMO:0002976,,False
DERMO:0002984,human bite mark,,,"SNOMEDCT_US_2015_03_01:297963000 ""human bite mark""",DERMO:0002976,,False
DERMO:0002985,physical neglect sign,,,,DERMO:0002975,,False
DERMO:0002986,child sexual abuse sign,,,,DERMO:0002975,,False
DERMO:0002987,elder abuse sign,,,,DERMO:0002974,,False
DERMO:0002988,histiocytosis,,,"SNOMEDCT_US_2015_03_01:60657004 ""histiocytosis""|SNOMEDCT_US_2015_03_01:127068004 ""histiocytosis""|DOID:3405 ""histiocytosis""|HP:0100727 ""histiocytosis""",DERMO:0000112,,False
DERMO:0002989,langerhans cell histiocysosis,,class 1 histiocytosis|histiocytosis X|LCH,"DOID:2571 ""langerhans cell histiocysosis""",DERMO:0002988,DERMO:0001772,False
DERMO:0002990,letterer-siwe disease,,,"SNOMEDCT_US_2015_03_01:128812005 ""letterer-siwe disease""|SNOMEDCT_US_2015_03_01:154583006 ""letterer-siwe disease""|SNOMEDCT_US_2015_03_01:188654004 ""letterer-siwe disease""|SNOMEDCT_US_2015_03_01:269628007 ""letterer-siwe disease""|SNOMEDCT_US_2015_03_01:366059005 ""letterer-siwe disease""|DERMLEX:1662 ""letterer-siwe disease""|DOID:2554 ""letterer-siwe disease""",DERMO:0002989,,False
DERMO:0002991,hand-schuller-christian disease,,,"SNOMEDCT_US_2015_03_01:39795003 ""hand-schuller-christian disease""|DERMLEX:1663 ""hand-schuller-christian disease""",DERMO:0002989,,False
DERMO:0002992,eosinophilic granuloma,,,"SNOMEDCT_US_2015_03_01:77239009 ""eosinophilic granuloma""|SNOMEDCT_US_2015_03_01:128810002 ""eosinophilic granuloma""|SNOMEDCT_US_2015_03_01:129000002 ""eosinophilic granuloma""|DERMLEX:1664 ""eosinophilic granuloma""",DERMO:0002989,,False
DERMO:0002993,congenital self-healing reticulohistiocytosis,,hashimoto-pritzker disease,,DERMO:0002989,,False
DERMO:0002994,non-langerhans cell histiocytosis,,class 2 histiocytosis|histiocytoses of mononuclear phagocytes other than Langerhans cells|non-X histiocytosis,"SNOMEDCT_US_2015_03_01:127069007 ""non-langerhans cell histiocytosis""|DOID:4330 ""non-langerhans cell histiocytosis""",DERMO:0002988,,False
DERMO:0002995,"primarily cutaneous, self-resolving non-langerhans cell histiocytosis",,,,DERMO:0002994,,False
DERMO:0002996,juvenile xanthogranuloma,,,"SNOMEDCT_US_2015_03_01:71709009 ""juvenile xanthogranuloma""|SNOMEDCT_US_2015_03_01:400031009 ""juvenile xanthogranuloma""|DERMLEX:4381 ""juvenile xanthogranuloma""|DOID:4424 ""juvenile xanthogranuloma""",DERMO:0002995,,False
DERMO:0002997,benign cephalic histiocytosis,,histiocytosis with intracytoplasmic worm-like bodies,"SNOMEDCT_US_2015_03_01:255192005 ""benign cephalic histiocytosis""|DERMLEX:4372 ""benign cephalic histiocytosis""",DERMO:0002995,,False
DERMO:0002998,giant cell reticulohistiocytosis,,solitary reticulohistiocytoma|solitary reticulohistiocytosis,"DOID:4394 ""giant cell reticulohistiocytosis""",DERMO:0002995,,False
DERMO:0002999,generalized eruptive histiocytoma,,eneralized eruptive histiocytosis|eruptive histiocytoma,"SNOMEDCT_US_2015_03_01:110980006 ""generalized eruptive histiocytoma""|DERMLEX:4377 ""generalized eruptive histiocytoma""",DERMO:0002995,,False
DERMO:0003000,indeterminate cell histiocytosis,,,"DERMLEX:4380 ""indeterminate cell histiocytosis""",DERMO:0002995,,False
DERMO:0003001,"primarily cutaneous, persistant/progressive non-langerhans cell histiocytosis",,,,DERMO:0002994,,False
DERMO:0003002,papular xanthoma,,,"DERMLEX:1607 ""papular xanthoma""",DERMO:0003001,,False
DERMO:0003003,progressive nodular histiocytoma,,,,DERMO:0003001,,False
DERMO:0003004,hereditary progressive mucinous histiocytosis,,,,DERMO:0003001,,False
DERMO:0003005,"cutaneous, with systemic involvement, non-langerhans cell histiocytosis",,,,DERMO:0002994,,False
DERMO:0003006,necrobiotic xanthogranuloma,,necrobiotic xanthogranuloma with paraproteinemia,"SNOMEDCT_US_2015_03_01:404164003 ""necrobiotic xanthogranuloma""|DERMLEX:4384 ""necrobiotic xanthogranuloma""",DERMO:0003005,,False
DERMO:0003007,multicentric reticulohistiocytosis,,,"SNOMEDCT_US_2015_03_01:84241008 ""multicentric reticulohistiocytosis""|SNOMEDCT_US_2015_03_01:190801003 ""multicentric reticulohistiocytosis""|DERMLEX:4383 ""multicentric reticulohistiocytosis""|DOID:11824 ""multicentric reticulohistiocytosis""",DERMO:0003005,,False
DERMO:0003008,rosai-dorfman disease,,destombes-rosai-dorfman syndrome|sinus histiocytosis with massive lymphadenopathy,"SNOMEDCT_US_2015_03_01:34287003 ""rosai-dorfman disease""|DERMLEX:4389 ""rosai-dorfman disease""",DERMO:0003005,,False
DERMO:0003009,xanthoma disseminatum,,disseminated xanthosiderohistiocytosis,"SNOMEDCT_US_2015_03_01:64429009 ""xanthoma disseminatum""|SNOMEDCT_US_2015_03_01:399970005 ""xanthoma disseminatum""|SNOMEDCT_US_2015_03_01:71709009 ""xanthoma disseminatum""|DERMLEX:4391 ""xanthoma disseminatum""",DERMO:0003005,,False
DERMO:0003010,systemic with rare skin involvement non-langerhans cell histiocytosis,,,,DERMO:0002994,,False
DERMO:0003011,erdheim-chester disease,,,"SNOMEDCT_US_2015_03_01:699537002 ""erdheim-chester disease""|SNOMEDCT_US_2015_03_01:703711007 ""erdheim-chester disease""|DOID:4329 ""erdheim-chester disease""",DERMO:0003010,,False
DERMO:0003012,sea-blue histiocyte syndrome,,sea-blue histiocytosis,"SNOMEDCT_US_2015_03_01:37821003 ""sea-blue histiocyte syndrome""|DOID:4423 ""sea-blue histiocyte syndrome""|HP:0001982 ""sea-blue histiocyte syndrome""",DERMO:0003010,,False
DERMO:0003013,inherited sea-blue histiocyte syndrome,,,,DERMO:0003012,,False
DERMO:0003014,acquired sea-blue histiocyte syndrome,,,,DERMO:0003012,,False
DERMO:0003015,hemophagocytic lymphohistiocytosis,,hemophagocytic syndrome|HLH,"SNOMEDCT_US_2015_03_01:190958003 ""hemophagocytic lymphohistiocytosis""|SNOMEDCT_US_2015_03_01:234437005 ""hemophagocytic lymphohistiocytosis""|DOID:0050120 ""hemophagocytic lymphohistiocytosis""",DERMO:0003010,,False
DERMO:0003016,primary hemophagocytic lymphohistiocytosis,,genetic hemophagocytic lymphohistiocytosis,,DERMO:0003015,,False
DERMO:0003017,familial hemophagocytic lymphohistiocytosis,,,"SNOMEDCT_US_2015_03_01:398250003 ""familial hemophagocytic lymphohistiocytosis""|SNOMEDCT_US_2015_03_01:33374000 ""familial hemophagocytic lymphohistiocytosis""|DERMLEX:1964 ""familial hemophagocytic lymphohistiocytosis""",DERMO:0003016,,False
DERMO:0003018,x-linked lymphoproliferative syndrome,,,"SNOMEDCT_US_2015_03_01:77121009 ""x-linked lymphoproliferative syndrome""",DERMO:0003016,,False
DERMO:0003019,secondary hemophagocytic lymphohistiocytosis,,acquired hemophagocytic lymphohistiocytosis,,DERMO:0003015,,False
DERMO:0003020,infection-associated hemophagocytic lymphohistiocytosis,,,,DERMO:0003019,,False
DERMO:0003021,malignancy-associated hemophagocytic lymphohistiocytosis,,,,DERMO:0003019,,False
DERMO:0003022,macrophage activation syndrome associated with autoimmune connective tissue disease,,,,DERMO:0003019,,False
DERMO:0003023,malignant histiocytic disorder,,class 3 histiocytosis,"SNOMEDCT_US_2015_03_01:127070008 ""malignant histiocytic disorder""",DERMO:0002988,,False
DERMO:0003024,dermal dedrocyte hamartoma,,CD34+ dermal dendrocytoma|plaque-like CD34+ dermal fibroma,,DERMO:0002988,,False
DERMO:0003025,medallion-like dermal dendrocyte hamartoma,,,,DERMO:0003024,,False
DERMO:0003026,fat-storing hamartoma of dermal dendrocytes,,,"SNOMEDCT_US_2015_03_01:403543003 ""fat-storing hamartoma of dermal dendrocytes""|DERMLEX:1225 ""fat-storing hamartoma of dermal dendrocytes""",DERMO:0003024,,False
DERMO:0003027,dermal dendrocyte hamartoma with stubbly white hair,,,,DERMO:0003024,,False
DERMO:0003028,congenital CD34+ granular cell dendrocytosis,,,,DERMO:0003024,,False
DERMO:0003029,xanthoma,,,"SNOMEDCT_US_2015_03_01:75594004 ""xanthoma""|SNOMEDCT_US_2015_03_01:63103006 ""xanthoma""|SNOMEDCT_US_2015_03_01:6400008 ""xanthoma""|MP:0003692 ""xanthoma""",DERMO:0000112,,False
DERMO:0003030,eruptive xanthoma,,,"SNOMEDCT_US_2015_03_01:238952003 ""eruptive xanthoma""|SNOMEDCT_US_2015_03_01:54059007 ""eruptive xanthoma""|DERMLEX:1604 ""eruptive xanthoma""",DERMO:0003029,,False
DERMO:0003031,tuberous xanthoma,,,"SNOMEDCT_US_2015_03_01:190780005 ""tuberous xanthoma""|SNOMEDCT_US_2015_03_01:238954002 ""tuberous xanthoma""|SNOMEDCT_US_2015_03_01:42569002 ""tuberous xanthoma""|DERMLEX:1606 ""tuberous xanthoma""",DERMO:0003029,,False
DERMO:0003032,tuberoeruptive xanthoma,,,"DERMLEX:1615 ""tuberoeruptive xanthoma""",DERMO:0003029,,False
DERMO:0003033,xanthoma striatum palmare,,plane xanthoma of the palmar creases,"DERMLEX:1612 ""striatum palmaris xanthoma""",DERMO:0003037,,False
DERMO:0003034,tendinous xanthoma,,,"SNOMEDCT_US_2015_03_01:69880002 ""tendinous xanthoma""|DERMLEX:1603 ""tendinous xanthoma""",DERMO:0003029,,False
DERMO:0003035,cerebrotendinous xanthomatosis,,,"SNOMEDCT_US_2015_03_01:63246000 ""cerebrotendinous xanthomatosis""|DERMLEX:1614 ""cerebrotendinous xanthomatosis""|DOID:4810 ""cerebrotendinous xanthomatosis""|OMIM:606530 ""cerebrotendinous xanthomatosis""",DERMO:0000547|DERMO:0003034,DERMO:0000556,False
DERMO:0003036,beta-sitosterolemia,,,"SNOMEDCT_US_2015_03_01:65419005 ""beta-sitosterolemia""",DERMO:0003034,,False
DERMO:0003037,plane xanthoma,,,"SNOMEDCT_US_2015_03_01:238953008 ""plane xanthoma""",DERMO:0003029,,False
DERMO:0003038,xanthelasma,,plane xanthoma of the eyelids|xanthelasma palpebrarum,"SNOMEDCT_US_2015_03_01:75594004 ""xanthelasma""|SNOMEDCT_US_2015_03_01:155180006 ""xanthelasma""|SNOMEDCT_US_2015_03_01:238951005 ""xanthelasma""|SNOMEDCT_US_2015_03_01:267737009 ""xanthelasma""|SNOMEDCT_US_2015_03_01:6400008 ""xanthelasma""|DERMLEX:1610 ""xanthelasma""|HP:0001114 ""xanthelasma""",DERMO:0003037,,False
DERMO:0003039,plane xanthoma of cholestasis,,,,DERMO:0003037,,False
DERMO:0003040,verruciform xanthoma,,,"SNOMEDCT_US_2015_03_01:66174008 ""verruciform xanthoma""|SNOMEDCT_US_2015_03_01:402477000 ""verruciform xanthoma""|DERMLEX:1601 ""verruciform xanthoma""",DERMO:0003029,,False
DERMO:0003041,normolipemic plane xanthoma,,,"DERMLEX:1602 ""diffuse normolipemic plane xanthomatosis""",DERMO:0003029,,False
DERMO:0003042,non-infectious granuloma,,,,DERMO:0000112,,False
DERMO:0003043,sarcoidosis,,,"SNOMEDCT_US_2015_03_01:154425004 ""sarcoidosis""|SNOMEDCT_US_2015_03_01:31541009 ""sarcoidosis""|DERMLEX:2203 ""sarcoidosis""|DOID:11335 ""sarcoidosis""|ICD10:D86 ""sarcoidosis""",DERMO:0003042,DERMO:0000241,False
DERMO:0003044,granuloma annulare,,,"SNOMEDCT_US_2015_03_01:65508009 ""granuloma annulare""|SNOMEDCT_US_2015_03_01:156368000 ""granuloma annulare""|SNOMEDCT_US_2015_03_01:200953005 ""granuloma annulare""|SNOMEDCT_US_2015_03_01:267850001 ""granuloma annulare""|DERMLEX:2200 ""granuloma annulare""|DOID:3777 ""granuloma annulare""|ICD10:L92.0 ""granuloma annulare""",DERMO:0003042,,False
DERMO:0003045,annular elastolytic giant cell granuloma,,actinic granuloma|AEGCG|atypical annular necrobiosis lipodica of the face and scalp|giant cell elastophagocytosis|miescher's granuloma of the face,"ICD10:L57.5 ""annular elastolytic giant cell granuloma""",DERMO:0003042,,False
DERMO:0003046,cutaneous crohn's disease,,metastatic crohn's disease,,DERMO:0003042,,False
DERMO:0003047,lofgren's syndrome,,,"SNOMEDCT_US_2015_03_01:9614001 ""lofgren's syndrome""|SNOMEDCT_US_2015_03_01:238676008 ""lofgren's syndrome""",DERMO:0003043,,False
DERMO:0003048,heerfordt's syndrome,,uveoparotid fever,"SNOMEDCT_US_2015_03_01:4416007 ""heerfordt's syndrome""|DOID:13404 ""heerfordt's syndrome""",DERMO:0003043,,False
DERMO:0003049,darier-roussy disease,,,,DERMO:0003043,,False
DERMO:0003050,hypopigmented sarcoidosis,,,,DERMO:0003043,,False
DERMO:0003051,ichthyosiform sarcoidosis,,,"SNOMEDCT_US_2015_03_01:402368008 ""ichthyosiform sarcoidosis""",DERMO:0003043,,False
DERMO:0003052,lupus pernio,,,"SNOMEDCT_US_2015_03_01:11361009 ""lupus pernio""|SNOMEDCT_US_2015_03_01:72470008 ""lupus pernio""|DERMLEX:1810 ""lupus perniosis""",DERMO:0003043,,False
DERMO:0003053,childhood sarcoidosis,,,,DERMO:0003043,,False
DERMO:0003054,classic granuloma annulare,,,,DERMO:0003044,,False
DERMO:0003055,generalized granuloma annulare,,disseminated granuloma annulare,"SNOMEDCT_US_2015_03_01:402364005 ""generalized granuloma annulare""|DERMLEX:2227 ""generalized granuloma annulare""",DERMO:0003044,,False
DERMO:0003056,perforating granuloma annulare,,,"SNOMEDCT_US_2015_03_01:402365006 ""perforating granuloma annulare""|DERMLEX:2229 ""perforating granuloma annulare""",DERMO:0003044,,False
DERMO:0003057,deep dermal granuloma annulare,,subcutaneous granuloma annulare,,DERMO:0003044,,False
DERMO:0003058,patch granuloma annulare,,,,DERMO:0003044,,False
DERMO:0003059,photodistributed granuloma annulare,,,,DERMO:0003044,,False
DERMO:0003060,pseudorheumatoid nodule,,,"SNOMEDCT_US_2015_03_01:51783009 ""pseudorheumatoid nodule""",DERMO:0003057,,False
DERMO:0003061,necrobiosis lipodica,,,,DERMO:0003042,,False
DERMO:0003062,necrobiosis lipoidica diabeticorum,,NLD,"SNOMEDCT_US_2015_03_01:56391002 ""necrobiosis lipoidica diabeticorum""|DERMLEX:2197 ""necrobiosis lipoidica diabeticorum""",DERMO:0003061,,False
DERMO:0003063,genital cutaneous crohn's disease,,,,DERMO:0003046,,False
DERMO:0003064,extragenital cutaneous crohn's disease,,,,DERMO:0003046,,False
DERMO:0003065,foreign body reaction,,,"SNOMEDCT_US_2015_03_01:37058002 ""foreign body reaction""",DERMO:0003042,,False
DERMO:0003066,sclerosing lipogranuloma,,,"SNOMEDCT_US_2015_03_01:417140001 ""sclerosing lipogranuloma""|SNOMEDCT_US_2015_03_01:18765009 ""sclerosing lipogranuloma""|SNOMEDCT_US_2015_03_01:238683001 ""sclerosing lipogranuloma""|DERMLEX:4502 ""sclerosing lipogranuloma""",DERMO:0003065,,False
DERMO:0003067,cactus spine foreign body reaction,,,,DERMO:0003065,,False
DERMO:0003068,keratin foreign body reaction,,,,DERMO:0003065,,False
DERMO:0003069,pseudofolliculitis barbae,,,"SNOMEDCT_US_2015_03_01:399205006 ""pseudofolliculitis barbae""|SNOMEDCT_US_2015_03_01:201187009 ""pseudofolliculitis barbae""|SNOMEDCT_US_2015_03_01:238494006 ""pseudofolliculitis barbae""|SNOMEDCT_US_2015_03_01:21769009 ""pseudofolliculitis barbae""|SNOMEDCT_US_2015_03_01:55875000 ""pseudofolliculitis barbae""|DERMLEX:2320 ""pseudofolliculitis barbae""|ICD10:L73.1 ""pseudofolliculitis barbae""",DERMO:0003068,,False
DERMO:0003070,urticaria,,,"SNOMEDCT_US_2015_03_01:64305001 ""urticaria""|SNOMEDCT_US_2015_03_01:156427005 ""urticaria""|SNOMEDCT_US_2015_03_01:157756002 ""urticaria""|SNOMEDCT_US_2015_03_01:269433002 ""urticaria""|SNOMEDCT_US_2015_03_01:126485001 ""urticaria""|DERMLEX:1911 ""urticaria""|DOID:1555 ""urticaria""|HP:0001025 ""urticaria""|ICD10:L50 ""urticaria""",DERMO:0000103|DERMO:0000121,DERMO:0000123,False
DERMO:0003071,wheal,,hives,"SNOMEDCT_US_2015_03_01:64305001 ""wheal""|SNOMEDCT_US_2015_03_01:156445005 ""wheal""|SNOMEDCT_US_2015_03_01:247472004 ""wheal""|SNOMEDCT_US_2015_03_01:267873009 ""wheal""|DERMLEX:5126 ""wheal""|HP:0001025 ""wheal""",DERMO:0000103,,False
DERMO:0003072,nettle rash,,,"SNOMEDCT_US_2015_03_01:64305001 ""nettle rash""|SNOMEDCT_US_2015_03_01:123241008 ""nettle rash""|SNOMEDCT_US_2015_03_01:201267004 ""nettle rash""|SNOMEDCT_US_2015_03_01:247472004 ""nettle rash""",DERMO:0003071,,False
DERMO:0003073,angioedema,,quinke edema,"SNOMEDCT_US_2015_03_01:41291007 ""angioedema""|DERMLEX:5510 ""angioedema""|DOID:1558 ""angioedema""|HP:0100665 ""angioedema""",DERMO:0000103,,False
DERMO:0003074,spontaneous urticaria,,,,DERMO:0003070,,False
DERMO:0003075,physical urticaria,,inducible urticaria,"SNOMEDCT_US_2015_03_01:7632005 ""physical urticaria""|SNOMEDCT_US_2015_03_01:402601007 ""physical urticaria""|SNOMEDCT_US_2015_03_01:201265007 ""physical urticaria""|DERMLEX:1918 ""physical urticaria""|DOID:743 ""physical urticaria""",DERMO:0003070,,False
DERMO:0003076,urticarial vasculitis,,chronic urticaria as a manifestation of venulitis|urticaria and arthralgia with necrotizing angiitis,"SNOMEDCT_US_2015_03_01:402656007 ""urticarial vasculitis""|SNOMEDCT_US_2015_03_01:239945009 ""urticarial vasculitis""|DERMLEX:2035 ""hypocomplementemic urticarial vasculitis syndrome""",DERMO:0003070|DERMO:0003220,,False
DERMO:0003077,distinctive urticarial syndrome,,,,DERMO:0003070,,False
DERMO:0003078,acute urticaria,,,"SNOMEDCT_US_2015_03_01:402408009 ""acute urticaria""|DERMLEX:1916 ""acute urticaria""",DERMO:0003070,,False
DERMO:0003079,chronic urticaria,,,"SNOMEDCT_US_2015_03_01:51611005 ""chronic urticaria""|DERMLEX:1917 ""chronic urticaria""",DERMO:0003070,,False
DERMO:0003080,episodic urticaria,,recurrent urticaria,"SNOMEDCT_US_2015_03_01:402409001 ""episodic urticaria""",DERMO:0003078,,False
DERMO:0003081,urticaria due to mechanical stimuli,,,,DERMO:0003075,,False
DERMO:0003082,dermographism,,,"SNOMEDCT_US_2015_03_01:7632005 ""dermographism""|SNOMEDCT_US_2015_03_01:123093003 ""dermographism""|SNOMEDCT_US_2015_03_01:156430003 ""dermographism""|SNOMEDCT_US_2015_03_01:247473009 ""dermographism""|SNOMEDCT_US_2015_03_01:270885004 ""dermographism""|DERMLEX:1919 ""dermographism""|DOID:743 ""dermographism""",DERMO:0003081,,False
DERMO:0003083,immediate dermographism,,,,DERMO:0003082,,False
DERMO:0003084,simple dermographism,,,,DERMO:0003083,,False
DERMO:0003085,symptomatic dermographism,,,"SNOMEDCT_US_2015_03_01:402410006 ""symptomatic dermographism""|SNOMEDCT_US_2015_03_01:238685008 ""symptomatic dermographism""|SNOMEDCT_US_2015_03_01:7632005 ""symptomatic dermographism""",DERMO:0003083,,False
DERMO:0003086,delayed dermographism,,,"SNOMEDCT_US_2015_03_01:238686009 ""delayed dermographism""",DERMO:0003082,,False
DERMO:0003087,delayed pressure urticaria,,DPU,"SNOMEDCT_US_2015_03_01:387788000 ""delayed pressure urticaria""|SNOMEDCT_US_2015_03_01:123793006 ""delayed pressure urticaria""|DERMLEX:1935 ""pressure urticaria""",DERMO:0003081,,False
DERMO:0003088,vibratory angioedema,,,"SNOMEDCT_US_2015_03_01:238694002 ""vibratory angioedema""|DERMLEX:1913 ""vibratory angioedema""",DERMO:0003081,,False
DERMO:0003089,inherited vibratory angioedema,,familial vibratory angioedema,,DERMO:0003088,,False
DERMO:0003090,acquired vibratory angioedema,,,,DERMO:0003088,,False
DERMO:0003091,urticaria due to temperature change,,,,DERMO:0003075,,False
DERMO:0003092,urticaria due to heat,,,"SNOMEDCT_US_2015_03_01:62211002 ""urticaria due to heat""",DERMO:0003091,,False
DERMO:0003093,heat contact urticaria,,,,DERMO:0003092,,False
DERMO:0003094,urticaria due to cold,,,"SNOMEDCT_US_2015_03_01:74774004 ""urticaria due to cold""",DERMO:0003091,,False
DERMO:0003095,cold contact urticaria,,,,DERMO:0003094,,False
DERMO:0003096,primary cold contact urticaria,,,"DERMLEX:1930 ""cold urticaria""",DERMO:0003095,,False
DERMO:0003097,secondary cold contact urticaria,,cold contact urticaria due to serum abnormalities,,DERMO:0003095,,False
DERMO:0003098,urticaria due to sweating or stress,,,,DERMO:0003091,,False
DERMO:0003099,cholinergic urticaria,,,"SNOMEDCT_US_2015_03_01:73098005 ""cholinergic urticaria""|DERMLEX:1920 ""cholinergic urticaria""|DOID:14443 ""cholinergic urticaria""|ICD10:L50.5 ""cholinergic urticaria""",DERMO:0003098,,False
DERMO:0003100,adrenergic urticaria,,,"DERMLEX:1922 ""adrenergic urticaria""",DERMO:0003098,,False
DERMO:0003101,exercise-induced urticaria,,,,DERMO:0003098,,False
DERMO:0003102,exercise-induced anaphylaxis,,EIA,"SNOMEDCT_US_2015_03_01:241952007 ""exercise-induced anaphylaxis""",DERMO:0003101,,False
DERMO:0003103,food- and exercise- induced anaphylaxis,,FEIA,,DERMO:0003101,,False
DERMO:0003104,aquagenic urticaria,,,"SNOMEDCT_US_2015_03_01:89870006 ""aquagenic urticaria""|DERMLEX:1924 ""aquagenic urticaria""",DERMO:0003075,,False
DERMO:0003105,reflex cold urticaria,,,,DERMO:0003094,,False
DERMO:0003106,familial cold urticaria,,familial cold autoinflammatory syndrome|FCAS,"SNOMEDCT_US_2015_03_01:238687000 ""familial cold urticaria""|DERMLEX:4120 ""familial cold urticaria""",DERMO:0000682|DERMO:0003094|DERMO:0003113,DERMO:0000685,False
DERMO:0003107,red dermographism,,,,DERMO:0003082,,False
DERMO:0003108,localized dermographism,,,,DERMO:0003082,,False
DERMO:0003109,cholinergic dermographism,,,"SNOMEDCT_US_2015_03_01:402412003 ""cholinergic dermographism""",DERMO:0003082,,False
DERMO:0003110,dermographism associated with mastocytosis,,,,DERMO:0003082,,False
DERMO:0003111,delayed heat contact urticaria,,,,DERMO:0003093,,False
DERMO:0003112,hereditary periodic fever syndrome,,,,DERMO:0000106|DERMO:0003077,,False
DERMO:0003113,cryopyrin-associated periodic syndrome,,CAPS,,DERMO:0003112,,False
DERMO:0003114,hyperimmunoglobulinemia D with periodic fever syndrome,,HIDS,,DERMO:0003112,,False
DERMO:0003115,allergic contact urticaria,,,"SNOMEDCT_US_2015_03_01:402304007 ""allergic contact urticaria""|DERMLEX:1926 ""allergic contact urticaria""",DERMO:0001366,,False
DERMO:0003116,food contact hypersensitivity syndrome,,,,DERMO:0003115,,False
DERMO:0003117,angioedema without wheals,,,,DERMO:0003073,,False
DERMO:0003118,recurrent angioedema,,,,DERMO:0003117,,False
DERMO:0003119,idiopathic angioedema,,,"SNOMEDCT_US_2015_03_01:402382008 ""idiopathic angioedema""|DERMLEX:4883 ""idiopathic angioedema""",DERMO:0003118,,False
DERMO:0003120,acquired angioedema,,,"DERMLEX:1914 ""acquired angioedema""",DERMO:0003118,,False
DERMO:0003121,hereditary angioedema,,HAE|inherited  angioedema,"SNOMEDCT_US_2015_03_01:82966003 ""hereditary angioedema""|DERMLEX:1983 ""hereditary angioedema""|DOID:14735 ""hereditary angioedema""",DERMO:0000518|DERMO:0003118,,False
DERMO:0003122,drug-induced urticatia,,,,DERMO:0003117,,False
DERMO:0003123,hereditary angioedema type 1,,inherited C1 inhibitor deficiency type 1,,DERMO:0003121,,False
DERMO:0003124,hereditary angioedema type 2,,inherited C1 inhibitor deficiency type 2,,DERMO:0003121,,False
DERMO:0003125,hereditary angioedema type 3,,,,DERMO:0003121,,False
DERMO:0003126,schnitzler's syndrome,,,,DERMO:0003077,,False
DERMO:0003127,episodic angioedema with eosinophila,,EAE|gleich syndrome,,DERMO:0003077|DERMO:0003195,,False
DERMO:0003128,systemic capillary leak syndrome,,clarkson's syndrome,,DERMO:0003077,,False
DERMO:0003129,figurate erythema,,,,DERMO:0000103,,False
DERMO:0003130,erythema annulare centrifugum,,EAC|erythema perstans|palpable migrating erythema,"SNOMEDCT_US_2015_03_01:81542001 ""erythema annulare centrifugum""|SNOMEDCT_US_2015_03_01:399914006 ""erythema annulare centrifugum""|DERMLEX:2178 ""erythema annulare centrifugum""|ICD10:L53.1 ""erythema annulare centrifugum""",DERMO:0003129,,False
DERMO:0003131,erythema marginatum,,erythema annulare rheumaticum|erythema marginatum rheumaticum,"SNOMEDCT_US_2015_03_01:50610002 ""erythema marginatum""|DERMLEX:2180 ""erythema marginatum""|ICD10:L53.2 ""erythema marginatum""",DERMO:0003129,,False
DERMO:0003132,erythema migrans,,erythema chronicum migrans,"SNOMEDCT_US_2015_03_01:69588003 ""erythema migrans""|SNOMEDCT_US_2015_03_01:59032001 ""erythema migrans""",DERMO:0003129,,False
DERMO:0003133,erythema gyratum repens,,gammel's disease,"SNOMEDCT_US_2015_03_01:77300003 ""erythema gyratum repens""|SNOMEDCT_US_2015_03_01:200952000 ""erythema gyratum repens""|DERMLEX:2179 ""erythema gyratum repens""",DERMO:0003129,,False
DERMO:0003134,superficial gyrate erythema,,,,DERMO:0003130,,False
DERMO:0003135,deep gyrate erythema,,,,DERMO:0003130,,False
DERMO:0003136,familial annular erythema,,,"SNOMEDCT_US_2015_03_01:81542001 ""familial annular erythema""|SNOMEDCT_US_2015_03_01:277793006 ""familial annular erythema""|DERMLEX:2178 ""erythema annulare centrifugum""",DERMO:0003130,,False
DERMO:0003137,early localized lyme disease,,,,DERMO:0002163,,False
DERMO:0003138,early disseminated lyme disease,,,,DERMO:0002163,,False
DERMO:0003139,chronic lyme disease,,,,DERMO:0002163,,False
DERMO:0003140,toxic epidermal necrolysis,,lyell's syndrome|TEN,"SNOMEDCT_US_2015_03_01:200919006 ""toxic epidermal necrolysis""|SNOMEDCT_US_2015_03_01:23067006 ""toxic epidermal necrolysis""|DERMLEX:1874 ""toxic epidermal necrolysis""",DERMO:0003145|DERMO:0003151,,False
DERMO:0003141,erythema multiforme minor,,erythema multiforme von hebra,"SNOMEDCT_US_2015_03_01:123571000119104 ""erythema multiforme minor""|DERMLEX:4189 ""erythema multiforme minor""",DERMO:0000457,,False
DERMO:0003142,erythema multiforme major,,,"SNOMEDCT_US_2015_03_01:73442001 ""erythema multiforme major""|DERMLEX:1875 ""stevens johnson syndrome""",DERMO:0000457,,False
DERMO:0003143,typical erythema multiforme,,,,DERMO:0000457,,False
DERMO:0003144,atypical papular erythema multiforme,,,,DERMO:0000457,,False
DERMO:0003145,exanthematous drug eruption,,drug rash|maculopapular drug eruption|morbilliform drug eruption|urticarial drug eruption,"DERMLEX:1889 ""exanthematous drug eruption""",DERMO:0000103,,False
DERMO:0003146,drug reaction with eosinophilia and systemic symptoms,,DRESS|drug rash with eosinophilia and systemic symptoms,"SNOMEDCT_US_2015_03_01:702809001 ""drug reaction with eosinophilia and systemic symptoms""",DERMO:0003145,,False
DERMO:0003147,anticoagulant-induced skin necrosis,,,,DERMO:0003145,,False
DERMO:0003148,acute generalized exanthematous pustulosis,,AGEP,"SNOMEDCT_US_2015_03_01:702617007 ""acute generalized exanthematous pustulosis""|DERMLEX:1894 ""acute generalized exanthematous pustulosis""",DERMO:0003145,,False
DERMO:0003149,drug-induced hypersensitivity syndrome,,DHIS,"SNOMEDCT_US_2015_03_01:702809001 ""drug-induced hypersensitivity syndrome""",DERMO:0003145,,False
DERMO:0003150,purpura,,,"SNOMEDCT_US_2015_03_01:387778001 ""purpura""|SNOMEDCT_US_2015_03_01:12393003 ""purpura""|SNOMEDCT_US_2015_03_01:154822006 ""purpura""|SNOMEDCT_US_2015_03_01:423902002 ""purpura""|SNOMEDCT_US_2015_03_01:191313005 ""purpura""|SNOMEDCT_US_2015_03_01:246989006 ""purpura""|SNOMEDCT_US_2015_03_01:267564008 ""purpura""|SNOMEDCT_US_2015_03_01:118653003 ""purpura""|DERMLEX:5081 ""purpura""|DOID:3326 ""purpura""|HP:0000979 ""purpura""|MP:0011515 ""purpura""",DERMO:0000103,,False
DERMO:0003151,erythema,,,"SNOMEDCT_US_2015_03_01:70819003 ""erythema""|SNOMEDCT_US_2015_03_01:247441003 ""erythema""|DERMLEX:4993 ""erythema""|HP:0010783 ""erythema""|MP:0001190 ""erythema""",DERMO:0000103,,False
DERMO:0003152,petechiae,,,"SNOMEDCT_US_2015_03_01:141618008 ""petechiae""|SNOMEDCT_US_2015_03_01:164431004 ""petechiae""|SNOMEDCT_US_2015_03_01:271813007 ""petechiae""|SNOMEDCT_US_2015_03_01:50091001 ""petechiae""|DERMLEX:5069 ""petechiae""|HP:0000967 ""petechiae""|MP:0008816 ""petechiae""",DERMO:0003150,,False
DERMO:0003153,macular purpura,,,,DERMO:0003150,,False
DERMO:0003154,macular eccymoses,,,,DERMO:0003150,,False
DERMO:0003155,palpable purpura,,,,DERMO:0003150,,False
DERMO:0003156,non-inflammatory retiform purpura,,,,DERMO:0003150,,False
DERMO:0003157,inflammatory retiform purpura,,,,DERMO:0003150,,False
DERMO:0003158,classic palpable purpura,,,,DERMO:0003155,,False
DERMO:0003159,targetoid purpura,,,,DERMO:0003155,,False
DERMO:0003160,purpura syndrome,,,,DERMO:0003150,,False
DERMO:0003161,pigmented purpuric eruption,,capillaritis|majocchi-schamberg disease|purpura pigmentosa chronica|purpura simplex,"SNOMEDCT_US_2015_03_01:20343006 ""pigmented purpuric eruption""",DERMO:0003160,,False
DERMO:0003162,schamberg's disease,,progressive pigmentary dermatosis of schamberg|purpura pigmentosa progressiva|schamberg's purpura,,DERMO:0003161,,False
DERMO:0003163,purpura annularis telangiectodes of majocchi,,majocchi's disease,"SNOMEDCT_US_2015_03_01:56231002 ""purpura annularis telangiectodes of majocchi""",DERMO:0003161,,False
DERMO:0003164,pigmented purpuritic lichenoid dermatitis of gougerot and blum,,,,DERMO:0003161,,False
DERMO:0003165,eczematoid-like purpura of doucas and kapetanakis,,itching purpura,,DERMO:0003161,,False
DERMO:0003166,lichen aureus,,<new synonym>lichen purpuricus|lichenoid pigmented purpura,"SNOMEDCT_US_2015_03_01:238782003 ""lichen aureus""|DERMLEX:2417 ""lichen aureus""",DERMO:0000444|DERMO:0003161,DERMO:0000460,False
DERMO:0003167,linear pigmented purpura,,,,DERMO:0003161,,False
DERMO:0003168,granulomatous pigmented purpura,,,,DERMO:0003161,,False
DERMO:0003169,hypergammaglobulinemic purpura of waldenstrom,,benign hypergammaglobulinemic purpura,,DERMO:0003160,,False
DERMO:0003170,gardner-diamond syndrome,,autoerythrocyte sensitization|psychogenic purpura,"SNOMEDCT_US_2015_03_01:191312000 ""gardner-diamond syndrome""|SNOMEDCT_US_2015_03_01:275446004 ""gardner-diamond syndrome""|SNOMEDCT_US_2015_03_01:37358006 ""gardner-diamond syndrome""|DERMLEX:2455 ""psychogenic purpura""",DERMO:0003160,,False
DERMO:0003171,mondor's syndrome of superficial thrombophlebitis,,mondor's disease,,DERMO:0003160,,False
DERMO:0003172,microvascular occlusion syndrome with cutaneous manifestation,,,,DERMO:0000103,,False
DERMO:0003173,disorder of platelet plugging with cutaneous manifestation,,,,DERMO:0003172,,False
DERMO:0003174,heparin necrosis,,,"DERMLEX:1896 ""heparin necrosis""",DERMO:0003173,,False
DERMO:0003175,heparin-induced thrombocytopenia syndrome,,HIT,,DERMO:0003174,,False
DERMO:0003176,heparin-associated thrombocytopenia with thrombosis syndrome,,HATT,,DERMO:0003174,,False
DERMO:0003177,thrombocytosis secondary to myeloproliferative disorders,,,,DERMO:0003173,,False
DERMO:0003178,paroxysmal nocturnal hemoglobinuria,,PNH,"SNOMEDCT_US_2015_03_01:154805009 ""paroxysmal nocturnal hemoglobinuria""|SNOMEDCT_US_2015_03_01:267559009 ""paroxysmal nocturnal hemoglobinuria""|SNOMEDCT_US_2015_03_01:1963002 ""paroxysmal nocturnal hemoglobinuria""|HP:0004818 ""paroxysmal nocturnal hemoglobinuria""",DERMO:0003173,,False
DERMO:0003179,thrombotic thrombocytopenia purpura-hemolytic uremic syndrome,,TTP-HUS,,DERMO:0003173,,False
DERMO:0003180,disorder of cryogelling or cryoagglutination with cutaneous manifestation,,,,DERMO:0003172,,False
DERMO:0003181,disorder of cryoglobulin causing cutaneous manifestation,,,,DERMO:0003180,,False
DERMO:0003182,disorder of cryofibrinogen causing cutaneous manifestation,,,,DERMO:0003180,,False
DERMO:0003183,disorder of cold agglutinin causing cutaneous manifestation,,,,DERMO:0003180,,False
DERMO:0003184,disorder of occlusion by opportunistic organisms proliferating within vessels with cutaneous manifestation,,,,DERMO:0003172,,False
DERMO:0003185,disseminated strongyloidiasis,,,"SNOMEDCT_US_2015_03_01:187176005 ""disseminated strongyloidiasis""|DOID:10955 ""disseminated strongyloidiasis""|ICD10:B78.7 ""disseminated strongyloidiasis""",DERMO:0002779|DERMO:0003184,,False
DERMO:0003186,lucio's phenomenon,,,,DERMO:0000248|DERMO:0003184,,False
DERMO:0003187,disorder of occlusion by emboli with cutaneous manifestation,,,,DERMO:0003172,,False
DERMO:0003188,cholesterol embolus,,warfarin blue toe syndrome,"SNOMEDCT_US_2015_03_01:10690002 ""cholesterol embolus""",DERMO:0002672,,False
DERMO:0003189,oxalate embolus,,,,DERMO:0002672,,False
DERMO:0003190,bacterial endocarditis embolus,,,,DERMO:0002672,,False
DERMO:0003191,fungal endocarditis embolus,,,,DERMO:0002672,,False
DERMO:0003192,marantic endocarditis,,,"SNOMEDCT_US_2015_03_01:57181007 ""marantic endocarditis""|DOID:0060068 ""marantic endocarditis""",DERMO:0002672,,False
DERMO:0003193,atrial myxoma,,,"SNOMEDCT_US_2015_03_01:233854003 ""atrial myxoma""|DERMLEX:2473 ""atrial myxoma""|MP:0003392 ""atrial myxoma""",DERMO:0000621,,False
DERMO:0003194,crystalglobulin vasculopathy,,,,DERMO:0000115,,False
DERMO:0003195,hypereosinophilic syndrome,,HES,"SNOMEDCT_US_2015_03_01:393573009 ""hypereosinophilic syndrome""|SNOMEDCT_US_2015_03_01:128835008 ""hypereosinophilic syndrome""|SNOMEDCT_US_2015_03_01:423294001 ""hypereosinophilic syndrome""|SNOMEDCT_US_2015_03_01:26328002 ""hypereosinophilic syndrome""|DERMLEX:2172 ""hypereosinophilic syndrome""",DERMO:0003254,DERMO:0001210,False
DERMO:0003196,systemic coagulopathy with cutaneous manifestation,,,,DERMO:0003172,,False
DERMO:0003197,protein C disorder,,,,DERMO:0003196,,False
DERMO:0003198,neonatal purpura fulminans,,congenital severe protein C or S deficiency,"DERMLEX:2507 ""neonatal purpura fulminans""",DERMO:0003199|DERMO:0003508,,False
DERMO:0003199,congenital protein C or protein S disorder,,,,DERMO:0003197,,False
DERMO:0003200,acquired protein C or protein S disorder,,,,DERMO:0003197,,False
DERMO:0003201,warfarin necrosis,,acquired protein C dysfunction,"SNOMEDCT_US_2015_03_01:403659005 ""warfarin necrosis""|DERMLEX:1879 ""coumadin necrosis""",DERMO:0003200|DERMO:0003507,,False
DERMO:0003202,purpura fulminans of sepsis,,acquired severe protein C deficiency or dysfunction,,DERMO:0003200|DERMO:0003507,,False
DERMO:0003203,purpura fulminans in children during recovery from streptococcal or varicella infection,,"severe acquired protein S dysfunction, antibody-mediated",,DERMO:0003200|DERMO:0003507,,False
DERMO:0003204,antiphospholipid antibody syndrome,,APLS,"DERMLEX:1799 ""antiphospholipid antibody syndrome""|DOID:2988 ""antiphospholipid antibody syndrome""",DERMO:0003196,,False
DERMO:0003205,primary antiphospholipid antibody syndrome,,,,DERMO:0003204,,False
DERMO:0003206,secondary antiphospholipid antibody syndrome,,lupus anticoagulant syndrome,,DERMO:0003204,,False
DERMO:0003207,catastrophic antiphospholipid antibody syndrome,,,,DERMO:0003204,,False
DERMO:0003208,disorder of vascular coagulopathy with cutaneous manifestation,,,,DERMO:0003172,,False
DERMO:0003209,livedoid vasculopathy,,,"DERMLEX:2379 ""livedoid vasculitis""",,,True
DERMO:0003210,malignant atrophic papulosis,,degos' disease,"SNOMEDCT_US_2015_03_01:400171002 ""malignant atrophic papulosis""|SNOMEDCT_US_2015_03_01:11131009 ""malignant atrophic papulosis""|DERMLEX:2383 ""malignant atrophic papulosis""",DERMO:0003208,,False
DERMO:0003211,disorder of cellular vascular occlusion with cutaneous manifestation,,,,DERMO:0003172,,False
DERMO:0003212,stress reticulocyte adhesion/occlusion,,,,DERMO:0003211,,False
DERMO:0003213,sickling disorder,,,,DERMO:0003211,,False
DERMO:0003214,intravascular lymphoma,,,,DERMO:0003211,,False
DERMO:0003215,cutaneous calciphylaxis,,,,DERMO:0002723|DERMO:0003172,,False
DERMO:0003216,hydroxyurea-associated vascular occlusion,,,,DERMO:0003172,,False
DERMO:0003217,interferon-associated cutaneous necrosis,,,,DERMO:0003172,,False
DERMO:0003218,hematoma-associated retiform purpura,,,,DERMO:0003172,,False
DERMO:0003219,cutaneous vasculitis,,,,DERMO:0000103,,False
DERMO:0003220,cutaneous small vessel vasculitis,,CSVV|cutaneous leukocytoclastic angiitis|cutaneous leukocytoclastic vasculitis|cutaneous necrotizing venulitis|hypersensitivity angiitis,"ICD10:M31.0 ""cutaneous small vessel vasculitis""",DERMO:0003219,,False
DERMO:0003221,henoch-schonlein purpura,,anaphylactoid purpura|cutaneous small vessel vasculitis secondary to circulating IgA immune complexes|HSP|purpura rheumatica|schonlein-henoch purpura,"SNOMEDCT_US_2015_03_01:191306005 ""henoch-schonlein purpura""|SNOMEDCT_US_2015_03_01:31912009 ""henoch-schonlein purpura""|DERMLEX:2006 ""henoch-schonlein purpura""|DOID:11123 ""henoch-schonlein purpura""",DERMO:0003220,,False
DERMO:0003222,acute hemorrhagic edema of infancy,,acute hemorrhagic edema of childhood|AHEI|finkelstein's disease|finkelstein-seidlmayer disease|infantile acute hemorrhagic edema|postinfectious cockade purpura|purpura en cocarde avec edema|seidlmayer syndrome,,DERMO:0003220,,False
DERMO:0003223,erythema elevatum diutinum,,EED,"SNOMEDCT_US_2015_03_01:201300002 ""erythema elevatum diutinum""|SNOMEDCT_US_2015_03_01:58872001 ""erythema elevatum diutinum""|DERMLEX:2013 ""erythema elevatum diutinum""|ICD10:L95.1 ""erythema elevatum diutinum""",DERMO:0003220,,False
DERMO:0003224,secondary small vessel vasculitis,,,,DERMO:0003220,,False
DERMO:0003225,small and medium-sized vessel vasculitis,,mixed-size vasculitis,,DERMO:0003219,,False
DERMO:0003226,cryoglobulinemia,,,"SNOMEDCT_US_2015_03_01:30911005 ""cryoglobulinemia""|DOID:2917 ""cryoglobulinemia""|HP:0100778 ""cryoglobulinemia""",DERMO:0003181,,False
DERMO:0003227,ANCA-associated vasculitide,,antineutrophil cytoplasmic antibodies-associated vasculitis,,DERMO:0003225,,False
DERMO:0003228,microscopic polyangiitis,,microscopic polyarteritis|microscopic polyarteritis nodosa|MPA,"SNOMEDCT_US_2015_03_01:239928004 ""microscopic polyangiitis""|DERMLEX:2028 ""microscopic polyangiitis""|ICD10:M31.7 ""microscopic polyangiitis""",DERMO:0003227,,False
DERMO:0003230,medium vessel vasculitis,,,,DERMO:0003219,,False
DERMO:0003231,polyarteritis nodosa,,PAN|panarteritis nodosa|periarteritis nodosa,"SNOMEDCT_US_2015_03_01:66121003 ""polyarteritis nodosa""|SNOMEDCT_US_2015_03_01:155441006 ""polyarteritis nodosa""|SNOMEDCT_US_2015_03_01:195347004 ""polyarteritis nodosa""|DERMLEX:2027 ""polyarteritis nodosa""|DOID:9810 ""polyarteritis nodosa""|ICD10:M30.0 ""polyarteritis nodosa""",DERMO:0003230,,False
DERMO:0003232,classic polyarteritis nodosa,,classic PAN|systemic PAN|systemic polyarteritis nodosa,,DERMO:0003231,,False
DERMO:0003233,cutaneous polyarteritis nodosa,,cutaneous PAN,"SNOMEDCT_US_2015_03_01:239926000 ""cutaneous polyarteritis nodosa""|DERMLEX:2037 ""cutaneous polyarteritis nodosa""",DERMO:0003231,,False
DERMO:0003234,large vessel vasculitis,,,"HP:0005310 ""large vessel vasculitis""",DERMO:0003219,,False
DERMO:0003235,temporal arteritis,,,"SNOMEDCT_US_2015_03_01:87511001 ""temporal arteritis""|SNOMEDCT_US_2015_03_01:400130008 ""temporal arteritis""|DERMLEX:6652 ""giant cell arteritis""|DOID:13375 ""temporal arteritis""",DERMO:0003234,,False
DERMO:0003236,takayasu's arteritis,,,"SNOMEDCT_US_2015_03_01:42153001 ""takayasu's arteritis""|SNOMEDCT_US_2015_03_01:359789008 ""takayasu's arteritis""|DOID:2508 ""takayasu's arteritis""",DERMO:0003234,,False
DERMO:0003237,idiopathic small vessel vasculitis,,,,DERMO:0003224,,False
DERMO:0003238,infected small vessel vasculitis,,,,DERMO:0003224,,False
DERMO:0003239,bacterial small vessel vasculitis,,,,DERMO:0003238,,False
DERMO:0003240,septic small vessel vasculitis,,,,DERMO:0003238,,False
DERMO:0003241,viral small vessel vasculitis,,,,DERMO:0003238,,False
DERMO:0003242,inflammatory disorder small vessel vasculitis,,,,DERMO:0003224,,False
DERMO:0003243,drug-exposure small vessel vasculitis,,,,DERMO:0003224,,False
DERMO:0003244,neoplasm-associated small vessel vasculitis,,,,DERMO:0003224,,False
DERMO:0003245,genetic disorder-associated small vessel vasculitis,,,,DERMO:0003224,,False
DERMO:0003246,urticarial vasculitis with hypocomplementemia,,hypocomplementemia with cutaneous vasculitis and arthritis|hypocomplementemic vasculitis,,DERMO:0003076,,False
DERMO:0003247,cryoglobulinemic vasculitis,,cryoglobulinemic purpura|essential cryoglobulinemic vasculitis,"SNOMEDCT_US_2015_03_01:190815001 ""cryoglobulinemic vasculitis""",DERMO:0003225,,False
DERMO:0003248,type 1 cryoglobulinemia,,,,DERMO:0003226,,False
DERMO:0003249,type 2 cryoglobulinemia,,,,DERMO:0003226|DERMO:0003247,,False
DERMO:0003250,type 3 cryoglobulinemia,,,,DERMO:0003226|DERMO:0003247,,False
DERMO:0003251,phase 1 churg-strauss syndrome,,,,DERMO:0001948,,False
DERMO:0003252,phase 2 churg-strauss syndrome,,,,DERMO:0001948,,False
DERMO:0003253,phase 3 churg-strauss syndrome,,,,DERMO:0001948,,False
DERMO:0003254,eosinophilic dermatosis,,,,DERMO:0000103,,False
DERMO:0003255,granuloma faciale,,facial granuloma with eosinophilia,"SNOMEDCT_US_2015_03_01:61137005 ""granuloma faciale""|SNOMEDCT_US_2015_03_01:201322009 ""granuloma faciale""|DERMLEX:2822 ""granuloma faciale""",DERMO:0003254,,False
DERMO:0003256,papuloerythroderma of ofuji,,,"SNOMEDCT_US_2015_03_01:402299006 ""papuloerythroderma of ofuji""",DERMO:0000432|DERMO:0003254,DERMO:0000439,False
DERMO:0003257,well's syndrome,,eosinophilic cellulitis,,DERMO:0003254,,False
DERMO:0003258,lymphocytic hypereosinophilic syndrome,,,,DERMO:0003195,,False
DERMO:0003259,myeloproliferative hypereosinophilic syndrome,,,,DERMO:0003195,,False
DERMO:0003260,eosinophilic vasculitis,,,"DERMLEX:2016 ""eosinophilic vasculitis""",DERMO:0003195,,False
DERMO:0003261,NERDS syndrome,,"nodules, eosinophilia, rheumatism, dermatitis and swelling syndrome",,DERMO:0003195,,False
DERMO:0003262,neutrophilic dermatosis,,,,DERMO:0000103,,False
DERMO:0003263,sweet's syndrome,,acute febrile neutrophilic dermatosis|SS,"SNOMEDCT_US_2015_03_01:84625002 ""sweet's syndrome""",DERMO:0003262,,False
DERMO:0003264,drug-induced sweet's syndrome,,,,DERMO:0003263,,False
DERMO:0003265,classic sweet's syndrome,,,,DERMO:0003263,,False
DERMO:0003266,idiopathic sweet's syndrome,,,,DERMO:0003263,,False
DERMO:0003267,malignancy-associated sweet's syndrome,,,,DERMO:0003263,,False
DERMO:0003268,ulcerative pyoderma gangrenosum,,,"DERMLEX:2530 ""ulcerative pyoderma gangrenosum""",DERMO:0000331,,False
DERMO:0003269,bullous pyoderma gangrenosum,,atypical pyoderma gangrenosum|vesiculobullous pyoderma gangrenosum,"DERMLEX:2532 ""bullous pyoderma gangrenosum""",DERMO:0000331,,False
DERMO:0003270,pustular pyoderma gangrenosum,,,"DERMLEX:2531 ""pustular pyoderma gangrenosum""",DERMO:0000331,,False
DERMO:0003271,superficial granulomatous pyoderma gangrenosum,,,,DERMO:0000331,,False
DERMO:0003272,idiopathic pyoderma gangrenosum,,,,,,True
DERMO:0003273,pyostomatitis vegetans,,,"SNOMEDCT_US_2015_03_01:38438008 ""pyostomatitis vegetans""|DERMLEX:2333 ""pyostomatitis vegetans""",DERMO:0000331|DERMO:0001727,DERMO:0001735,False
DERMO:0003274,vegetative pyoderma gangrenosum,,,"DERMLEX:2533 ""vegetative pyoderma gangrenosum""",DERMO:0000331,,False
DERMO:0003275,classic ulcerative pyoderma gangrenosum,,,,DERMO:0003268,,False
DERMO:0003276,cutaneous ulcerative pyoderma gangrenosum,,,,DERMO:0003268,,False
DERMO:0003277,postsurgical pyoderma gangrenosum,,,,DERMO:0000331,,False
DERMO:0003278,bowel-associated dermatosis-arthritis syndrome,,bowel bypass syndrome|bowel-bypass syndrome without bowel bypass|intestinal bypass arthritis-dermatitis syndrome,,DERMO:0003262,,False
DERMO:0003279,familial behcet's disease,,,,DERMO:0001696,,False
DERMO:0003280,SAPHO syndrome,,"synovitis, acne, pustulosis, hyperostosis and osteitis syndrome","SNOMEDCT_US_2015_03_01:60684003 ""sapho syndrome""|DOID:13677 ""sapho syndrome""",DERMO:0003262,DERMO:0002479,False
DERMO:0003281,pregnancy dermatosis,,,"SNOMEDCT_US_2015_03_01:239101008 ""pregnancy dermatosis""",DERMO:0000103,,False
DERMO:0003282,polymorphic eruption of pregnancy,,bourne's toxaemic rash of pregnancy|nurse's late-onset prurigo of pregnancy|PEP|pruritic urticarial papules and plaques of pregnancy|PUPPP|toxic erythema of pregnancy,"SNOMEDCT_US_2015_03_01:88697005 ""polymorphic eruption of pregnancy""|DERMLEX:2183 ""pruritic papules and urticarial plaques of pregnancy""",DERMO:0003281,,False
DERMO:0003283,intrahepatic cholestasis of pregnancy,,cholestasis of pregnancy|ICP|jaundice of pregnancy|obstetric cholestasis|prurigo gravidarum|pruritis gravidarum,"SNOMEDCT_US_2015_03_01:950004 ""intrahepatic cholestasis of pregnancy""|SNOMEDCT_US_2015_03_01:235888006 ""intrahepatic cholestasis of pregnancy""",DERMO:0003281,,False
DERMO:0003284,atopic eruption of pregnancy,,AEP|besnier's prurigo gestationis|eczema in pregnancy|linear IgM disease of pregnancy|nurse's early-onset prurigo of pregnancy|prurigo of pregnancy|pruritic folliculitis of pregnancy|spangler's papular dermatitis of pregnancy,,DERMO:0003281,,False
DERMO:0003285,autoimmune progesterone dermatitis,,,"SNOMEDCT_US_2015_03_01:400009001 ""autoimmune progesterone dermatitis""|SNOMEDCT_US_2015_03_01:47519003 ""autoimmune progesterone dermatitis""|DERMLEX:1844 ""autoimmune progesterone dermatitis""",DERMO:0003281,,False
DERMO:0003286,"ichthyosis, erythroderma or related disorder",,,,DERMO:0000005,,False
DERMO:0003287,primary immunodeficiency syndrome with cutaneous manifestation,,,,DERMO:0000002,,False
DERMO:0003288,ichthyosis,,,"SNOMEDCT_US_2015_03_01:13059002 ""ichthyosis""|DOID:1697 ""ichthyosis""|HP:0008064 ""ichthyosis""",DERMO:0000432|DERMO:0003286,DERMO:0000438,False
DERMO:0003289,epidermolytic nevus,,mosaic epidermolytic ichthyosis,,DERMO:0000016,,False
DERMO:0003290,ichthyosis hystrix gravior type lambert,,,"DERMLEX:3018 ""ichthyosis hystrix""",DERMO:0000808,,False
DERMO:0003291,ichthyosis hystrix gravior type rheydt,,,"DERMLEX:3018 ""ichthyosis hystrix""",DERMO:0000808,,False
DERMO:0003292,collodion baby,,collodion fetus|ichthyosis congenita,"SNOMEDCT_US_2015_03_01:205550003 ""collodion baby""|SNOMEDCT_US_2015_03_01:35970001 ""collodion baby""|DOID:1695 ""collodion baby""|HP:0007479 ""collodion baby""",DERMO:0003288,,False
DERMO:0003293,self-healing collodion baby,,desquamination of the newborn|lamellar exfoliation of the newborn|self-improving collodion baby,"DERMLEX:3021 ""congenital nonbullous ichthyosiform erythroderma""",DERMO:0003292,,False
DERMO:0003294,lamellar ichthyosis,,ichthyosis congenita type 2|LI|non-erythrodermic autosomal recessive lamellar ichthyosis,"SNOMEDCT_US_2015_03_01:12215009 ""lamellar ichthyosis""|SNOMEDCT_US_2015_03_01:205550003 ""lamellar ichthyosis""|DERMLEX:3021 ""congenital nonbullous ichthyosiform erythroderma""|DOID:1699 ""lamellar ichthyosis""|ICD10:Q80.2 ""lamellar ichthyosis""",DERMO:0003288,,False
DERMO:0003295,congenital ichthyosiform erythroderma,,CIE|erythrodermic autosomal recessive lamellar ichthyosis|ichthyosis congenita type 1|non-bullous congenital ichthyosiform erythroderma,"SNOMEDCT_US_2015_03_01:205556009 ""congenital ichthyosiform erythroderma""|SNOMEDCT_US_2015_03_01:254156001 ""congenital ichthyosiform erythroderma""|DOID:1699 ""congenital ichthyosiform erythroderma""|HP:0007431 ""congenital ichthyosiform erythroderma""",DERMO:0003294,,False
DERMO:0003296,chronic mucocutaneous candidiasis type 6,,CANDF6|familial chronic mucocutaneous candidiasis,,DERMO:0000708,,False
DERMO:0003297,rare generalized syndromic ichthyosis disorder,,,,DERMO:0003288,,False
DERMO:0003298,rare erythrokeratoderma or focal ichthyosiform lesion disorder,,,,DERMO:0003286,,False
DERMO:0003299,erythrokeratodermia with ataxia,,giroux-barbeau syndrome,,DERMO:0003298,,False
DERMO:0003300,peeling skin disorder,,,,DERMO:0003286,,False
DERMO:0003301,autosomal recessive exfoliative ichthyosis,,,,DERMO:0003300,,False
DERMO:0003302,generalized peeling skin syndrome,,,,DERMO:0003300,,False
DERMO:0003303,erythrokeratolysis hiemali,,keratolytic winter erythema|oudtshoorn disease,"OMIM:148370 ""erythrokeratolysis hiemali""",DERMO:0003300,,False
DERMO:0003304,comel-netherton syndrome,,bamboo hair|ichthyosis linearis cifcumflexa|netherton syndrome|NTS|trichorrhexis invaginata,"SNOMEDCT_US_2015_03_01:312514006 ""comel-netherton syndrome""|DERMLEX:3028 ""netherton syndrome""|DOID:0050474 ""comel-netherton syndrome""|OMIM:605010 ""comel-netherton syndrome""",DERMO:0001457|DERMO:0003288,DERMO:0001461,False
DERMO:0003305,syndromic ichthyosis,,,,,,True
DERMO:0003306,IBIDS syndrome,,"ichthyosis, brittle hair, infertility, developmental delay, short stature syndrome","DOID:2960 ""ibids syndrome""",DERMO:0000043,,False
DERMO:0003307,PIBIDS syndrome,,"photosensitivity, ichthyosis, brittle hair, infertility, developmental delay, short stature syndrome",,DERMO:0000043,,False
DERMO:0003308,erythrokeratoderma,,,"SNOMEDCT_US_2015_03_01:254215005 ""erythrokeratoderma""",DERMO:0003286,,False
DERMO:0003309,progressive symmetric erythrokeratoderma,,acrogeria|erythrokeratoderma progressiva symmetrica|gottron syndrome|PSEK,"DERMLEX:3055 ""progressive symmetric erythrokeratoderma""",DERMO:0000644|DERMO:0003308,,False
DERMO:0003310,x-linked dominant ichthyosiform disorder,,,,DERMO:0003286,,False
DERMO:0003311,hereditary palmoplantar keratoderma,,,"SNOMEDCT_US_2015_03_01:239066003 ""hereditary palmoplantar keratoderma""",DERMO:0000049,,False
DERMO:0003312,acquired palmoplantar keratoderma,,,"SNOMEDCT_US_2015_03_01:396227001 ""acquired palmoplantar keratoderma""",DERMO:0000049,,False
DERMO:0003313,diffuse palmoplantar keratoderma,,,"SNOMEDCT_US_2015_03_01:81206005 ""diffuse palmoplantar keratoderma""|SNOMEDCT_US_2015_03_01:400123002 ""diffuse palmoplantar keratoderma""|SNOMEDCT_US_2015_03_01:28596004 ""diffuse palmoplantar keratoderma""|HP:0007435 ""diffuse palmoplantar keratoderma""",DERMO:0003311,,False
DERMO:0003314,focal palmoplantar keratoderma,,,"DERMLEX:3045 ""focal palmoplantar keratoderma""",DERMO:0003311,,False
DERMO:0003315,punctate palmoplantar keratoderma,,,"SNOMEDCT_US_2015_03_01:402773000 ""punctate palmoplantar keratoderma""",DERMO:0003311,,False
DERMO:0003316,transgrediens and progrediens palmoplantar keratoderma,,greither type palmoplantar keratoderma|transgrediens and progrediens  PPK,,DERMO:0003313,,False
DERMO:0003317,gamborg-nielsen type palmoplantar keratoderma,,norrbotten type palmoplantar keratoderma,,DERMO:0003313,,False
DERMO:0003318,sybert type palmoplantar keratoderma,,,,DERMO:0003313,,False
DERMO:0003319,diffuse palmoplantar keratoderma with associated features,,,,DERMO:0003313,,False
DERMO:0003320,olmstead syndrome,,mutilating palmoplantar keratoderma with periorificial plaques,,DERMO:0003319,,False
DERMO:0003321,hereditary painful callosities,,focal epidermolytic palmoplantar keratoderma|focal EPPK|nummular epidermolytic palmoplantar keratoderma,"DERMLEX:3071 ""familial painful callosities""",DERMO:0003314,,False
DERMO:0003322,focal palmoplantar keratoderma with associated features,,,,DERMO:0003314,,False
DERMO:0003323,focal palmoplantar and gingival keratosis,,,,DERMO:0003322,,False
DERMO:0003324,pachyonychia congenita type 1,,"pachyonychia congenita, jadassohn-lewandowsky type","DOID:0050449 ""pachyonychia congenita type 1""|OMIM:148041 ""pachyonychia congenita type 1""|OMIM:148067 ""pachyonychia congenita type 1""",DERMO:0001612,,False
DERMO:0003325,pachyonychia congenita type 2,,"pachyonychia congenita, jackson-lawler type","OMIM:148042 ""pachyonychia congenita type 2""|OMIM:148069 ""pachyonychia congenita type 2""",DERMO:0001612,,False
DERMO:0003326,keratosis punctata palmaris et plantaris,,punctate palmoplantar keratoderma buschke-fisher-brauer type,"DERMLEX:3074 ""punctate palmoplantar keratoderm""",DERMO:0003315,,False
DERMO:0003327,keratoderma climactericum,,,"SNOMEDCT_US_2015_03_01:75552002 ""keratoderma climactericum""|SNOMEDCT_US_2015_03_01:201054008 ""keratoderma climactericum""|SNOMEDCT_US_2015_03_01:20637002 ""keratoderma climactericum""|DERMLEX:2045 ""keratoderma climactericum""",DERMO:0003312,,False
DERMO:0003328,spiny keratoderma,,,"DERMLEX:3075 ""porokeratosis punctata palmaris et plantari""",DERMO:0003312,,False
DERMO:0003329,keratoderma associated with hypothyroidism/myxedema,,,,DERMO:0003312,,False
DERMO:0003330,keratoderma associated with cancer,,,,DERMO:0003312,,False
DERMO:0003331,aquagenic palmoplantar keratoderma,,,"DERMLEX:4932 ""aquagenic palmoplantar keratoderma""",DERMO:0003312,,False
DERMO:0003332,drug-induced palmoplantar keratoderma,,,,DERMO:0003312,,False
DERMO:0003333,acral hemorrhagic type darier disease,,,,DERMO:0000064,,False
DERMO:0003334,darier disease segmental type 1,,,,DERMO:0000064,,False
DERMO:0003335,darier disease segmental type 2,,,,DERMO:0000064,,False
DERMO:0003336,darier disease with guttate hypopigmentation,,,,DERMO:0000064,,False
DERMO:0003337,darier disease with vesiculobullous lesions,,,,DERMO:0000064,,False
DERMO:0003338,darier disease with keratoderma,,,,DERMO:0000064,,False
DERMO:0003339,cornifying darier disease,,,,DERMO:0000064,,False
DERMO:0003340,"darier disease with comedones, facial cysts and acne conglobata",,,,DERMO:0000064,,False
DERMO:0003341,darier disease with periocular nodulocystic lesions,,,,DERMO:0000064,,False
DERMO:0003342,darier disease with alopecia and cutic verticis gyrata,,,,DERMO:0000064,,False
DERMO:0003343,hailey-hailey disease segmental type 1,,,,DERMO:0000065,,False
DERMO:0003344,hailey-hailey disease segmental type 2,,,,DERMO:0000065,,False
DERMO:0003345,chronic mucocutaneous candidiasis type 3,,CANDF3,,DERMO:0000708,,False
DERMO:0003346,late-onset chronic mucocutaneous candidiasis,,late-onset CMC,,DERMO:0000708,,False
DERMO:0003347,familial chronic nail candidiasis,,,,DERMO:0000708,,False
DERMO:0003348,chronic mucocutaneous candidiasis associated with keratitis,,,,DERMO:0000708,,False
DERMO:0003349,chronic mucocutaneous candidiasis associated with other immunodeficiency disorders,,,,DERMO:0000708,,False
DERMO:0003350,chronic mucocutaneous candidiasis associated with predominantly non-immunologic conditions,,,,DERMO:0000708,,False
DERMO:0003351,cartilage-hair hypoplasia syndrome,,CHH|mckusick-type metaphyseal chondrodysplasia,"SNOMEDCT_US_2015_03_01:7720002 ""cartilage-hair hypoplasia syndrome""",DERMO:0003287,,False
DERMO:0003352,complement disorder,,,,DERMO:0003287,,False
DERMO:0003353,primary immunoglobulin deficiency disorder,,,,DERMO:0003287,,False
DERMO:0003354,agammaglobulinemia,,,"SNOMEDCT_US_2015_03_01:81282009 ""agammaglobulinemia""|SNOMEDCT_US_2015_03_01:119249001 ""agammaglobulinemia""|SNOMEDCT_US_2015_03_01:190977001 ""agammaglobulinemia""|SNOMEDCT_US_2015_03_01:267512002 ""agammaglobulinemia""|DOID:2583 ""agammaglobulinemia""|HP:0004432 ""agammaglobulinemia""",DERMO:0003364,,False
DERMO:0003355,x-linked agammaglobulinemia,,,"SNOMEDCT_US_2015_03_01:65880007 ""x-linked agammaglobulinemia""",DERMO:0003354,,False
DERMO:0003356,autosomal recessive agammaglobulinemia,,,,DERMO:0003354,,False
DERMO:0003357,common variable immunodeficiency,,CVID,"SNOMEDCT_US_2015_03_01:191010004 ""common variable immunodeficiency""|SNOMEDCT_US_2015_03_01:23238000 ""common variable immunodeficiency""|DERMLEX:1992 ""common variable immunodeficiency""|DOID:12177 ""common variable immunodeficiency""|ICD10:D83 ""common variable immunodeficiency""",DERMO:0003363,,False
DERMO:0003358,selective IgA deficiency,,,"MP:0002541 ""selective iga deficiency""",DERMO:0003363,,False
DERMO:0003359,hyper-IgM syndrome,,,,DERMO:0003363,,False
DERMO:0003360,x-linked hyper-IgM syndrome,,,"SNOMEDCT_US_2015_03_01:403835002 ""x-linked hyper-igm syndrome""|DOID:0060022 ""x-linked hyper-igm syndrome""",DERMO:0003359,,False
DERMO:0003361,autosomal recessive hyper-IgM syndrome,,,"SNOMEDCT_US_2015_03_01:403836001 ""autosomal recessive hyper-igm syndrome""",DERMO:0003359,,False
DERMO:0003362,autosomal dominant agammaglobulinemia,,,,DERMO:0003354,,False
DERMO:0003363,defective class switch recombination disorder,,,,DERMO:0003353,,False
DERMO:0003364,blocked B-cell differentiation disorder,,,,DERMO:0003353,,False
DERMO:0003365,selective IgM deficiency,,,,DERMO:0003363,,False
DERMO:0003366,defective B-cell negative selection disorder,,,,DERMO:0003353,,False
DERMO:0003367,ICF syndrome,,"immunodeficiency, centromeric instability, and facial anomalies syndrome",,DERMO:0003366,,False
DERMO:0003368,aberrant chemokine signalling disorder,,,,DERMO:0003353,,False
DERMO:0003369,delayed maturation of helper T-cells disorder,,,,DERMO:0003353,,False
DERMO:0003370,transient hypogammaglobulinemia of infancy,,,"SNOMEDCT_US_2015_03_01:88714009 ""transient hypogammaglobulinemia of infancy""|DOID:624 ""transient hypogammaglobulinemia of infancy""|HP:0005432 ""transient hypogammaglobulinemia of infancy""",DERMO:0003369,,False
DERMO:0003371,severe combined immunodeficiency syndrome,,alymphocytosis|glanzmann-riniker syndrome|SCID|severe combined immunodeficiency|severe mixed immunodeficiency syndrome|thymic alymphocytosis,"DERMLEX:1955 ""severe combined immunodeficienc""|DOID:627 ""severe combined immunodeficiency syndrome""|HP:0004430 ""severe combined immunodeficiency syndrome""|MP:0002536 ""severe combined immunodeficiency syndrome""",DERMO:0003287,,False
DERMO:0003372,x-linked severe combined immunodeficiency syndrome,,,,DERMO:0003375,,False
DERMO:0003373,JAK3 deficiency,,,,DERMO:0003375,,False
DERMO:0003374,IL-7 receptor deficiency,,,,DERMO:0003375,,False
DERMO:0003375,SCID caused by cytokine signalling,,,,DERMO:0003371,,False
DERMO:0003376,SCID caused by defects in purine pathway enzymes,,,,DERMO:0003371,,False
DERMO:0003377,adenosine deaminase deficiency,,ADA deficiency,"SNOMEDCT_US_2015_03_01:190738006 ""adenosine deaminase deficiency""|SNOMEDCT_US_2015_03_01:190999009 ""adenosine deaminase deficiency""|SNOMEDCT_US_2015_03_01:44940001 ""adenosine deaminase deficiency""|DERMLEX:1969 ""adenosine deaminase deficiency""|DOID:5810 ""adenosine deaminase deficiency""",DERMO:0003376,,False
DERMO:0003378,purine nucleoside phosphorylase deficiency,,PNP deficiency,"SNOMEDCT_US_2015_03_01:60743005 ""purine nucleoside phosphorylase deficiency""|SNOMEDCT_US_2015_03_01:191000008 ""purine nucleoside phosphorylase deficiency""|DOID:5813 ""purine nucleoside phosphorylase deficiency""",DERMO:0003376,,False
DERMO:0003379,SCID caused by disruption of mitochondrial energy production,,,,DERMO:0003371,,False
DERMO:0003380,reticular dysgenesis,,aleukocytosis,"SNOMEDCT_US_2015_03_01:111584000 ""reticular dysgenesis""|DOID:0060020 ""reticular dysgenesis""|OMIM:103020 ""reticular dysgenesis""",DERMO:0003379,,False
DERMO:0003381,SCID caused by defects in B- or T-cell receptors,,,,DERMO:0003371,,False
DERMO:0003382,artemis deficiency,,,"DOID:0060006 ""artemis deficiency""",DERMO:0003381,,False
DERMO:0003383,PRKDC deficiency,,,,DERMO:0003381,,False
DERMO:0003384,LIG4 syndrome,,,"DOID:0060021 ""lig4 syndrome""|OMIM:601837 ""lig4 syndrome""",DERMO:0003381,,False
DERMO:0003385,NEHJ1 deficiency,,,,DERMO:0003381,,False
DERMO:0003386,T-cell receptor deficiency,,,,DERMO:0003381,,False
DERMO:0003387,SCID caused by disruption in actin polymerisation,,,,DERMO:0003371,,False
DERMO:0003388,coronin 1A deficiency,,,,DERMO:0003387,,False
DERMO:0003389,CD45 deficiency,,,"DOID:0060014 ""cd45 deficiency""",DERMO:0003381,,False
DERMO:0003390,ZAP-70 deficiency,,,,DERMO:0003381,,False
DERMO:0003391,CD8 deficiency,,,,DERMO:0003381,,False
DERMO:0003392,calcium channel deficiency,,,,DERMO:0003381,,False
DERMO:0003393,SCID caused by antigen presentation defects,,,,DERMO:0003371,,False
DERMO:0003394,MHC class 2 deficiency,,,,DERMO:0003393,,False
DERMO:0003395,MHC class 1 deficiency,,,,DERMO:0003393,,False
DERMO:0003396,SCID caused by defective thymic development,,,,DERMO:0003371,,False
DERMO:0003397,winged helix nude deficiency,,forkhead box N1 deficiency,,DERMO:0003396,,False
DERMO:0003398,neurocutaneous disorder,,phakomatosis,,DERMO:0000002,,False
DERMO:0003399,segmental neurofibromatosis type 1,,neurofibromatosis type 5|NF5,,DERMO:0000575|DERMO:0003401,,False
DERMO:0003400,genodermatosis with mosaicism or linear lesions,,,,DERMO:0000002,,False
DERMO:0003401,x-linked disorder with mosaicism,,,,DERMO:0003400,,False
DERMO:0003402,MIDAS syndrome,,"microphthalmia with linear skin defects|microphthalmia, dermal aplasia, sclerocornea syndrome|MLS syndrome",,DERMO:0003401,,False
DERMO:0003403,incontinentia pigmenti stage 1,,inflammatory/vesicular incontinentia pigmenti,,DERMO:0000324,,False
DERMO:0003404,incontinentia pigmenti stage 2,,verrucous incontinentia pigmenti,,DERMO:0000324,,False
DERMO:0003405,incontinentia pigmenti stage 4,,hypopigmented/atrophic incontinentia pigmenti,,DERMO:0000324,,False
DERMO:0003406,x-linked hypohidrotic ectodermal dysplasia,,,"DERMLEX:3091 ""anhidrotic ectodermal dysplasi""",DERMO:0000093|DERMO:0003401,,False
DERMO:0003407,autosomal dominany disorder with mosaicism,,,,DERMO:0003400,,False
DERMO:0003408,epidermolytic verrucous epidermal nevus,,,,DERMO:0003289|DERMO:0003407,,False
DERMO:0003409,unilateral palmoplantar verrucous epidermal nevus,,,,DERMO:0003407,,False
DERMO:0003410,non-epidermolytic verrucous epidermal nevus,,,,DERMO:0003407,,False
DERMO:0003411,linear darier disease,,acantholytic dyskeratotic epidermal nevus,,DERMO:0000064|DERMO:0003407,,False
DERMO:0003412,linear hailey-hailey disease,,relapsing linear acantholytic dermatosis,,DERMO:0000065|DERMO:0003407,,False
DERMO:0003413,linear inflammatory disorder,,,,DERMO:0003400,,False
DERMO:0003414,linear psoriasis,,,,DERMO:0000124|DERMO:0003413,,False
DERMO:0003415,blaschkitis,,,,DERMO:0003413,,False
DERMO:0003416,lethal disorder rescued by mosaicism,,,,DERMO:0003400,,False
DERMO:0003417,non-epidermolytic epidermal nevus,,,,DERMO:0003416,,False
DERMO:0003418,sebaceous nevus,,,"SNOMEDCT_US_2015_03_01:1111000119100 ""sebaceous nevus""|SNOMEDCT_US_2015_03_01:52298009 ""sebaceous nevus""|SNOMEDCT_US_2015_03_01:707136009 ""sebaceous nevus""|HP:0010815 ""sebaceous nevus""",DERMO:0003416,,False
DERMO:0003419,epidermal nevus syndromes,,ENSs|jadassohn syndrome|nevus sebaceus syndrome|schimmelpenning-feuerstein-mims syndrome|solomon syndrome,,DERMO:0003416,,False
DERMO:0003420,porokeratotic eccrine ostial and dermal duct nevus,,PEODDN,"SNOMEDCT_US_2015_03_01:239118007 ""porokeratotic eccrine ostial and dermal duct nevus""",DERMO:0000805|DERMO:0003416,,False
DERMO:0003421,encephalocraniocutaneous lipomatosis,,haberland syndrome,"SNOMEDCT_US_2015_03_01:238905009 ""encephalocraniocutaneous lipomatosis""|DERMLEX:1247 ""encephalocraniocutaneous lipomatosis""",DERMO:0003416,,False
DERMO:0003422,oculocerebrocutaneous syndrome,,delleman-oorthuys syndrome,"DERMLEX:3448 ""oculocerebrocutaneous syndrome""",DERMO:0003416,,False
DERMO:0003423,chromosomal mosaicism disorder,,,,DERMO:0003400,,False
DERMO:0003424,disorder featuring tumorigenesis,,,,DERMO:0000002,,False
DERMO:0003425,lynch syndrome,,hereditary non-polyposis colorectal cancer syndrome|HNPCC syndrome,"SNOMEDCT_US_2015_03_01:315058005 ""lynch syndrome""|DOID:3883 ""lynch syndrome""",DERMO:0000583,,False
DERMO:0003426,enzyme deficiency associated with angiokeratoma corporis diffusum,,,,DERMO:0000518,,False
DERMO:0003427,aspartylglycosaminuria,,,"SNOMEDCT_US_2015_03_01:54954004 ""aspartylglycosaminuria""|DERMLEX:2908 ""aspartylglucosaminuria""|DOID:0050461 ""aspartylglycosaminuria""|MP:0011516 ""aspartylglycosaminuria""",DERMO:0003426,,False
DERMO:0003428,galactosialidosis,,,"SNOMEDCT_US_2015_03_01:35691006 ""galactosialidosis""|DERMLEX:2927 ""galactosialidosis""|OMIM:613111 ""galactosialidosis""",DERMO:0003426,,False
DERMO:0003429,GM1 gangliosidosis,,,"SNOMEDCT_US_2015_03_01:238025006 ""gm1 gangliosidosis""",DERMO:0003426,,False
DERMO:0003430,kanzaki disease,,,"DERMLEX:2637 ""fucosidosis""|OMIM:104170 ""kanzaki disease""",DERMO:0003426,,False
DERMO:0003431,B-Mannosidosis,,,,DERMO:0003426,,False
DERMO:0003432,sialidosis,,,"SNOMEDCT_US_2015_03_01:38795005 ""sialidosis""",DERMO:0003426,,False
DERMO:0003433,fucosidosis type 1,,,,DERMO:0000523,,False
DERMO:0003434,fucosidosis type 2,,,,DERMO:0000523,,False
DERMO:0003435,mitochondrial disorders,,oxidative phosphorylation defects|respiratory chain defects,,DERMO:0000517,,False
DERMO:0003436,niemann-pick disease type A,,,"SNOMEDCT_US_2015_03_01:52165006 ""niemann-pick disease type a""|DOID:14504 ""niemann-pick disease type a""",DERMO:0000534,,False
DERMO:0003437,niemann-pick disease type B,,,"SNOMEDCT_US_2015_03_01:39390005 ""niemann-pick disease type b""|DOID:14504 ""niemann-pick disease type b""",DERMO:0000534,,False
DERMO:0003438,metageria,,,"SNOMEDCT_US_2015_03_01:238871000 ""metageria""|DERMLEX:3310 ""acrogeria""",DERMO:0000644,,False
DERMO:0003439,classic ectodermal dysplasia,,,,DERMO:0000006,,False
DERMO:0003440,p63-related ectodermal dysplasia syndrome,,,,DERMO:0000006,,False
DERMO:0003441,developmental anomaly,,,"SNOMEDCT_US_2015_03_01:21390004 ""developmental anomaly""",DERMO:0000001,,False
DERMO:0003442,developmental anomaly of the scalp,,,,DERMO:0003441,,False
DERMO:0003443,sinus pericranii,,,"SNOMEDCT_US_2015_03_01:204019000 ""sinus pericranii""|SNOMEDCT_US_2015_03_01:253099001 ""sinus pericranii""|SNOMEDCT_US_2015_03_01:50751005 ""sinus pericranii""|DERMLEX:4692 ""sinus pericranii""",DERMO:0003442,,False
DERMO:0003444,congenital sinus pericranii,,,,DERMO:0003443,,False
DERMO:0003445,acquired sinus pericranii,,,,DERMO:0003443,,False
DERMO:0003446,midline nasal lesion,,,,DERMO:0003442,,False
DERMO:0003447,midline lesion of the scalp,,,,DERMO:0003442,,False
DERMO:0003448,cephalocele,,,"SNOMEDCT_US_2015_03_01:204019000 ""cephalocele""|SNOMEDCT_US_2015_03_01:55999004 ""cephalocele""|HP:0011815 ""cephalocele""",DERMO:0003442,,False
DERMO:0003449,cranial meningocele,,,"SNOMEDCT_US_2015_03_01:36010004 ""cranial meningocele""",DERMO:0003448,,False
DERMO:0003450,encephalocele,,,"SNOMEDCT_US_2015_03_01:156892004 ""encephalocele""|SNOMEDCT_US_2015_03_01:204019000 ""encephalocele""|SNOMEDCT_US_2015_03_01:55999004 ""encephalocele""|DERMLEX:1146 ""encephalocele""|HP:0002084 ""encephalocele""|ICD10:Q01 ""encephalocele""|MP:0010083 ""encephalocele""",DERMO:0003448,,False
DERMO:0003451,myelomeningocele,,,"SNOMEDCT_US_2015_03_01:7096005 ""myelomeningocele""|SNOMEDCT_US_2015_03_01:414667000 ""myelomeningocele""|DERMLEX:1151 ""myelomeningocele""|HP:0002475 ""myelomeningocele""|MP:0009929 ""myelomeningocele""",DERMO:0001504,,False
DERMO:0003452,nasal glioma,,brain-like heterotopia|glial hamartoma|heterotopic neuroglial tissue|nasal cerebral heterotopia|nasal heterotopic brain tissue,"SNOMEDCT_US_2015_03_01:5645008 ""nasal glioma""|DERMLEX:6651 ""nasal glioma""",DERMO:0001094|DERMO:0003442,DERMO:0001099|DERMO:0001100,False
DERMO:0003453,rudimentary meningocele,,heterotopic menigeal tissue|meningeal hamartoma|sequestrated meningocele,"DERMLEX:1150 ""rudimentary meningocele""",DERMO:0003442,,False
DERMO:0003454,atretic encephalocele,,,,DERMO:0003453,,False
DERMO:0003455,atretic meningocele,,,,DERMO:0003453,,False
DERMO:0003456,midline cervical cleft,,,"SNOMEDCT_US_2015_03_01:403557001 ""midline cervical cleft""",DERMO:0003441,,False
DERMO:0003457,sternal cleft,,,,DERMO:0003441,,False
DERMO:0003458,supraumbilical raphae,,,,DERMO:0003441,,False
DERMO:0003459,PHACE(S) syndrome,,"posterior fossa malformations; hemangiomas; arterial, cardiac and eye anomalies; sternal cleft/supraumbilical raphe syndrome",,DERMO:0000994,,False
DERMO:0003461,open spinal dysraphism,,,,DERMO:0001504,,False
DERMO:0003462,closed spinal dysraphism,,occult spinal dysraphism,,DERMO:0001504,,False
DERMO:0003463,diastematomyelia,,,"SNOMEDCT_US_2015_03_01:49351009 ""diastematomyelia""|ICD10:Q06.2 ""diastematomyelia""|MP:0012710 ""diastematomyelia""",DERMO:0003462,,False
DERMO:0003464,meningocele,,,"SNOMEDCT_US_2015_03_01:156890007 ""meningocele""|SNOMEDCT_US_2015_03_01:171131006 ""meningocele""|SNOMEDCT_US_2015_03_01:172069000 ""meningocele""|SNOMEDCT_US_2015_03_01:253110000 ""meningocele""|SNOMEDCT_US_2015_03_01:253121009 ""meningocele""|SNOMEDCT_US_2015_03_01:268308005 ""meningocele""|SNOMEDCT_US_2015_03_01:32941003 ""meningocele""|DERMLEX:1149 ""meningocele""|DOID:1088 ""meningocele""|HP:0002435 ""meningocele""|MP:0012259 ""meningocele""",DERMO:0003462,,False
DERMO:0003465,intraspinal lipoma,,,,DERMO:0003462,,False
DERMO:0003466,lipomyelo-meningocele,,,,DERMO:0003462,,False
DERMO:0003467,filum terminale,,,"SNOMEDCT_US_2015_03_01:13726009 ""filum terminale""|SNOMEDCT_US_2015_03_01:361344005 ""filum terminale""",DERMO:0003462,,False
DERMO:0003468,tight filum terminale,,,,DERMO:0003467,,False
DERMO:0003469,fatty filum terminale,,,,DERMO:0003467,,False
DERMO:0003470,dermal sinus,,,"SNOMEDCT_US_2015_03_01:200713004 ""dermal sinus""",DERMO:0003462,,False
DERMO:0003471,isolated posterior spina bifida,,,,DERMO:0003462,,False
DERMO:0003472,aplasia cutis congenita,,ACC|congenital absence of skin|congenital scars|cutis aplasia,"SNOMEDCT_US_2015_03_01:35484002 ""aplasia cutis congenita""|DERMLEX:3357 ""aplasia cutis congenita""|HP:0001057 ""aplasia cutis congenita""",DERMO:0003441,,False
DERMO:0003473,aplasia cutis congenita group 1,,,,DERMO:0003472,,False
DERMO:0003474,aplasia cutis congenita group 2,,,,DERMO:0003472,,False
DERMO:0003475,aplasia cutis congenita group 3,,,,DERMO:0003472,,False
DERMO:0003476,aplasia cutis congenita group 4,,,,DERMO:0003472,,False
DERMO:0003477,aplasia cutis congenita group 5,,,,DERMO:0003472,,False
DERMO:0003478,aplasia cutis congenita group 6,,,,DERMO:0003472,,False
DERMO:0003479,aplasia cutis congenita group 7,,,,DERMO:0003472,,False
DERMO:0003480,aplasia cutis congenita group 8,,,,DERMO:0003472,,False
DERMO:0003481,aplasia cutis congenita group 9,,,,DERMO:0003472,,False
DERMO:0003482,congenital lip pit,,lip sinus,,DERMO:0003441,,False
DERMO:0003483,commissural lip pit,,,"HP:0002710 ""commissural lip pit""",DERMO:0003482,,False
DERMO:0003484,upper lip pit,,midline sinuses of the upper lip,"HP:0100268 ""upper lip pit""",DERMO:0003482,,False
DERMO:0003485,lower lip pit,,congenital sinuses of the lower lip,"HP:0000196 ""lower lip pit""",DERMO:0003482,,False
DERMO:0003486,accessory tragi,,preauricular appendages|preauricular tags,"HP:0000384 ""accessory tragi""",DERMO:0003441,,False
DERMO:0003487,congenital cartilaginous rests of the neck,,cervical accessory tragi|wattles,,DERMO:0003441,,False
DERMO:0003488,branchial cleft disorder,,,,DERMO:0003441,,False
DERMO:0003489,branchial cleft sinus,,lateral cervical sinus,"SNOMEDCT_US_2015_03_01:7445000 ""branchial cleft sinus""|SNOMEDCT_US_2015_03_01:204264005 ""branchial cleft sinus""|SNOMEDCT_US_2015_03_01:253259008 ""branchial cleft sinus""",DERMO:0003488,,False
DERMO:0003490,branchial cleft fistula,,lateral cervical fistula,"SNOMEDCT_US_2015_03_01:7445000 ""branchial cleft fistula""|SNOMEDCT_US_2015_03_01:204268008 ""branchial cleft fistula""|HP:0009795 ""branchial cleft fistula""",DERMO:0003488,,False
DERMO:0003491,accessory mammary tissue,,,,DERMO:0003493,,False
DERMO:0003492,supernumery nipples,,accessory nipples|polymastia|polythelia|pseudomamma|supernumery breasts,"HP:0002558 ""supernumery nipples""",DERMO:0001489|DERMO:0003491,DERMO:0001498,False
DERMO:0003493,ectodermal/mammary tissue disorders,,,,DERMO:0003441,,False
DERMO:0003494,absent nipples,,amastia|athelia,"HP:0002561 ""absent nipples""",DERMO:0003493,,False
DERMO:0003495,hypoplastic nipples,,hypomastia,"HP:0002557 ""hypoplastic nipples""",DERMO:0003493,,False
DERMO:0003496,poland anomaly,,,"SNOMEDCT_US_2015_03_01:38371006 ""poland anomaly""",DERMO:0003441,,False
DERMO:0003497,skin dimple,,skin fossa,"SNOMEDCT_US_2015_03_01:301854006 ""skin dimple""",DERMO:0003441,,False
DERMO:0003498,congenital malformation of the dermatoglyphs,,congenital malformation of the fingerprints,,DERMO:0003441,,False
DERMO:0003499,ridge aplasia,,,,DERMO:0003498,,False
DERMO:0003500,ridge hypoplasia,,,,DERMO:0003498,,False
DERMO:0003501,ridge dissociation,,,,DERMO:0003498,,False
DERMO:0003502,ridges-off-the-end,,,,DERMO:0003498,,False
DERMO:0003503,rudimentary supernumery digits,,rudimentary polydactyly,,DERMO:0003441,,False
DERMO:0003504,amniotic band sequence and disorganization syndrome,,"ABS|ADAM complex|amniotic band syndrome|amniotic deformity, adhesions and mutilations complex|congenital constriction bands",,DERMO:0003441,,False
DERMO:0003505,NAME syndrome,,,"DOID:0050471 ""name syndrome""",DERMO:0000676,,False
DERMO:0003506,protein S disorder,,,,DERMO:0003196,,False
DERMO:0003507,acquired protein S disorder,,,,DERMO:0003506,,False
DERMO:0003508,congenital protein S disorder,,,,DERMO:0003506,,False
DERMO:0003509,antithrombin III deficiency type 1,,,,DERMO:0000641,,False
DERMO:0003510,antithrombin III deficiency type 2,,,,DERMO:0000641,,False
DERMO:0003511,crisponi syndrome,"Is cold-induced sweating syndrome when seen in infants. Characterized by a tendency to startle, and spiking fevers in infancy.",,"SNOMEDCT_US_2015_03_01:702363009 ""crisponi syndrome""",DERMO:0000631,,False
DERMO:0003512,chronic plaque psoriasis,"Plaque psoriasis is the most common presentation of psoriasis. It presents as small to large, well demarcated, red, scaly and thickened areas of skin. It most likely to affect elbows, knees, and lower back but may arise on any part of the body.",,,DERMO:0000124,,False
DERMO:0003513,guttate psoriasis,psoriais presenting in young people and adolescents as small (0.5-1.5 cm in diameter) lesions over the upper trunk and proximal extremities.,eruptive psoriasis,"SNOMEDCT_US_2015_03_01:156371008 ""guttate psoriasis""|SNOMEDCT_US_2015_03_01:267851002 ""guttate psoriasis""|SNOMEDCT_US_2015_03_01:37042000 ""guttate psoriasis""|DERMLEX:2076 ""guttate psoriasis""|UMLS_CUI:C0343052 ""gutatte psoriasis""",DERMO:0003512,,False
DERMO:0003514,erythrodermic psoriasis,psoriasis associated with erthroderma,,"SNOMEDCT_US_2015_03_01:200977004 ""erythrodermic psoriasis""|SNOMEDCT_US_2015_03_01:56210000 ""erythrodermic psoriasis""|DERMLEX:2077 ""erythrodermic psoriasis""",DERMO:0000432|DERMO:0003512,,False
DERMO:0003515,generalised pustular psoriasis,psoriasis presenting as widespread pustules on a background of red and tender skin. Widespread patches may occur randomly on any part of the body.,acute generalised pustular psoriasis of von Zumbusch,"SNOMEDCT_US_2015_03_01:238612002 ""generalised pustular psoriasis""|ICD10:L40.1 ""pustular psoriasis""|OMIM:614204 ""generalised pustular psoriasis""|UMLS_CUI:C0343055 ""generealized pustular psoriasis""",DERMO:0000692,,False
DERMO:0003516,pustulosis of the palms and soles,chronic pustular psoriasis affecting the palms and soles.,palmoplantar pustulosis|Pustulosis palmaris et plantaris,"ICD10:L40.3 ""pustulosis palmaris et plantaris""|UMLS_CUI:C0030246 ""pustulosis palmaris et plantaris""",DERMO:0000692,,False
DERMO:1000001,disease with secondary skin manifestation,,,,,,True
DERMO:1010000,mitochondiral disorder-induced reticulated hyperpigmentation,,,,DERMO:0000371,,False
DERMO:1010001,postinflammatory reticulated hyperpigmentation,,,,DERMO:0000371,,False
DERMO:1010002,drug-induced reticulated hyperpigmentation,,,,DERMO:0000371,,False
DERMO:1010003,genetic dyschromatosis disorder,,,,DERMO:0000380,,False
DERMO:1010004,dyschromatosis due to infection,,,,DERMO:0000380,,False
DERMO:1010005,ulerythema ophryogenes,"Facial follicular atrophy, with involvement of the outer eyebrows.",,"SNOMEDCT_US_2015_03_01:7719008 ""ulerythema ophryogenes""|SNOMEDCT_US_2015_03_01:400126005 ""ulerythema ophryogenes""",DERMO:0002541,,False
results_in,results in,"disorder of the hair shaft, follicle and associated structures",,"SNOMEDCT_US_2015_03_01:47429007 ""associated with""",DERMO:0000109,,False
